Registered custom model 'hosted_vllm/qwen38' with info: {'max_input_tokens': 524288, 'max_output_tokens': 8192, 'input_cost_per_token': 0.0, 'output_cost_per_token': 0.0, 'cache_creation_input_token_cost': 0, 'cache_read_input_token_cost': 0}
Registered custom model 'hosted_vllm/qwen38' with info: {'max_input_tokens': 524288, 'max_output_tokens': 8192, 'input_cost_per_token': 0.0, 'output_cost_per_token': 0.0, 'cache_creation_input_token_cost': 0, 'cache_read_input_token_cost': 0}
Registered custom model 'hosted_vllm/qwen38' with info: {'max_input_tokens': 524288, 'max_output_tokens': 8192, 'input_cost_per_token': 0.0, 'output_cost_per_token': 0.0, 'cache_creation_input_token_cost': 0, 'cache_read_input_token_cost': 0}
Registered custom model 'hosted_vllm/qwen38' with info: {'max_input_tokens': 524288, 'max_output_tokens': 8192, 'input_cost_per_token': 0.0, 'output_cost_per_token': 0.0, 'cache_creation_input_token_cost': 0, 'cache_read_input_token_cost': 0}
Installing: tmux, asciinema
Installing: tmux, asciinema
Both tmux and asciinema are already installed
Installing: tmux, asciinema
Detected system: {'os': 'debian-based', 'package_manager': 'apt-get', 'update_command': None}
Installing tools using apt-get: DEBIAN_FRONTEND=noninteractive apt-get update && DEBIAN_FRONTEND=noninteractive apt-get install -y tmux asciinema
Detected system: {'os': 'debian-based', 'package_manager': 'apt-get', 'update_command': None}
Installing tools using apt-get: DEBIAN_FRONTEND=noninteractive apt-get update && DEBIAN_FRONTEND=noninteractive apt-get install -y tmux asciinema
Starting recording.
Sending keys: ['asciinema rec --stdin /logs/agent/recording.cast', 'Enter'] min_timeout_sec: 1.0 max_timeout_sec: 180.0
Detected system: {'os': 'debian-based', 'package_manager': 'apt-get', 'update_command': None}
Installing tools using apt-get: DEBIAN_FRONTEND=noninteractive apt-get update && DEBIAN_FRONTEND=noninteractive apt-get install -y tmux asciinema
Sending keys: ['clear', 'Enter'] min_timeout_sec: 0.0 max_timeout_sec: 180.0
Parser warnings: - Extra text detected before JSON object
Sending keys: ['ls -la /app/\n'] min_timeout_sec: 0.5 max_timeout_sec: 180.0
Sending keys: ['head -c 2000 /app/demo_metadata.csv\n'] min_timeout_sec: 0.5 max_timeout_sec: 180.0
Sending keys: ['python3 -c "import pandas as pd; df=pd.read_csv(\'/app/demo_metadata.csv\'); print(df.shape); print(df.columns.tolist()); print(df.head())"\n'] min_timeout_sec: 1.0 max_timeout_sec: 180.0
Trajectory dumped to /home/ubuntu/tb21/jobs/tb21c-8x512k-hyd-p1-s3/sam-cell-seg__GyBttaA/agent/trajectory.json
Parser warnings: - Extra text detected before JSON object
Sending keys: ['which python3 python; python3 --version\n'] min_timeout_sec: 0.5 max_timeout_sec: 180.0
Starting recording.
Sending keys: ['asciinema rec --stdin /logs/agent/recording.cast', 'Enter'] min_timeout_sec: 1.0 max_timeout_sec: 180.0
Sending keys: ['pip list 2>/dev/null | grep -iE "pandas|numpy|torch|mobile|opencv|Pillow|tqdm" \n'] min_timeout_sec: 2.0 max_timeout_sec: 180.0
Sending keys: ['clear', 'Enter'] min_timeout_sec: 0.0 max_timeout_sec: 180.0
Sending keys: ['find / -name "mobile_sam" -type d 2>/dev/null\n'] min_timeout_sec: 2.0 max_timeout_sec: 180.0
Trajectory dumped to /home/ubuntu/tb21/jobs/tb21c-8x512k-hyd-p1-s3/sam-cell-seg__GyBttaA/agent/trajectory.json
Starting recording.
Sending keys: ['asciinema rec --stdin /logs/agent/recording.cast', 'Enter'] min_timeout_sec: 1.0 max_timeout_sec: 180.0
Sending keys: ['clear', 'Enter'] min_timeout_sec: 0.0 max_timeout_sec: 180.0
Sending keys: ['ls -la /app/\n'] min_timeout_sec: 0.1 max_timeout_sec: 180.0
Sending keys: ['cat /app/eval.py\n'] min_timeout_sec: 0.1 max_timeout_sec: 180.0
Sending keys: ['cat /app/model_ref.xml\n'] min_timeout_sec: 0.1 max_timeout_sec: 180.0
Trajectory dumped to /home/ubuntu/tb21/jobs/tb21c-8x512k-hyd-p1-s3/tune-mjcf__53H7cNW/agent/trajectory.json
Starting recording.
Sending keys: ['asciinema rec --stdin /logs/agent/recording.cast', 'Enter'] min_timeout_sec: 1.0 max_timeout_sec: 180.0
Sending keys: ['clear', 'Enter'] min_timeout_sec: 0.0 max_timeout_sec: 180.0
Parser warnings: - Extra text detected before JSON object
Sending keys: ['ls -la /app\n'] min_timeout_sec: 0.1 max_timeout_sec: 180.0
Sending keys: ['cat /app/sequences.fasta\n'] min_timeout_sec: 0.1 max_timeout_sec: 180.0
Trajectory dumped to /home/ubuntu/tb21/jobs/tb21c-8x512k-hyd-p1-s3/dna-assembly__A6y8ZL7/agent/trajectory.json
Parser warnings: - Extra text detected before JSON object
Sending keys: ['python3 -m pip list 2>/dev/null | grep -iE "pandas|numpy|torch|mobile|opencv|Pillow|tqdm|segment"\n'] min_timeout_sec: 2.0 max_timeout_sec: 180.0
Sending keys: ['ls -la /app /app/deps 2>&1 | head -100\n'] min_timeout_sec: 0.1 max_timeout_sec: 180.0
Sending keys: ["find / -maxdepth 4 -iname '*pov*' 2>/dev/null | head -100\n"] min_timeout_sec: 1.0 max_timeout_sec: 180.0
Sending keys: ['python3 -c "import site,sys; print(sys.executable); print(sys.path)"\n'] min_timeout_sec: 1.0 max_timeout_sec: 180.0
Sending keys: ['cat /etc/os-release; gcc --version; make --version | head -3; wget --version | head -1; curl --version | head -1\n'] min_timeout_sec: 0.1 max_timeout_sec: 180.0
Sending keys: ['find / -iname "mobile_sam*" 2>/dev/null; echo \'---WEIGHTS---\'; find / -iname "*.pt" 2>/dev/null | head; find / -iname "*sam*.pt" 2>/dev/null | head\n'] min_timeout_sec: 3.0 max_timeout_sec: 180.0
Trajectory dumped to /home/ubuntu/tb21/jobs/tb21c-8x512k-hyd-p1-s3/build-pov-ray__jCfeQAo/agent/trajectory.json
Trajectory dumped to /home/ubuntu/tb21/jobs/tb21c-8x512k-hyd-p1-s3/sam-cell-seg__GyBttaA/agent/trajectory.json
Parser warnings: - Extra text detected before JSON object
Sending keys: ['ls /usr/local/lib/python3.11/site-packages/ | head -60\n'] min_timeout_sec: 0.5 max_timeout_sec: 180.0
Sending keys: ['python3 -m pip list 2>&1 | head -50\n'] min_timeout_sec: 2.0 max_timeout_sec: 180.0
Sending keys: ['ls /opt 2>/dev/null; echo \'---\'; find / -name "activate" 2>/dev/null | grep -iE "conda|venv" | head; echo \'---CONDA---\'; which conda 2>/dev/null; echo \'---PIP CONFIG---\'; python3 -m pip config list 2>&1 | head\n'] min_timeout_sec: 2.0 max_timeout_sec: 180.0
Trajectory dumped to /home/ubuntu/tb21/jobs/tb21c-8x512k-hyd-p1-s3/sam-cell-seg__GyBttaA/agent/trajectory.json
Parser warnings: - Extra text detected before JSON object
Sending keys: ["ls /usr/bin/python* 2>/dev/null; echo '---'; /usr/bin/python3.13 --version 2>/dev/null; /usr/bin/python3 --version 2>/dev/null\n"] min_timeout_sec: 0.5 max_timeout_sec: 180.0
Sending keys: ['apt-get update 2>&1 | tail -5\n'] min_timeout_sec: 30.0 max_timeout_sec: 180.0
Sending keys: ['find / -name "site-packages" -type d 2>/dev/null\n'] min_timeout_sec: 2.0 max_timeout_sec: 180.0
Sending keys: ['/usr/bin/python3.13 -m pip list 2>/dev/null | grep -iE "pandas|numpy|torch|mobile|opencv|Pillow|tqdm"\n'] min_timeout_sec: 2.0 max_timeout_sec: 180.0
Trajectory dumped to /home/ubuntu/tb21/jobs/tb21c-8x512k-hyd-p1-s3/sam-cell-seg__GyBttaA/agent/trajectory.json
Sending keys: ['python3 -c "import mujoco; print(mujoco.__version__)"\n'] min_timeout_sec: 1.0 max_timeout_sec: 180.0
Sending keys: ['pip show mujoco-elasticity 2>/dev/null; pip list 2>/dev/null | grep -i -E "mujoco|elastic"\n'] min_timeout_sec: 1.0 max_timeout_sec: 180.0
Sending keys: ['python3 -c "import mujoco, os; print(os.path.dirname(mujoco.__file__))"\n'] min_timeout_sec: 1.0 max_timeout_sec: 180.0
Trajectory dumped to /home/ubuntu/tb21/jobs/tb21c-8x512k-hyd-p1-s3/tune-mjcf__53H7cNW/agent/trajectory.json
Parser warnings: - Extra text detected before JSON object
Sending keys: ['/usr/bin/python3.13 -c "import sys; print(sys.path)"\n'] min_timeout_sec: 1.0 max_timeout_sec: 180.0
Sending keys: ['find / -name "dist-packages" -type d 2>/dev/null; echo \'---\'; ls /usr/lib/python3/dist-packages 2>/dev/null | head; ls /usr/local/lib/python3.13/dist-packages 2>/dev/null | head\n'] min_timeout_sec: 2.0 max_timeout_sec: 180.0
Sending keys: ['/usr/bin/python3.13 -m pip list 2>&1 | grep -iE "pandas|numpy|torch|mobile|opencv|Pillow|tqdm|segment"\n'] min_timeout_sec: 2.0 max_timeout_sec: 180.0
Sending keys: ['cd /app && python3 -c "import mujoco; m = mujoco.MjModel.from_xml_path(\'model_ref.xml\'); print(\'nbody\', m.nbody); print(\'njnt\', m.njnt); print(\'nq\', m.nq); print(\'ntimestep\', m.opt.timestep); print(\'nv\', m.nv); print(\'ngeom\', m.ngeom); print(\'neq\', m.neq); print(\'nnames_eq\', [m.eq_id2name(i) for i in range(m.neq)] if m.neq else [])"\n'] min_timeout_sec: 1.0 max_timeout_sec: 180.0
Trajectory dumped to /home/ubuntu/tb21/jobs/tb21c-8x512k-hyd-p1-s3/tune-mjcf__53H7cNW/agent/trajectory.json
Trajectory dumped to /home/ubuntu/tb21/jobs/tb21c-8x512k-hyd-p1-s3/sam-cell-seg__GyBttaA/agent/trajectory.json
Parser warnings: - Extra text detected before JSON object
Sending keys: ['ls /usr/local/lib/python3.13/dist-packages/ 2>/dev/null\n'] min_timeout_sec: 0.5 max_timeout_sec: 180.0
Sending keys: ['echo \'=== search numpy/torch/mobile ===\'; find /usr/local/lib/python3.13/dist-packages /usr/lib/python3/dist-packages -maxdepth 1 -iname "numpy*" -o -iname "torch*" -o -iname "mobile_sam*" -o -iname "pandas*" -o -iname "cv2*" 2>/dev/null\n'] min_timeout_sec: 1.0 max_timeout_sec: 180.0
Sending keys: ['/usr/bin/python3.13 -c "import numpy, torch, cv2, pandas; print(\'numpy\',numpy.__version__); print(\'torch\',torch.__version__); print(\'cv2\',cv2.__version__); print(\'pandas\',pandas.__version__)" 2>&1 | head -30\n'] min_timeout_sec: 5.0 max_timeout_sec: 180.0
Trajectory dumped to /home/ubuntu/tb21/jobs/tb21c-8x512k-hyd-p1-s3/sam-cell-seg__GyBttaA/agent/trajectory.json
Sending keys: ["curl -sI https://github.com 2>&1 | head -3; echo '---'; curl -sI https://sourceforge.net 2>&1 | head -3\n"] min_timeout_sec: 5.0 max_timeout_sec: 180.0
Trajectory dumped to /home/ubuntu/tb21/jobs/tb21c-8x512k-hyd-p1-s3/build-pov-ray__jCfeQAo/agent/trajectory.json
Sending keys: ['cd /app && python3 -c "\nimport mujoco\nm = mujoco.MjModel.from_xml_path(\'model_ref.xml\')\nprint(\'na\', m.na)\nprint(\'solver\', m.opt.solver)\nprint(\'iterations\', m.opt.iterations)\nprint(\'ls_iterations\', m.opt.ls_iterations)\nprint(\'tolerance\', m.opt.tolerance)\nprint(\'integrator\', m.opt.integrator)\nprint(\'cone\', m.opt.cone)\nprint(\'disableflags\', m.opt.disableflags)\nprint(\'jnt types\', [m.jnt_type[i] for i in range(m.njnt)])\nprint(\'eq types\', [m.eq_type[i] for i in range(m.neq)])\n"\n'] min_timeout_sec: 1.0 max_timeout_sec: 180.0
Sending keys: ['cd /app && python3 -c "\nimport mujoco\nm = mujoco.MjModel.from_xml_path(\'model_ref.xml\')\nmujoco.mj_saveLastXML(\'/tmp/ref_dump.xml\', m)\n" && wc -l /tmp/ref_dump.xml && head -60 /tmp/ref_dump.xml\n'] min_timeout_sec: 1.0 max_timeout_sec: 180.0
Trajectory dumped to /home/ubuntu/tb21/jobs/tb21c-8x512k-hyd-p1-s3/tune-mjcf__53H7cNW/agent/trajectory.json
Sending keys: ['DEBIAN_FRONTEND=noninteractive apt-get install -y build-essential flex bison zlib1g-dev libncurses5-dev libncursesw5-dev libjpeg-dev libtiff-dev libpng-dev libfreetype-dev pkg-config file 2>&1 | tail -15\n'] min_timeout_sec: 60 max_timeout_sec: 180.0
Parser warnings: - Extra text detected before JSON object
Sending keys: ["df -h /; echo '---CPU---'; nproc; echo '---MEM---'; free -h 2>/dev/null | head\n"] min_timeout_sec: 0.5 max_timeout_sec: 180.0
Sending keys: ["timeout 15 curl -sI https://pypi.org 2>&1 | head -5; echo '---GH---'; timeout 15 curl -sI https://github.com 2>&1 | head -5\n"] min_timeout_sec: 20.0 max_timeout_sec: 180.0
Trajectory dumped to /home/ubuntu/tb21/jobs/tb21c-8x512k-hyd-p1-s3/build-pov-ray__jCfeQAo/agent/trajectory.json
Sending keys: ['head -40 /app/deps/illum1.pov\n'] min_timeout_sec: 0.1 max_timeout_sec: 180.0
Sending keys: ["echo '=== povray.org ==='; curl -sL -o /dev/null -w '%{http_code} %{url_effective}\\n' 'http://www.povray.org/download/'; echo '=== sourceforge list ==='; curl -sI 'https://sourceforge.net/projects/povray/files/' 2>&1 | head -2\n"] min_timeout_sec: 10.0 max_timeout_sec: 180.0
Sending keys: ["echo '=== github search api ==='; curl -s 'https://api.github.com/search/repositories?q=povray-2.2' 2>&1 | grep -i full_name | head -20\n"] min_timeout_sec: 10.0 max_timeout_sec: 180.0
Sending keys: ["cd /app && cat > /tmp/exp.py << 'PYEOF'\nimport time, mujoco, numpy as np\n\nm_ref = mujoco.MjModel.from_xml_path('model_ref.xml')\nprint('nq',m_ref.nq,'nv',m_ref.nv,'na',m_ref.na,'ngeom',m_ref.ngeom,'neq',m_ref.neq)\nprint('timestep', m_ref.opt.timestep, 'solver', m_ref.opt.solver, 'iters', m_ref.opt.iterations, 'ls', m_ref.opt.ls_iterations, 'tol', m_ref.opt.tolerance, 'intg', m_ref.opt.integrator)\nprint('njnt', m_ref.njnt, 'nq acc... nbody', m_ref.nbody)\n\nFULL = mujoco.mjtState.mjSTATE_FULLPHYSICS\ndef simulate(model, seed, total=2.0):\n    data = mujoco.MjData(model)\n    nstep = int(total/model.opt.timestep)\n    rng = np.random.default_rng(seed)\n    data.qpos += rng.normal(0,0.01,size=data.qpos.shape)\n    mujoco.mj_forward(model,data)\n    for _ in range(nstep):\n        mujoco.mj_step(model,data)\n    st = np.zeros(mujoco.mj_stateSize(model,FULL))\n    mujoco.mj_getState(model,data,st,FULL)\n    return st\n\ndef timing(model, seed, total=2.0):\n    data = mujoco.MjData(model)\n    nstep = int(total/model.opt.timestep)\n    rng = np.random.default_rng(seed)\n    data.qpos += rng.normal(0,0.01,size=data.qpos.shape)\n    mujoco.mj_forward(model,data)\n    t0=time.perf_counter()\n    for _ in range(nstep):\n        mujoco.mj_step(model,data)\n    return time.perf_counter()-t0, data\n\n# baseline timing\nfor seed in [42]:\n    t,data = timing(m_ref, seed)\n    print('ref seed',seed,'time',round(t,4))\n    print('  ncon active last step', data.ncon, ' nconmax', data.ncon_max if hasattr(data,'ncon_max') else '?')\n    print('  ncon (contacts) during', )\n    # recount\n\ncounts=[]\ndata = mujoco.MjData(m_ref)\nseed=42; rng=np.random.default_rng(seed); data.qpos += rng.normal(0,0.01,size=data.qpos.shape); mujoco.mj_forward(m_ref,data)\nfor _ in range(200):\n    mujoco.mj_step(m_ref,data)\n    counts.append(data.ncon)\nprint('contacts ncon first 200 steps:', counts[:10], '... mean', np.mean(counts), 'max', np.max(counts))\nPYEOF\npython3 /tmp/exp.py\n"] min_timeout_sec: 3.0 max_timeout_sec: 180.0
Sending keys: ["timeout 20 curl -sI https://dl.fbaipublicfiles.com 2>&1 | head -3; echo '---huggingface---'; timeout 20 curl -sI https://huggingface.co 2>&1 | head -3\n"] min_timeout_sec: 25.0 max_timeout_sec: 180.0
Trajectory dumped to /home/ubuntu/tb21/jobs/tb21c-8x512k-hyd-p1-s3/tune-mjcf__53H7cNW/agent/trajectory.json
Trajectory dumped to /home/ubuntu/tb21/jobs/tb21c-8x512k-hyd-p1-s3/build-pov-ray__jCfeQAo/agent/trajectory.json
Sending keys: ["echo '=== SF povray files tree ==='; curl -s 'https://sourceforge.net/projects/povray/files/' -L 2>&1 | grep -oE 'pov[a-z]*[0-9.]*[-_]?[a-z]*\\.(tar\\.gz|tgz|zip|tar\\.bz2)' | sort -u | head -40\n"] min_timeout_sec: 10.0 max_timeout_sec: 180.0
Trajectory dumped to /home/ubuntu/tb21/jobs/tb21c-8x512k-hyd-p1-s3/sam-cell-seg__GyBttaA/agent/trajectory.json
Sending keys: ['echo \'=== SF RSS files ===\'; curl -s \'https://sourceforge.net/projects/povray/rss?path=/\' -L 2>&1 | grep -oE \'href="[^"]+"\' | head -60\n'] min_timeout_sec: 10.0 max_timeout_sec: 180.0
Trajectory dumped to /home/ubuntu/tb21/jobs/tb21c-8x512k-hyd-p1-s3/build-pov-ray__jCfeQAo/agent/trajectory.json
Sending keys: ["cd /app && cat > /tmp/exp2.py << 'PYEOF'\nimport time, copy, mujoco, numpy as np\nm_ref = mujoco.MjModel.from_xml_path('model_ref.xml')\nFULL = mujoco.mjtState.mjSTATE_FULLPHYSICS\ndef simulate(model, seed, total=2.0):\n    data = mujoco.MjData(model)\n    nstep = int(total/model.opt.timestep)\n    rng = np.random.default_rng(seed)\n    data.qpos += rng.normal(0,0.01,size=data.qpos.shape)\n    mujoco.mj_forward(model,data)\n    for _ in range(nstep):\n        mujoco.mj_step(model,data)\n    st = np.zeros(mujoco.mj_stateSize(model,FULL))\n    mujoco.mj_getState(model,data,st,FULL)\n    return st\ndef timing(model, seed, total=2.0):\n    data = mujoco.MjData(model)\n    nstep = int(total/model.opt.timestep)\n    rng = np.random.default_rng(seed)\n    data.qpos += rng.normal(0,0.01,size=data.qpos.shape)\n    mujoco.mj_forward(model,data)\n    t0=time.perf_counter()\n    for _ in range(nstep):\n        mujoco.mj_step(model,data)\n    return time.perf_counter()-t0\nfor seed in [1,100,500,999]:\n    data = mujoco.MjData(m_ref); rng=np.random.default_rng(seed)\n    data.qpos += rng.normal(0,0.01,size=data.qpos.shape); mujoco.mj_forward(m_ref,data)\n    mx=0\n    for _ in range(1000):\n        mujoco.mj_step(m_ref,data); mx=max(mx,data.ncon)\n    print('seed',seed,'max ncon over 1000 steps', mx)\nref_states = {s: simulate(m_ref, s) for s in [1,100,500,999]}\nvariants = {\n  'iters100': dict(),\n  'iters50': dict(iterations=50),\n  'iters20': dict(iterations=20),\n  'iters10': dict(iterations=10),\n  'iters5':  dict(iterations=5),\n  'iters3':  dict(iterations=3),\n  'tol1e-6': dict(tolerance=1e-6),\n  'tol1e-4': dict(tolerance=1e-4),\n  'ls20':    dict(ls_iterations=20),\n  'ls5':     dict(ls_iterations=5),\n  'pgs':     dict(solver=0),\n  'pgs10':   dict(solver=0, iterations=10),\n}\nseeds=[1,100,500,999]\nfor name, kv in variants.items():\n    m = copy.deepcopy(m_ref)\n    for k,v in kv.items():\n        setattr(m.opt, k, v)\n    times=[]; diffs=[]\n    for s in seeds:\n        t=timing(m,s); times.append(t)\n        st=simulate(m,s); diffs.append(np.max(np.abs(st-ref_states[s])))\n    print(f'{name:10s} t={np.mean(times):.4f}  maxdiff={np.max(diffs):.3e}')\nprint('baseline ref t per seed:', [round(timing(m_ref,s),4) for s in seeds])\nPYEOF\npython3 /tmp/exp2.py\n"] min_timeout_sec: 25.0 max_timeout_sec: 180.0
Sending keys: ['for f in povray-2.2.tar.gz povray-2.2.tar.bz2 povray22.tar.gz povray-2.2.zip povray-2.2.0.tar.gz; do echo -n "$f -> "; curl -sIL -o /dev/null -w \'%{http_code} %{size_download}\\n\' "https://downloads.sourceforge.net/povray/$f"; done\n'] min_timeout_sec: 20.0 max_timeout_sec: 180.0
Trajectory dumped to /home/ubuntu/tb21/jobs/tb21c-8x512k-hyd-p1-s3/tune-mjcf__53H7cNW/agent/trajectory.json
Sending keys: ["echo '=== wayback availability povray download ==='; curl -s 'http://archive.org/wayback/available?url=povray.org/download' 2>&1 | head -c 500; echo\n"] min_timeout_sec: 15.0 max_timeout_sec: 180.0
Sending keys: ["echo '=== github code search povray 2.2 source ==='; curl -s 'https://api.github.com/search/repositories?q=povray+in:name&sort=stars&per_page=30' 2>&1 | grep -iE 'full_name|description' | head -40\n"] min_timeout_sec: 15.0 max_timeout_sec: 180.0
Trajectory dumped to /home/ubuntu/tb21/jobs/tb21c-8x512k-hyd-p1-s3/build-pov-ray__jCfeQAo/agent/trajectory.json
Sending keys: ['echo \'=== tags ===\'; curl -s \'https://api.github.com/repos/POV-Ray/povray/tags?per_page=100\' 2>&1 | grep -oE \'"name": "[^"]+"\' | head -40\n'] min_timeout_sec: 10.0 max_timeout_sec: 180.0
Sending keys: ['echo \'=== branches ===\'; curl -s \'https://api.github.com/repos/POV-Ray/povray/branches?per_page=100\' 2>&1 | grep -oE \'"name": "[^"]+"\' | head -40\n'] min_timeout_sec: 10.0 max_timeout_sec: 180.0
Sending keys: ["echo '=== wayback retry ==='; sleep 3; curl -s 'http://archive.org/wayback/available?url=povray.org/2.2' 2>&1 | head -c 400; echo\n"] min_timeout_sec: 15.0 max_timeout_sec: 180.0
Sending keys: ["cd /app && cat > /tmp/exp3.py << 'PYEOF'\nimport time, copy, mujoco, numpy as np\nm_ref = mujoco.MjModel.from_xml_path('model_ref.xml')\nFULL = mujoco.mjtState.mjSTATE_FULLPHYSICS\ndef simulate(model, seed, total=2.0):\n    data = mujoco.MjData(model)\n    nstep = int(total/model.opt.timestep)\n    rng = np.random.default_rng(seed)\n    data.qpos += rng.normal(0,0.01,size=data.qpos.shape)\n    mujoco.mj_forward(model,data)\n    for _ in range(nstep):\n        mujoco.mj_step(model,data)\n    st = np.zeros(mujoco.mj_stateSize(model,FULL))\n    mujoco.mj_getState(model,data,st,FULL)\n    return st, nstep\ndef timing(model, seed, total=2.0):\n    data = mujoco.MjData(model)\n    nstep = int(total/model.opt.timestep)\n    rng = np.random.default_rng(seed)\n    data.qpos += rng.normal(0,0.01,size=data.qpos.shape)\n    mujoco.mj_forward(model,data)\n    t0=time.perf_counter()\n    for _ in range(nstep):\n        mujoco.mj_step(model,data)\n    return time.perf_counter()-t0\nseeds=[1,100,500,999]\nref_states={s:simulate(m_ref,s)[0] for s in seeds}\nref_t=np.mean([timing(m_ref,s) for s in seeds])\nprint('ref avg t', round(ref_t,4), 'nstep', int(2.0/m_ref.opt.timestep))\n# INTEGRATOR: 0 Euler, 1 RK4, 4 semi-implicit euler?\nfor intg in [0,1]:\n  for dt in [0.002,0.004,0.005,0.008,0.01,0.02]:\n    m=copy.deepcopy(m_ref); m.opt.timestep=dt; m.opt.integrator=intg\n    ts=[];ds=[];ns=None\n    for s in seeds:\n        ts.append(timing(m,s)); st,ns=simulate(m,s); ds.append(np.max(np.abs(st-ref_states[s])))\n    ok='OK' if max(ds)<=1e-5 else 'BAD'\n    print(f'intg={intg} dt={dt} nstep={ns} t={np.mean(ts):.4f} ({np.mean(ts)/ref_t*100:.0f}%) maxdiff={max(ds):.2e} {ok}')\nPYEOF\npython3 /tmp/exp3.py\n"] min_timeout_sec: 30.0 max_timeout_sec: 180.0
Trajectory dumped to /home/ubuntu/tb21/jobs/tb21c-8x512k-hyd-p1-s3/build-pov-ray__jCfeQAo/agent/trajectory.json
Trajectory dumped to /home/ubuntu/tb21/jobs/tb21c-8x512k-hyd-p1-s3/tune-mjcf__53H7cNW/agent/trajectory.json
Sending keys: ['UA=\'Mozilla/5.0 (X11; Linux x86_64) Chrome/120.0 Safari/537.36\'; curl -s -A "$UA" \'https://sourceforge.net/projects/povray/files/\' -L 2>&1 | grep -oiE \'href="[^"]+"\' | grep -iE \'pov|\\.tar|\\.zip\' | sort -u | head -60\n'] min_timeout_sec: 15.0 max_timeout_sec: 180.0
Sending keys: ["curl -s -A 'Mozilla/5.0' 'https://sourceforge.net/projects/povray/files/rss?limit=200' -L 2>&1 | grep -oiE '<link>[^<]+|<title>[^<]+' | head -60\n"] min_timeout_sec: 15.0 max_timeout_sec: 180.0
Trajectory dumped to /home/ubuntu/tb21/jobs/tb21c-8x512k-hyd-p1-s3/build-pov-ray__jCfeQAo/agent/trajectory.json
Sending keys: ['UA=\'Mozilla/5.0 (X11; Linux x86_64) Chrome/120.0\'; curl -s -A "$UA" -o /tmp/sf.html -w \'HTTP %{http_code} size=%{size_download} url=%{url_effective}\\n\' \'https://sourceforge.net/projects/povray/files/\' -L; head -c 400 /tmp/sf.html; echo\n'] min_timeout_sec: 15.0 max_timeout_sec: 180.0
Sending keys: ["echo '=== CDX povray.org 2.2 source ==='; curl -s 'http://web.archive.org/cdx/search/cdx?url=povray.org/download*&output=text&fl=original&filter=original:.*2\\.2.*\\.(tar|zip).*&limit=200&collapse=urlkey' 2>&1 | head -40\n"] min_timeout_sec: 20.0 max_timeout_sec: 180.0
Trajectory dumped to /home/ubuntu/tb21/jobs/tb21c-8x512k-hyd-p1-s3/build-pov-ray__jCfeQAo/agent/trajectory.json
Parser warnings: - Extra text detected before JSON object
Sending keys: ['cd /app && python3 -m pip install --quiet torch torchvision --index-url https://download.pytorch.org/whl/cpu 2>&1 | tail -20\n'] min_timeout_sec: 60 max_timeout_sec: 180.0
Sending keys: ["cd /app && cat > /tmp/exp4.py << 'PYEOF'\nimport time, copy, mujoco, numpy as np\nm_ref = mujoco.MjModel.from_xml_path('model_ref.xml')\nFULL = mujoco.mjtState.mjSTATE_FULLPHYSICS\ndef simulate(model, seed, total=2.0):\n    data = mujoco.MjData(model)\n    nstep = int(total/model.opt.timestep)\n    rng = np.random.default_rng(seed)\n    data.qpos += rng.normal(0,0.01,size=data.qpos.shape)\n    mujoco.mj_forward(model,data)\n    for _ in range(nstep):\n        mujoco.mj_step(model,data)\n    st = np.zeros(mujoco.mj_stateSize(model,FULL))\n    mujoco.mj_getState(model,data,st,FULL)\n    return st\nrng = np.random.default_rng(0)\nseeds = [int(x) for x in rng.randint(0,10000,20)]\nprint('seeds', seeds)\nref_states={s:simulate(m_ref,s) for s in seeds}\nref_t=np.mean([ (lambda: (lambda d: (mujoco.mj_step(m_ref,d),1)[1])(mujoco.MjData(m_ref)))(s) for s in [] ] or [1])\n# time ref properly\nrt=[]\nfor s in seeds:\n    m=copy.deepcopy(m_ref); data=mujoco.MjData(m); rng2=np.random.default_rng(s)\n    data.qpos += rng2.normal(0,0.01,size=data.qpos.shape); mujoco.mj_forward(m,data)\n    nstep=int(2.0/m.opt.timestep); t0=time.perf_counter()\n    for _ in range(nstep): mujoco.mj_step(m,data)\n    rt.append(time.perf_counter()-t0)\nref_t=np.mean(rt)\nprint('ref avg t', round(ref_t,4))\nfor name,kv in [('pgs100',{'solver':0}),('pgs30',{'solver':0,'iterations':30}),('pgs20',{'solver':0,'iterations':20}),('pgs10',{'solver':0,'iterations':10}),('pgs5',{'solver':0,'iterations':5}),('pgs3',{'solver':0,'iterations':3}),('pgs2',{'solver':0,'iterations':2}),('pgs1',{'solver':0,'iterations':1})]:\n    m=copy.deepcopy(m_ref)\n    for k,v in kv.items(): setattr(m.opt,k,v)\n    ts=[];ds=[]\n    for s in seeds:\n        data=mujoco.MjData(m); rng2=np.random.default_rng(s)\n        data.qpos += rng2.normal(0,0.01,size=data.qpos.shape); mujoco.mj_forward(m,data)\n        nstep=int(2.0/m.opt.timestep); t0=time.perf_counter()\n        for _ in range(nstep): mujoco.mj_step(m,data)\n        ts.append(time.perf_counter()-t0)\n        st=simulate(m,s); ds.append(np.max(np.abs(st-ref_states[s])))\n    ok='OK' if max(ds)<=1e-5 else 'BAD'\n    print(f'{name:8s} t={np.mean(ts):.4f} ({np.mean(ts)/ref_t*100:.1f}%) maxdiff={max(ds):.2e} {ok}')\nPYEOF\npython3 /tmp/exp4.py\n"] min_timeout_sec: 60.0 max_timeout_sec: 180.0
Sending keys: ['for u in \'povray.org/download/2.2/povray22unix.tar.gz\' \'povray.org/download/source/2.2/POV-Ray-2.2-source.tar.gz\' \'povray.org/download/povray-2.2.tar.gz\' \'povray.org/download/povray-2.2.0.tar.gz\'; do echo "=== $u ==="; curl -s "http://web.archive.org/cdx/search/cdx?url=$u&output=text&fl=timestamp,statuscode,mimetype,length&limit=50" 2>&1 | head -20; done\n'] min_timeout_sec: 25.0 max_timeout_sec: 180.0
Trajectory dumped to /home/ubuntu/tb21/jobs/tb21c-8x512k-hyd-p1-s3/build-pov-ray__jCfeQAo/agent/trajectory.json
Sending keys: ['for u in \'povray.org/download/2.2/povray22unix.tar.gz\' \'povray.org/download/source/2.2/POV-Ray-2.2-source.tar.gz\' \'povray.org/download/povray-2.2.tar.gz\'; do echo "=== $u (200 only) ==="; curl -s "http://web.archive.org/cdx/search/cdx?url=$u&output=text&fl=timestamp,statuscode,mimetype,length&filter=statuscode:200&limit=60" 2>&1 | head -30; done\n'] min_timeout_sec: 25.0 max_timeout_sec: 180.0
Trajectory dumped to /home/ubuntu/tb21/jobs/tb21c-8x512k-hyd-p1-s3/sam-cell-seg__GyBttaA/agent/trajectory.json
Parser warnings: - Extra text detected before JSON object
Sending keys: ['python3 -c "import torch; print(\'torch\', torch.__version__, \'cuda\', torch.cuda.is_available())"\n'] min_timeout_sec: 3.0 max_timeout_sec: 180.0
Trajectory dumped to /home/ubuntu/tb21/jobs/tb21c-8x512k-hyd-p1-s3/tune-mjcf__53H7cNW/agent/trajectory.json
Sending keys: ['cd /app && python3 -m pip install --quiet numpy pandas opencv-python Pillow tqdm 2>&1 | tail -15\n'] min_timeout_sec: 60 max_timeout_sec: 180.0
Sending keys: ["echo '=== historical download/2.2 dir ==='; curl -s 'http://web.archive.org/cdx/search/cdx?url=povray.org/download/2.2/*&output=text&fl=original&collapse=urlkey&limit=100' 2>&1 | head -40\n"] min_timeout_sec: 20.0 max_timeout_sec: 180.0
Sending keys: ["cd /app && sed -i 's/rng.randint(0,10000,20)/rng.integers(0,10000,20)/' /tmp/exp4.py && python3 /tmp/exp4.py\n"] min_timeout_sec: 60.0 max_timeout_sec: 180.0
Trajectory dumped to /home/ubuntu/tb21/jobs/tb21c-8x512k-hyd-p1-s3/build-pov-ray__jCfeQAo/agent/trajectory.json
Sending keys: ['for u in \'povray.org/download/index.php?filename=povray-2.2-src.tar.gz\' \'povray.org/download/?action=download&fname=povray-2.2.tar.gz\' \'povray.org/download/?file=povray-2.2.tar.gz\'; do echo "=== $u ==="; curl -s "http://web.archive.org/cdx/search/cdx?url=$u&output=text&fl=timestamp,statuscode,mimetype,length&filter=mimetype:(application/octet-stream|application/gzip|application/x-gzip|application/x-tar|text/x-diff)&limit=40" 2>&1 | head -20; done\n'] min_timeout_sec: 25.0 max_timeout_sec: 180.0
Trajectory dumped to /home/ubuntu/tb21/jobs/tb21c-8x512k-hyd-p1-s3/sam-cell-seg__GyBttaA/agent/trajectory.json
Trajectory dumped to /home/ubuntu/tb21/jobs/tb21c-8x512k-hyd-p1-s3/tune-mjcf__53H7cNW/agent/trajectory.json
Parser warnings: - Extra text detected before JSON object
Sending keys: ["cd /app && python3 -m pip install --quiet 'git+https://github.com/ChaoningZhang/MobileSAM.git' 2>&1 | tail -20\n"] min_timeout_sec: 60 max_timeout_sec: 180.0
Sending keys: ["echo '=== IA search povray ==='; curl -s 'https://archive.org/advancedsearch.php?q=povray&fl[]=identifier&fl[]=title&rows=30&output=json' 2>&1 | head -c 1500; echo\n"] min_timeout_sec: 15.0 max_timeout_sec: 180.0
Trajectory dumped to /home/ubuntu/tb21/jobs/tb21c-8x512k-hyd-p1-s3/build-pov-ray__jCfeQAo/agent/trajectory.json
Sending keys: ["echo '=== binaries/source 2.2 (any) ==='; curl -s 'http://web.archive.org/cdx/search/cdx?url=povray.org/binaries/source*&output=text&fl=timestamp,original,statuscode,mimetype,length&limit=200' 2>&1 | grep -i '2\\.2' | head -40\n"] min_timeout_sec: 25.0 max_timeout_sec: 180.0
Trajectory dumped to /home/ubuntu/tb21/jobs/tb21c-8x512k-hyd-p1-s3/sam-cell-seg__GyBttaA/agent/trajectory.json
Sending keys: ['cd /app && python3 - << \'PYEOF\'\nimport re\nsrc = open(\'model_ref.xml\').read()\n# Insert option right after the <mujoco ...> opening tag\nopt = \'<option solver="PGS" iterations="50" timestep="0.002"/>\'\nsrc2 = re.sub(r\'(<mujoco model="Cable">)\', r\'\\1\\n  \' + opt, src, count=1)\nopen(\'model.xml\',\'w\').write(src2)\nprint(\'wrote model.xml\')\nPYEOF\nhead -12 /app/model.xml\n'] min_timeout_sec: 1.0 max_timeout_sec: 180.0
Trajectory dumped to /home/ubuntu/tb21/jobs/tb21c-8x512k-hyd-p1-s3/tune-mjcf__53H7cNW/agent/trajectory.json
Parser warnings: - Extra text detected before JSON object
Sending keys: ['python3 -c "import mobile_sam, os; p=os.path.dirname(mobile_sam.__file__); print(p); print([f for f in os.listdir(p)])"\n'] min_timeout_sec: 2.0 max_timeout_sec: 180.0
Sending keys: ['python3 -c "import mobile_sam; print([x for x in dir(mobile_sam) if not x.startswith(\'_\')])"\n'] min_timeout_sec: 2.0 max_timeout_sec: 180.0
Sending keys: ['grep -nE "def load_mobile_sam|def build_sam|def sam |class SamPredictor|def predict|def predict\x08" $(python3 -c "import mobile_sam,os;print(os.path.dirname(mobile_sam.__file__))")/*.py 2>/dev/null | head -40\n'] min_timeout_sec: 2.0 max_timeout_sec: 180.0
Trajectory dumped to /home/ubuntu/tb21/jobs/tb21c-8x512k-hyd-p1-s3/sam-cell-seg__GyBttaA/agent/trajectory.json
Sending keys: ['cd /app && python3 -c "import mujoco; m=mujoco.MjModel.from_xml_path(\'model.xml\'); print(\'loaded ok\'); print(\'solver\',m.opt.solver,\'iters\',m.opt.iterations,\'dt\',m.opt.timestep,\'intg\',m.opt.integrator); print(\'nq\',m.nq,\'nv\',m.nv,\'na\',m.na)"\n'] min_timeout_sec: 1.0 max_timeout_sec: 180.0
Sending keys: ['cd /app && time python3 eval.py\n'] min_timeout_sec: 45.0 max_timeout_sec: 180.0
Parser warnings: - Extra text detected before JSON object
Sending keys: ['MSAM=$(python3 -c "import os,importlib.util as u; print(os.path.dirname(u.find_spec(\'mobile_sam\').origin))" 2>/dev/null); echo "MSAM=$MSAM"; grep -rhoE "^\\s*(import|from)\\s+[a-zA-Z0-9_]+" $MSAM 2>/dev/null | grep -vE "import (os|sys|math|typing|functools|collections|copy|abc|json|argparse|itertools|contextlib|random|warnings|re|time|datetime|enum|pathlib|numbers|operator|__future__)|from (os|sys|math|typing|functools|collections|copy|abc|json|argparse|itertools|contextlib|random|warnings|re|time|datetime|enum|pathlib|numbers|operator|__future__)" | sort -u\n'] min_timeout_sec: 2.0 max_timeout_sec: 180.0
Sending keys: ["echo '=== broad 2.2 binary 200 on povray.org ==='; curl -s 'http://web.archive.org/cdx/search/cdx?url=povray.org*&output=text&fl=timestamp,original,statuscode,mimetype,length&filter=original:.*2\\.2.*&filter=statuscode:200&filter=mimetype:application/&limit=100' 2>&1 | head -40\n"] min_timeout_sec: 25.0 max_timeout_sec: 180.0
Sending keys: ['cd /app && python3 -m pip install --quiet timm einops 2>&1 | tail -8\n'] min_timeout_sec: 60 max_timeout_sec: 180.0
Trajectory dumped to /home/ubuntu/tb21/jobs/tb21c-8x512k-hyd-p1-s3/build-pov-ray__jCfeQAo/agent/trajectory.json
Trajectory dumped to /home/ubuntu/tb21/jobs/tb21c-8x512k-hyd-p1-s3/tune-mjcf__53H7cNW/agent/trajectory.json
Sending keys: ["echo '=== SF file listing pages (names) ==='; curl -s 'http://web.archive.org/cdx/search/cdx?url=sourceforge.net/projects/povray/files*&output=text&fl=timestamp,original&filter=original:.*2\\.2.*&collapse=urlkey&limit=60' 2>&1 | head -40\n"] min_timeout_sec: 25.0 max_timeout_sec: 180.0
Sending keys: ['cd /app && python3 eval.py 2>&1 | tail -6\n'] min_timeout_sec: 20.0 max_timeout_sec: 180.0
Parser warnings: - Extra text detected before JSON object
Sending keys: ["which primer3 oligotm python3 bc 2>&1; echo '---'; primer3 2>&1 | head -20\n"] min_timeout_sec: 0.5 max_timeout_sec: 180.0
Sending keys: ["echo '---oligotm test---'; echo -n 'atgc'; oligotm -tp 1 -sc 1 -mv 50 -dv 2 -n 0.8 -d 500 ATGCGGCTAGCTAGCTAGCT 2>&1\n"] min_timeout_sec: 0.5 max_timeout_sec: 180.0
Sending keys: ["python3 --version 2>&1; echo '---'; ls /usr/local/bin /usr/bin 2>/dev/null | grep -i -E 'primer|oligo|tm|bbduk' \n"] min_timeout_sec: 0.5 max_timeout_sec: 180.0
Trajectory dumped to /home/ubuntu/tb21/jobs/tb21c-8x512k-hyd-p1-s3/dna-assembly__A6y8ZL7/agent/trajectory.json
Trajectory dumped to /home/ubuntu/tb21/jobs/tb21c-8x512k-hyd-p1-s3/sam-cell-seg__GyBttaA/agent/trajectory.json
Sending keys: ['cd /app && python3 eval.py 2>&1 | tail -6\n'] min_timeout_sec: 20.0 max_timeout_sec: 180.0
Sending keys: ["echo '=== SF any 2.2 tarball names ==='; curl -s 'http://web.archive.org/cdx/search/cdx?url=sourceforge.net*&output=text&fl=original&filter=original:.*[Pp]ov[Aa]ray.*2\\.2.*\\.(tar|tgz|zip).*&collapse=urlkey&limit=80' 2>&1 | head -40\n"] min_timeout_sec: 25.0 max_timeout_sec: 180.0
Parser warnings: - Extra text detected before JSON object
Sending keys: ['python3 -c "import mobile_sam; print(\'OK\'); print([x for x in dir(mobile_sam) if not x.startswith(\'_\')])"\n'] min_timeout_sec: 3.0 max_timeout_sec: 180.0
Sending keys: ['MSAM=$(python3 -c "import os,importlib.util as u; print(os.path.dirname(u.find_spec(\'mobile_sam\').origin))"); echo "=== __init__ ==="; cat $MSAM/__init__.py; echo "=== pycocotools/cv2 import location ==="; grep -rln "pycocotools\\|import cv2" $MSAM\n'] min_timeout_sec: 2.0 max_timeout_sec: 180.0
Trajectory dumped to /home/ubuntu/tb21/jobs/tb21c-8x512k-hyd-p1-s3/sam-cell-seg__GyBttaA/agent/trajectory.json
Sending keys: ['cd /app && md5sum model_ref.xml && grep -n "option" model_ref.xml || echo "model_ref.xml has no option tag (unchanged)"\n'] min_timeout_sec: 0.5 max_timeout_sec: 180.0
Trajectory dumped to /home/ubuntu/tb21/jobs/tb21c-8x512k-hyd-p1-s3/tune-mjcf__53H7cNW/agent/trajectory.json
Parser warnings: - Extra text detected before JSON object
Sending keys: ['MSAM=$(python3 -c "import os,importlib.util as u; print(os.path.dirname(u.find_spec(\'mobile_sam\').origin))"); echo "=== build_sam.py ==="; cat $MSAM/build_sam.py\n'] min_timeout_sec: 1.0 max_timeout_sec: 180.0
Sending keys: ['MSAM=$(python3 -c "import os,importlib.util as u; print(os.path.dirname(u.find_spec(\'mobile_sam\').origin))"); echo "=== predictor.py (predict methods) ==="; grep -nE "def |point_prompt|labels|box|mask|point_coords" $MSAM/predictor.py | head -60\n'] min_timeout_sec: 1.0 max_timeout_sec: 180.0
Trajectory dumped to /home/ubuntu/tb21/jobs/tb21c-8x512k-hyd-p1-s3/sam-cell-seg__GyBttaA/agent/trajectory.json
Trajectory dumped to /home/ubuntu/tb21/jobs/tb21c-8x512k-hyd-p1-s3/build-pov-ray__jCfeQAo/agent/trajectory.json
Sending keys: ["cd /app && python3 - << 'PYEOF'\nimport mujoco, numpy as np\nFULL = mujoco.mjtState.mjSTATE_FULLPHYSICS\ndef sim(model, seed, total=2.0):\n    d=mujoco.MjData(model); nstep=int(total/model.opt.timestep)\n    rng=np.random.default_rng(seed); d.qpos += rng.normal(0,0.01,size=d.qpos.shape)\n    mujoco.mj_forward(model,d)\n    for _ in range(nstep): mujoco.mj_step(model,d)\n    st=np.zeros(mujoco.mj_stateSize(model,FULL)); mujoco.mj_getState(model,d,st,FULL)\n    assert not (np.isnan(st).any() or np.isinf(st).any())\n    return st\nm = mujoco.MjModel.from_xml_path('model.xml')\nref = mujoco.MjModel.from_xml_path('model_ref.xml')\nmaxd=0\nfor s in np.random.default_rng(123).integers(0,10000,40):\n    d = np.max(np.abs(sim(m,s)-sim(ref,s)))\n    maxd=max(maxd,d)\n    assert np.allclose(sim(m,s), sim(ref,s), atol=1e-5)\nprint('max state diff over 40 random seeds:', f'{maxd:.3e}', '-> within atol=1e-5:', maxd<=1e-5)\nprint('ALL CORRECTNESS CHECKS PASSED')\nPYEOF\n"] min_timeout_sec: 40.0 max_timeout_sec: 180.0
Sending keys: ["echo '=== full Official-2.2 file list (recent 200) ==='; curl -s 'http://web.archive.org/cdx/search/cdx?url=povray.org/ftp/pub/povray/Old-Versions/Official-2.2/*&output=text&fl=original,timestamp,statuscode,length&filter=statuscode:200&limit=200' 2>&1 | sort -u | head -60\n"] min_timeout_sec: 25.0 max_timeout_sec: 180.0
Parser warnings: - Extra text detected before JSON object
Sending keys: ['MSAM=$(python3 -c "import os,importlib.util as u; print(os.path.dirname(u.find_spec(\'mobile_sam\').origin))"); sed -n \'34,92p\' $MSAM/predictor.py\n'] min_timeout_sec: 1.0 max_timeout_sec: 180.0
Sending keys: ['cd /app && wget -q https://github.com/ChaoningZhang/MobileSAM/raw/refs/heads/main/weights/mobile_sam.pt -O /app/mobile_sam.pt 2>&1 | tail; ls -la /app/mobile_sam.pt\n'] min_timeout_sec: 60.0 max_timeout_sec: 180.0
Trajectory dumped to /home/ubuntu/tb21/jobs/tb21c-8x512k-hyd-p1-s3/tune-mjcf__53H7cNW/agent/trajectory.json
Sending keys: ["echo '=== test live povdoc ==='; curl -sIL -A 'Mozilla/5.0' 'https://www.povray.org/ftp/pub/povray/Old-Versions/Official-2.2/POVDOC.TAR.Z' -o /dev/null -w 'HTTP %{http_code} size=%{size_download}\\n'; echo '=== test live dir ==='; curl -s -A 'Mozilla/5.0' 'https://www.povray.org/ftp/pub/povray/Old-Versions/Official-2.2/' -o /dev/null -w 'HTTP %{http_code}\\n'\n"] min_timeout_sec: 15.0 max_timeout_sec: 180.0
Trajectory dumped to /home/ubuntu/tb21/jobs/tb21c-8x512k-hyd-p1-s3/tune-mjcf__53H7cNW/agent/trajectory.json
Trajectory dumped to /home/ubuntu/tb21/jobs/tb21c-8x512k-hyd-p1-s3/build-pov-ray__jCfeQAo/agent/trajectory.json
Sending keys: ["cd /app && ls -la model.xml && echo '--- diff (model_ref.xml -> model.xml) ---' && diff model_ref.xml model.xml\n"] min_timeout_sec: 0.5 max_timeout_sec: 180.0
Trajectory dumped to /home/ubuntu/tb21/jobs/tb21c-8x512k-hyd-p1-s3/tune-mjcf__53H7cNW/agent/trajectory.json
Trajectory dumped to /home/ubuntu/tb21/jobs/tb21c-8x512k-hyd-p1-s3/tune-mjcf__53H7cNW/agent/trajectory.json
Collecting main service artifacts
Sending keys: ["echo '=== Official-2.2 source files ==='; curl -s 'http://web.archive.org/cdx/search/cdx?url=povray.org/ftp/pub/povray/Old-Versions/Official-2.2/*&output=text&fl=original,timestamp,statuscode&filter=statuscode:200&collapse=urlkey&limit=400' 2>&1 | grep -iE 'POVSR|src|SRC|unix' | head -40\n"] min_timeout_sec: 25.0 max_timeout_sec: 180.0
Trajectory dumped to /home/ubuntu/tb21/jobs/tb21c-8x512k-hyd-p1-s3/sam-cell-seg__GyBttaA/agent/trajectory.json
Parser warnings: - Extra text detected before JSON object
Sending keys: ['rm -f /app/mobile_sam.pt; cd /app && curl -sL https://raw.githubusercontent.com/ChaoningZhang/MobileSAM/main/weights/mobile_sam.pt -o /app/mobile_sam.pt; ls -la /app/mobile_sam.pt; file /app/mobile_sam.pt 2>/dev/null | head\n'] min_timeout_sec: 60.0 max_timeout_sec: 180.0
Sending keys: ["echo '=== Official-2.2 full names (dedup) ==='; curl -s 'http://web.archive.org/cdx/search/cdx?url=povray.org/ftp/pub/povray/Old-Versions/Official-2.2/*&output=text&fl=original&collapse=urlkey&limit=400' 2>&1 | sed 's#.*/Official-2.2/##' | grep -viE '^\\?' | sort -u | head -60\n"] min_timeout_sec: 25.0 max_timeout_sec: 180.0
Parser warnings: - Extra text detected before JSON object
Sending keys: ["cat > /app/analyze.py << 'PYEOF'\nimport re\n\ndef parse_fasta(fn):\n    seqs = {}\n    name = None\n    buf = []\n    with open(fn) as f:\n        for line in f:\n            line = line.rstrip('\\n')\n            if line.startswith('>'):\n                if name is not None:\n                    seqs[name] = ''.join(buf)\n                name = line[1:].strip()\n                buf = []\n            else:\n                buf.append(line.strip())\n    if name is not None:\n        seqs[name] = ''.join(buf)\n    return seqs\n\nseqs = parse_fasta('/app/sequences.fasta')\nfor k in ['input','egfp','flag','snap','output']:\n    print(k, 'len=', len(seqs[k]))\n\ninp = seqs['input']; out = seqs['output']\negfp = seqs['egfp']; flag = seqs['flag']; snap = seqs['snap']\n\nprint('--- finds in output ---')\nfor name, s in [('egfp',egfp),('flag',flag),('snap',snap)]:\n    print(name, 'idx in out:', out.find(s), ' idx in out2:', (out+out).find(s))\n\nprint('--- finds in input ---')\nfor name, s in [('egfp',egfp),('flag',flag),('snap',snap)]:\n    print(name, 'idx in inp:', inp.find(s), ' idx in inp2:', (inp+inp).find(s))\nPYEOF\npython3 /app/analyze.py\n"] min_timeout_sec: 1.0 max_timeout_sec: 180.0
Sending keys: ["echo '--- network check ---'; timeout 8 bash -c 'curl -sI https://github.com 2>&1 | head -3' ; echo 'exit:' $?\n"] min_timeout_sec: 10.0 max_timeout_sec: 180.0
Trajectory dumped to /home/ubuntu/tb21/jobs/tb21c-8x512k-hyd-p1-s3/build-pov-ray__jCfeQAo/agent/trajectory.json
Trajectory dumped to /home/ubuntu/tb21/jobs/tb21c-8x512k-hyd-p1-s3/dna-assembly__A6y8ZL7/agent/trajectory.json
Sending keys: ['DEBIAN_FRONTEND=noninteractive apt-get install -y ncompress unzip 2>&1 | tail -3\n'] min_timeout_sec: 30.0 max_timeout_sec: 180.0
Trajectory dumped to /home/ubuntu/tb21/jobs/tb21c-8x512k-hyd-p1-s3/sam-cell-seg__GyBttaA/agent/trajectory.json
Parser warnings: - Extra text detected before JSON object
Sending keys: ['cat /app/mobile_sam.pt; echo\n'] min_timeout_sec: 0.5 max_timeout_sec: 180.0
Sending keys: ['curl -sL https://api.github.com/repos/ChaoningZhang/MobileSAM/contents/weights 2>&1 | head -40\n'] min_timeout_sec: 10.0 max_timeout_sec: 180.0
Sending keys: ['curl -sL https://raw.githubusercontent.com/ChaoningZhang/MobileSAM/main/README.md 2>&1 | grep -iE "mobile_sam|weights|\\.pt|download|hugging|http" | head -20\n'] min_timeout_sec: 10.0 max_timeout_sec: 180.0
Sending keys: ["cd /app; curl -s -o POVSRC.TAR.Z 'https://web.archive.org/web/20260323030948id_/http://www.povray.org/ftp/pub/povray/Old-Versions/Official-2.2/POVSRC.TAR.Z' -w 'HTTP %{http_code} size=%{size_download}\\n'; file POVSRC.TAR.Z\n"] min_timeout_sec: 40.0 max_timeout_sec: 180.0
Trajectory dumped to /home/ubuntu/tb21/jobs/tb21c-8x512k-hyd-p1-s3/sam-cell-seg__GyBttaA/agent/trajectory.json
Parser warnings: - Extra text detected before JSON object
Sending keys: ['rm -f /app/mobile_sam.pt; cd /app && curl -sL https://raw.githubusercontent.com/ChaoningZhang/MobileSAM/master/weights/mobile_sam.pt -o /app/mobile_sam.pt; ls -la /app/mobile_sam.pt; file /app/mobile_sam.pt 2>/dev/null\n'] min_timeout_sec: 60.0 max_timeout_sec: 180.0
Sending keys: ["cd /app; curl -s -o POVDOC.TAR.Z 'https://web.archive.org/web/20260815194042id_/http://www.povray.org/ftp/pub/povray/Old-Versions/Official-2.2/POVDOC.TAR.Z' -w 'HTTP %{http_code} size=%{size_download}\\n'; file POVDOC.TAR.Z\n"] min_timeout_sec: 40.0 max_timeout_sec: 180.0
Registered custom model 'hosted_vllm/qwen38' with info: {'max_input_tokens': 524288, 'max_output_tokens': 8192, 'input_cost_per_token': 0.0, 'output_cost_per_token': 0.0, 'cache_creation_input_token_cost': 0, 'cache_read_input_token_cost': 0}
Installing: tmux, asciinema
Detected system: {'os': 'debian-based', 'package_manager': 'apt-get', 'update_command': None}
Installing tools using apt-get: DEBIAN_FRONTEND=noninteractive apt-get update && DEBIAN_FRONTEND=noninteractive apt-get install -y tmux asciinema
Trajectory dumped to /home/ubuntu/tb21/jobs/tb21c-8x512k-hyd-p1-s3/sam-cell-seg__GyBttaA/agent/trajectory.json
Starting recording.
Sending keys: ['asciinema rec --stdin /logs/agent/recording.cast', 'Enter'] min_timeout_sec: 1.0 max_timeout_sec: 180.0
Sending keys: ['clear', 'Enter'] min_timeout_sec: 0.0 max_timeout_sec: 180.0
Parser warnings: - Extra text detected before JSON object
Sending keys: ["cd /app && cat > /tmp/diag.py << 'PYEOF'\nimport warnings; warnings.filterwarnings('ignore')\nimport numpy as np, pandas as pd, cv2, time, torch\n\nimg_bgr = cv2.imread('/app/demo_rgb.png')\nprint('image shape (H,W,C):', img_bgr.shape)\n\n# parse coords\ndef parse(s):\n    if isinstance(s,str):\n        return np.array([float(x) for x in s.split(',') if x.strip()!=''])\n    return np.array(s)\n\ndf = pd.read_csv('/app/demo_metadata.csv')\nprint('rows:', len(df))\nprint('type counts:'); print(df['type'].value_counts())\n\ndef coords_list(row):\n    return parse(row['coords_x']), parse(row['coords_y'])\n\n# check existing overlaps (pixel-level) via masks\nH, W = img_bgr.shape[:2]\nmask_sum = np.zeros((H,W), dtype=np.int32)\nfor i,row in df.iterrows():\n    cx, cy = coords_list(row)\n    pts = np.stack([cx,cy],axis=1).astype(np.int32)\n    m = np.zeros((H,W),dtype=np.uint8)\n    cv2.fillPoly(m,[pts],1)\n    mask_sum += m.astype(np.int32)\nprint('max overlap (cells stacked):', mask_sum.max())\nprint('num pixels with overlap>1:', int((mask_sum>1).sum()))\n\n# bbox sizes\nw = df['xmax']-df['xmin']; h = df['ymax']-df['ymin']\nprint('bbox width: min/med/max', w.min(), w.median(), w.max())\nprint('bbox height: min/med/max', h.min(), h.median(), h.max())\nPYEOF\npython3 /tmp/diag.py\n"] min_timeout_sec: 20.0 max_timeout_sec: 180.0
Parser warnings: - Extra text detected before JSON object
Sending keys: ['cat /app/eval.py\n'] min_timeout_sec: 0.5 max_timeout_sec: 180.0
Sending keys: ["which postfix mailman3 mailman 2>&1; echo '---'; mailman3 --version 2>&1; echo '---'; postconf mail_version 2>&1\n"] min_timeout_sec: 1.0 max_timeout_sec: 180.0
Sending keys: ["ls -la /etc/mailman3/ 2>&1; echo '---'; ls -la /etc/postfix/ 2>&1\n"] min_timeout_sec: 0.5 max_timeout_sec: 180.0
Trajectory dumped to /home/ubuntu/tb21/jobs/tb21c-8x512k-hyd-p1-s3/build-pov-ray__jCfeQAo/agent/trajectory.json
Trajectory dumped to /home/ubuntu/tb21/jobs/tb21c-8x512k-hyd-p1-s3/mailman__DSozsrw/agent/trajectory.json
Sending keys: ["cd /app; curl -sL -o POVSRC.TAR.Z 'https://web.archive.org/web/20260323030948id_/http://www.povray.org/ftp/pub/povray/Old-Versions/Official-2.2/POVSRC.TAR.Z' -w 'HTTP %{http_code} size=%{size_download}\\n'; file POVSRC.TAR.Z\n"] min_timeout_sec: 40.0 max_timeout_sec: 180.0
Trajectory dumped to /home/ubuntu/tb21/jobs/tb21c-8x512k-hyd-p1-s3/sam-cell-seg__GyBttaA/agent/trajectory.json
Parser warnings: - Extra text detected before JSON object
Sending keys: ['apt-get update -qq 2>&1 | tail -3 && apt-get install -y -qq libgl1 libglib2.0-0 2>&1 | tail -5\n'] min_timeout_sec: 60.0 max_timeout_sec: 180.0
Parser warnings: - Extra text detected before JSON object
Sending keys: ['cat /etc/mailman3/mailman.cfg\n'] min_timeout_sec: 0.5 max_timeout_sec: 180.0
Sending keys: ["echo '=== MAIN.CF ==='; cat /etc/postfix/main.cf\n"] min_timeout_sec: 0.5 max_timeout_sec: 180.0
Sending keys: ["echo '=== MASTER.CF (non-comment) ==='; grep -v '^#' /etc/postfix/master.cf | grep -v '^$'\n"] min_timeout_sec: 0.5 max_timeout_sec: 180.0
Trajectory dumped to /home/ubuntu/tb21/jobs/tb21c-8x512k-hyd-p1-s3/mailman__DSozsrw/agent/trajectory.json
Sending keys: ['cd /app; zcat POVDOC.TAR.Z 2>/dev/null | tar tvf - 2>&1 | head -40\n'] min_timeout_sec: 10.0 max_timeout_sec: 180.0
Trajectory dumped to /home/ubuntu/tb21/jobs/tb21c-8x512k-hyd-p1-s3/build-pov-ray__jCfeQAo/agent/trajectory.json
Sending keys: ['cd /app; zcat POVSRC.TAR.Z 2>/dev/null | tar tvf - 2>&1 | head -60\n'] min_timeout_sec: 10.0 max_timeout_sec: 180.0
Trajectory dumped to /home/ubuntu/tb21/jobs/tb21c-8x512k-hyd-p1-s3/build-pov-ray__jCfeQAo/agent/trajectory.json
Trajectory dumped to /home/ubuntu/tb21/jobs/tb21c-8x512k-hyd-p1-s3/sam-cell-seg__GyBttaA/agent/trajectory.json
Sending keys: ["cd /app; zcat POVSRC.TAR.Z 2>/dev/null | tar tvf - 2>&1 | grep -iE 'machine/(linux|unix|sun|solaris|generic)' | head -40\n"] min_timeout_sec: 10.0 max_timeout_sec: 180.0
Parser warnings: - Extra text detected before JSON object
Sending keys: ['python3 -c "import mailman, os; print(\'mailman\', mailman.__version__); print(os.path.dirname(mailman.__file__))"\n'] min_timeout_sec: 1.0 max_timeout_sec: 180.0
Sending keys: ['python3 --version; echo \'---entrypoints---\'; python3 -c "import mailman.mta.postfix as p, os; print(os.path.dirname(p.__file__))"; ls /usr/lib/mailman3/bin/ 2>&1\n'] min_timeout_sec: 1.0 max_timeout_sec: 180.0
Parser warnings: - Extra text detected before JSON object
Sending keys: ['cd /app && python3 /tmp/diag.py\n'] min_timeout_sec: 20.0 max_timeout_sec: 180.0
Sending keys: ["ls -la /opt/mailman/ 2>&1; echo '--- var ---'; ls -la /var/lib/mailman3/ 2>&1; echo '--- etc aliases ---'; cat /etc/aliases 2>&1\n"] min_timeout_sec: 0.5 max_timeout_sec: 180.0
Sending keys: ["mailman --version 2>&1; echo '--- lists ---'; mailman lists 2>&1 | head; echo '--- help ---'; mailman --help 2>&1 | head -40\n"] min_timeout_sec: 2.0 max_timeout_sec: 180.0
Trajectory dumped to /home/ubuntu/tb21/jobs/tb21c-8x512k-hyd-p1-s3/mailman__DSozsrw/agent/trajectory.json
Sending keys: ["echo '=== top-level + makefiles ==='; cd /app; zcat POVSRC.TAR.Z 2>/dev/null | tar tvf - 2>&1 | grep -iE 'makefile|configure|README|\\.txt$' | head -40\n"] min_timeout_sec: 10.0 max_timeout_sec: 180.0
Trajectory dumped to /home/ubuntu/tb21/jobs/tb21c-8x512k-hyd-p1-s3/build-pov-ray__jCfeQAo/agent/trajectory.json
Trajectory dumped to /home/ubuntu/tb21/jobs/tb21c-8x512k-hyd-p1-s3/sam-cell-seg__GyBttaA/agent/trajectory.json
Sending keys: ["cd /app; rm -rf povray-2.2; mkdir -p povray-2.2; zcat POVSRC.TAR.Z 2>/dev/null | tar xf - -C povray-2.2 && zcat POVDOC.TAR.Z 2>/dev/null | tar xf - -C povray-2.2 && echo 'EXTRACT OK'\n"] min_timeout_sec: 10.0 max_timeout_sec: 180.0
Parser warnings: - Extra text detected before JSON object
Sending keys: ["echo '=== entry_points ==='; cat /usr/lib/python3/dist-packages/*mailman*/entry_points.txt 2>&1; echo '=== dist-info dirs ==='; ls -d /usr/lib/python3/dist-packages/*mailman* 2>&1\n"] min_timeout_sec: 0.5 max_timeout_sec: 180.0
Sending keys: ["echo '=== bin/mailman ==='; cat /usr/lib/mailman3/bin/mailman; echo '=== bin/master ==='; cat /usr/lib/mailman3/bin/master\n"] min_timeout_sec: 0.5 max_timeout_sec: 180.0
Sending keys: ["echo '=== /usr/share/mailman3 ==='; find /usr/share/mailman3 -type f 2>&1; echo '=== any lmtp scripts ==='; find /usr/lib/mailman3 /usr/share/mailman3 -name '*lmtp*' 2>&1; echo '=== /usr/bin/mailman ==='; cat /usr/bin/mailman 2>&1 | head -20\n"] min_timeout_sec: 0.5 max_timeout_sec: 180.0
Parser warnings: - Extra text detected before JSON object
Sending keys: ["cd /app && cat > /tmp/model_test.py << 'PYEOF'\nimport warnings; warnings.filterwarnings('ignore')\nimport numpy as np, pandas as pd, cv2, time, torch, sys\nsys.path.insert(0,'/app')\nfrom mobile_sam import build_sam_vit_t, SamPredictor\n\nt0=time.time()\nmodel = build_sam_vit_t(checkpoint='/app/mobile_sam.pt')\nprint('model build+load: %.2fs' % (time.time()-t0))\n\nimg_bgr = cv2.imread('/app/demo_rgb.png')\nimg_rgb = cv2.cvtColor(img_bgr, cv2.COLOR_BGR2RGB)\nH,W = img_rgb.shape[:2]\n\npred = SamPredictor(model)\npred.set_image(img_rgb, image_format='RGB')\nprint('image set')\n\ndef parse(s):\n    return np.array([float(x) for x in s.split(',') if x.strip()!=''])\ndf = pd.read_csv('/app/demo_metadata.csv')\n\nt0=time.time()\nrow = df.iloc[0]  # rectangle: xmin43 xmax139 ymin67 ymax107\ncx, cy = (row['xmin']+row['xmax'])/2, (row['ymin']+row['ymax'])/2\npt = np.array([[cx, cy]])\nlbl = np.array([1])\nbox = [row['xmin'], row['ymin'], row['xmax'], row['ymax']]\nmasks, iou, lowres = pred.predict(point_coords=pt, point_labels=lbl, box=box, multimask_output=False)\nprint('predict#1: %.2fs  mask shape=%s area=%d  iou=%.3f' % (time.time()-t0, masks.shape, int(masks[0].sum()), iou[0]))\n\nt0=time.time()\nrow = df.iloc[1]  # polyline\ncx, cy = parse(row['coords_x']), parse(row['coords_y'])\npts = np.stack([cx,cy],1)\ncent = pts.mean(axis=0)\nmasks2, iou2, lowres2 = pred.predict(point_coords=np.array([cent]), point_labels=np.array([1]), multimask_output=False)\nprint('predict#2 (point only): %.2fs  area=%d iou=%.3f' % (time.time()-t0, int(masks2[0].sum()), iou2[0]))\n\nt0=time.time()\nmasks3, iou3, lowres3 = pred.predict(box=box, multimask_output=False)\nprint('predict#3 (box only, no points): %.2fs area=%d iou=%.3f' % (time.time()-t0, int(masks3[0].sum()), iou3[0]))\nPYEOF\npython3 /tmp/model_test.py\n"] min_timeout_sec: 30.0 max_timeout_sec: 180.0
Trajectory dumped to /home/ubuntu/tb21/jobs/tb21c-8x512k-hyd-p1-s3/mailman__DSozsrw/agent/trajectory.json
Sending keys: ["cd /app/povray-2.2; echo '=== top level ==='; ls -la; echo '=== povdoc/include ==='; ls povdoc/include/ | head; echo '=== machine ==='; ls machine/\n"] min_timeout_sec: 0.5 max_timeout_sec: 180.0
Sending keys: ["cd /app/povray-2.2; echo '=== unix.mak ==='; cat machine/unix/unix.mak\n"] min_timeout_sec: 0.5 max_timeout_sec: 180.0
Trajectory dumped to /home/ubuntu/tb21/jobs/tb21c-8x512k-hyd-p1-s3/build-pov-ray__jCfeQAo/agent/trajectory.json
Parser warnings: - Extra text detected before JSON object
Sending keys: ["cd /app/povray-2.2; echo '=== source listing ==='; ls source/; echo '=== any config.h? ==='; ls source/config.h 2>&1\n"] min_timeout_sec: 0.5 max_timeout_sec: 180.0
Sending keys: ["cd /app/povray-2.2; echo '=== gccconf.h ==='; cat machine/unix/gccconf.h; echo '=== diff vs unixconf ==='; diff machine/unix/gccconf.h machine/unix/unixconf.h\n"] min_timeout_sec: 0.5 max_timeout_sec: 180.0
Parser warnings: - Extra text detected before JSON object
Trajectory dumped to /home/ubuntu/tb21/jobs/tb21c-8x512k-hyd-p1-s3/build-pov-ray__jCfeQAo/agent/trajectory.json
Parser warnings: - Extra text detected before JSON object
Sending keys: ["echo '=== mta dir ==='; ls /usr/lib/python3/dist-packages/mailman/mta/; echo '=== postfix.py head ==='; sed -n '1,60p' /usr/lib/python3/dist-packages/mailman/mta/postfix.py\n"] min_timeout_sec: 0.5 max_timeout_sec: 180.0
Sending keys: ["echo '=== lmtp.py head ==='; sed -n '1,90p' /usr/lib/python3/dist-packages/mailman/mta/lmtp.py\n"] min_timeout_sec: 0.5 max_timeout_sec: 180.0
Sending keys: ["echo '=== sections in mailman.cfg ==='; grep -nE '^\\[' /etc/mailman3/mailman.cfg\n"] min_timeout_sec: 0.5 max_timeout_sec: 180.0
Trajectory dumped to /home/ubuntu/tb21/jobs/tb21c-8x512k-hyd-p1-s3/mailman__DSozsrw/agent/trajectory.json
Trajectory dumped to /home/ubuntu/tb21/jobs/tb21c-8x512k-hyd-p1-s3/sam-cell-seg__GyBttaA/agent/trajectory.json
Sending keys: ["cd /app/povray-2.2; echo '=== init fn in unix.c ==='; grep -n 'init_POVRAY\\|init_povray\\|unix_init' machine/unix/unix.c; echo '=== grep in gcc.c ==='; grep -n 'unix_init' machine/unix/gcc.c\n"] min_timeout_sec: 0.5 max_timeout_sec: 180.0
Sending keys: ["cd /app/povray-2.2; echo '=== main include search hints ==='; grep -n 'include\\|+I\\|getenv\\|POVHOME\\|POV\\|default' machine/unix/unix.c | head -30\n"] min_timeout_sec: 0.5 max_timeout_sec: 180.0
Sending keys: ["cd /app/povray-2.2; echo '=== does frame.h define init fallback? ==='; grep -n 'STARTUP_POVRAY\\|init_POVRAY\\|init_povray' source/frame.h source/povray.c | head\n"] min_timeout_sec: 0.5 max_timeout_sec: 180.0
Trajectory dumped to /home/ubuntu/tb21/jobs/tb21c-8x512k-hyd-p1-s3/build-pov-ray__jCfeQAo/agent/trajectory.json
Parser warnings: - Extra text detected before JSON object
Sending keys: [''] min_timeout_sec: 25.0 max_timeout_sec: 180.0
Parser warnings: - AUTO-CORRECTED: Extracted JSON from mixed content - please fix this in future responses
Sending keys: ["grep -rn 'class LMTP' /usr/lib/python3/dist-packages/mailman/ 2>&1\n"] min_timeout_sec: 0.5 max_timeout_sec: 180.0
Sending keys: ["echo '=== master.py ==='; cat /usr/lib/python3/dist-packages/mailman/bin/master.py\n"] min_timeout_sec: 0.5 max_timeout_sec: 180.0
Sending keys: ["echo '=== rest of postfix.py ==='; sed -n '60,220p' /usr/lib/python3/dist-packages/mailman/mta/postfix.py\n"] min_timeout_sec: 0.5 max_timeout_sec: 180.0
Trajectory dumped to /home/ubuntu/tb21/jobs/tb21c-8x512k-hyd-p1-s3/mailman__DSozsrw/agent/trajectory.json
Sending keys: ["cd /app/povray-2.2; which cc gcc; echo '---'; rm -rf build; mkdir -p build; cp source/*.c source/*.h build/ 2>/dev/null; cp machine/unix/unix.c build/; cp machine/unix/unixconf.h build/config.h; cp machine/unix/unix.mak build/Makefile; ls build/ | head; echo 'count:'; ls build/*.c | wc -l\n"] min_timeout_sec: 0.5 max_timeout_sec: 180.0
Sending keys: ["cd /app/povray-2.2/build; sed -i 's/^CC =            cc/CC =            gcc/' Makefile; grep -n 'CC =' Makefile\n"] min_timeout_sec: 0.5 max_timeout_sec: 180.0
Trajectory dumped to /home/ubuntu/tb21/jobs/tb21c-8x512k-hyd-p1-s3/build-pov-ray__jCfeQAo/agent/trajectory.json
Parser warnings: - Extra text detected before JSON object
Sending keys: ["echo '=== config/postfix.py ==='; cat /usr/lib/python3/dist-packages/mailman/config/postfix.py\n"] min_timeout_sec: 0.5 max_timeout_sec: 180.0
Sending keys: ["echo '=== master.py tail ==='; sed -n '180,320p' /usr/lib/python3/dist-packages/mailman/bin/master.py\n"] min_timeout_sec: 0.5 max_timeout_sec: 180.0
Sending keys: ["echo '=== how runners chosen (mailman.py start) ==='; grep -n 'runner\\|master\\|def start\\|do_start' /usr/lib/python3/dist-packages/mailman/bin/mailman.py | head -40\n"] min_timeout_sec: 0.5 max_timeout_sec: 180.0
Trajectory dumped to /home/ubuntu/tb21/jobs/tb21c-8x512k-hyd-p1-s3/mailman__DSozsrw/agent/trajectory.json
Trajectory dumped to /home/ubuntu/tb21/jobs/tb21c-8x512k-hyd-p1-s3/sam-cell-seg__GyBttaA/agent/trajectory.json
Sending keys: ['cd /app/povray-2.2/build; make 2>&1 | tail -40\n'] min_timeout_sec: 60.0 max_timeout_sec: 180.0
Parser warnings: - Extra text detected before JSON object
Sending keys: ['python3 -c "import mailman.config.postfix as p; print(p.__file__)" 2>&1\n'] min_timeout_sec: 1.0 max_timeout_sec: 180.0
Sending keys: ["find /usr/lib/python3/dist-packages/mailman -name 'postfix*' 2>&1; echo '---'; grep -rn 'class PostfixConfiguration\\|postfix' /usr/lib/python3/dist-packages/mailman/config/*.py 2>&1 | head\n"] min_timeout_sec: 0.5 max_timeout_sec: 180.0
Sending keys: ["grep -rln 'def start\\|@cli.command' /usr/lib/python3/dist-packages/mailman/bin/*.py 2>&1; echo '=== start command ==='; grep -rn 'def start\\|master\\|do_start\\|runners' /usr/lib/python3/dist-packages/mailman/bin/ 2>&1 | grep -i start | head -20\n"] min_timeout_sec: 0.5 max_timeout_sec: 180.0
Trajectory dumped to /home/ubuntu/tb21/jobs/tb21c-8x512k-hyd-p1-s3/mailman__DSozsrw/agent/trajectory.json
Parser warnings: - Extra text detected before JSON object
Sending keys: ["echo '=== config/postfix.cfg ==='; cat /usr/lib/python3/dist-packages/mailman/config/postfix.cfg\n"] min_timeout_sec: 0.5 max_timeout_sec: 180.0
Sending keys: ["echo '=== start_runners ==='; sed -n '353,420p' /usr/lib/python3/dist-packages/mailman/bin/master.py\n"] min_timeout_sec: 0.5 max_timeout_sec: 180.0
Trajectory dumped to /home/ubuntu/tb21/jobs/tb21c-8x512k-hyd-p1-s3/mailman__DSozsrw/agent/trajectory.json
Parser warnings: - Extra text detected before JSON object
Sending keys: ["sed -n '81,180p' /usr/lib/python3/dist-packages/mailman/mta/postfix.py\n"] min_timeout_sec: 0.5 max_timeout_sec: 180.0
Sending keys: ["grep -rn 'runner_configs\\|def _section_name\\|runner' /usr/lib/python3/dist-packages/mailman/config/config.py 2>&1 | head -30\n"] min_timeout_sec: 0.5 max_timeout_sec: 180.0
Sending keys: ["echo '=== default runner sections? ==='; grep -rn 'runner\\.' /usr/lib/python3/dist-packages/mailman/*.cfg /usr/lib/python3/dist-packages/mailman/config/*.cfg 2>&1 | head; echo '=== base cfg files ==='; ls /usr/lib/python3/dist-packages/mailman/*.cfg 2>&1\n"] min_timeout_sec: 0.5 max_timeout_sec: 180.0
Sending keys: ["echo '=== mailman3 postinst / conf.d for postfix ==='; find / -path /proc -prune -o -name '*.cf' -print 2>/dev/null | grep -i mailman; ls -la /usr/share/mailman3/; dpkg -L mailman3 2>/dev/null | grep -iE 'postfix|conf|main.cf' | head -30\n"] min_timeout_sec: 1.0 max_timeout_sec: 180.0
Trajectory dumped to /home/ubuntu/tb21/jobs/tb21c-8x512k-hyd-p1-s3/mailman__DSozsrw/agent/trajectory.json
Parser warnings: - Extra text detected before JSON object
Sending keys: ["cd /app && cat > /tmp/locate.py << 'PYEOF'\nimport warnings; warnings.filterwarnings('ignore')\nimport sys, os\nos.environ['OMP_NUM_THREADS']='1'\nos.environ['OMP_DYNAMIC']='false'\nos.environ['MKL_NUM_THREADS']='1'\nimport numpy as np, cv2, time\nprint('cv2', cv2.__version__); sys.stdout.flush()\nimg = cv2.imread('/app/demo_rgb.png'); print('imread', img.shape); sys.stdout.flush()\nrgb = cv2.cvtColor(img, cv2.COLOR_BGR2RGB); print('cvtColor ok'); sys.stdout.flush()\nimport torch\nprint('torch', torch.__version__, 'threads', torch.get_num_threads()); sys.stdout.flush()\nfrom mobile_sam import build_sam_vit_t, SamPredictor\nt0=time.time(); m = build_sam_vit_t(checkpoint='/app/mobile_sam.pt'); print('build %.1fs' % (time.time()-t0)); sys.stdout.flush()\np = SamPredictor(m); print('predictor made'); sys.stdout.flush()\nsmall = np.random.randint(0,255,(256,256,3),dtype=np.uint8)\np.set_image(small, image_format='RGB'); print('set_image small ok'); sys.stdout.flush()\nmasks,iou,low = p.predict(point_coords=np.array([[128.,128.]]), point_labels=np.array([1]), multimask_output=False)\nprint('predict small ok', masks.shape, int(masks[0].sum())); sys.stdout.flush()\nPYEOF\npython3 /tmp/locate.py 2>&1 | tail -25\n"] min_timeout_sec: 60 max_timeout_sec: 180.0
Trajectory dumped to /home/ubuntu/tb21/jobs/tb21c-8x512k-hyd-p1-s3/build-pov-ray__jCfeQAo/agent/trajectory.json
Sending keys: ["cd /app/povray-2.2/build; ls -la povray; file povray; echo '=== version ==='; ./povray +V 2>&1 | head -20\n"] min_timeout_sec: 5.0 max_timeout_sec: 180.0
Parser warnings: - Extra text detected before JSON object
Sending keys: ["sed -n '150,275p' /etc/mailman3/mailman.cfg\n"] min_timeout_sec: 0.5 max_timeout_sec: 180.0
Sending keys: ["grep -n 'base\\|_config\\|load_from\\|Configuration\\|def __init__\\|initialize\\|def load' /usr/lib/python3/dist-packages/mailman/config/config.py | head -40\n"] min_timeout_sec: 0.5 max_timeout_sec: 180.0
Sending keys: ['grep -rn "name=\'start\'\\|name=\'stop\'\\|def start\\|def stop\\|do_start\\|\'start\'" /usr/lib/python3/dist-packages/mailman/bin/*.py | head; echo \'--- where is the start cli ---\'; grep -rln "cli.command\\|@cli" /usr/lib/python3/dist-packages/mailman/bin/\n'] min_timeout_sec: 0.5 max_timeout_sec: 180.0
Trajectory dumped to /home/ubuntu/tb21/jobs/tb21c-8x512k-hyd-p1-s3/mailman__DSozsrw/agent/trajectory.json
Trajectory dumped to /home/ubuntu/tb21/jobs/tb21c-8x512k-hyd-p1-s3/build-pov-ray__jCfeQAo/agent/trajectory.json
Sending keys: ['cp /app/povray-2.2/build/povray /usr/local/bin/povray; chmod 755 /usr/local/bin/povray; ls -la /usr/local/bin/povray\n'] min_timeout_sec: 0.5 max_timeout_sec: 180.0
Sending keys: ['/usr/local/bin/povray +L/app/povray-2.2/povdoc/include +I/app/deps/illum1.pov +O/dev/null +P -V 2>&1 | tail -40\n'] min_timeout_sec: 60.0 max_timeout_sec: 180.0
Parser warnings: - Extra text detected before JSON object
Sending keys: ["sed -n '94,150p' /usr/lib/python3/dist-packages/mailman/config/config.py\n"] min_timeout_sec: 0.5 max_timeout_sec: 180.0
Sending keys: ["grep -n 'def \\|cli.command\\|config\\|master\\|run-as-root\\|run_as_root\\|subprocess\\|Popen\\|start' /usr/lib/python3/dist-packages/mailman/bin/mailman.py | sed -n '1,80p'\n"] min_timeout_sec: 0.5 max_timeout_sec: 180.0
Trajectory dumped to /home/ubuntu/tb21/jobs/tb21c-8x512k-hyd-p1-s3/mailman__DSozsrw/agent/trajectory.json
Trajectory dumped to /home/ubuntu/tb21/jobs/tb21c-8x512k-hyd-p1-s3/sam-cell-seg__GyBttaA/agent/trajectory.json
Parser warnings: - Extra text detected before JSON object
Sending keys: ["sed -n '108,176p' /etc/mailman3/mailman.cfg\n"] min_timeout_sec: 0.5 max_timeout_sec: 180.0
Sending keys: ["sed -n '160,240p' /etc/mailman3/mailman.cfg\n"] min_timeout_sec: 0.5 max_timeout_sec: 180.0
Sending keys: ['cat /usr/lib/python3/dist-packages/mailman/core/initialize.py\n'] min_timeout_sec: 0.5 max_timeout_sec: 180.0
Trajectory dumped to /home/ubuntu/tb21/jobs/tb21c-8x512k-hyd-p1-s3/mailman__DSozsrw/agent/trajectory.json
Parser warnings: - Extra text detected before JSON object
Sending keys: ["sed -n '1,90p' /usr/lib/python3/dist-packages/mailman/core/initialize.py\n"] min_timeout_sec: 0.5 max_timeout_sec: 180.0
Sending keys: ["echo '=== paths.debian ==='; sed -n '/\\[paths.debian\\]/,/\\[database\\]/p' /etc/mailman3/mailman.cfg | grep -vE '^#|^$'\n"] min_timeout_sec: 0.5 max_timeout_sec: 180.0
Sending keys: ["echo '=== database ==='; sed -n '/\\[database\\]/,/\\[logging/p' /etc/mailman3/mailman.cfg | grep -vE '^#|^$'\n"] min_timeout_sec: 0.5 max_timeout_sec: 180.0
Trajectory dumped to /home/ubuntu/tb21/jobs/tb21c-8x512k-hyd-p1-s3/mailman__DSozsrw/agent/trajectory.json
Parser warnings: - Extra text detected before JSON object
Sending keys: ["cd /app && cat > /tmp/locate2.py << 'PYEOF'\nimport faulthandler, warnings, sys, os, time\nfaulthandler.enable()\nwarnings.filterwarnings('ignore')\nimport numpy as np, cv2\nimg = cv2.imread('/app/demo_rgb.png')\nrgb = cv2.cvtColor(img, cv2.COLOR_BGR2RGB)\nimport torch\nprint('torch threads', torch.get_num_threads()); sys.stdout.flush()\nfrom mobile_sam import build_sam_vit_t, SamPredictor\nm = build_sam_vit_t(checkpoint='/app/mobile_sam.pt')\nprint('built'); sys.stdout.flush()\np = SamPredictor(m)\nprint('predictor ok'); sys.stdout.flush()\nprint('about to set_image'); sys.stdout.flush()\np.set_image(rgb, image_format='RGB')\nprint('set_image DONE'); sys.stdout.flush()\nmasks,iou,low = p.predict(point_coords=np.array([[128.,128.]]), point_labels=np.array([1]), multimask_output=False)\nprint('predict DONE', int(masks[0].sum())); sys.stdout.flush()\nPYEOF\npython3 /tmp/locate2.py 2>&1 | tail -40\n"] min_timeout_sec: 60 max_timeout_sec: 180.0
Trajectory dumped to /home/ubuntu/tb21/jobs/tb21c-8x512k-hyd-p1-s3/build-pov-ray__jCfeQAo/agent/trajectory.json
Parser warnings: - Extra text detected before JSON object
Sending keys: ["echo '=== required includes ==='; ls -la /app/povray-2.2/povdoc/include/{colors.inc,shapes.inc,textures.inc} 2>&1; echo '=== illum1 unmodified ==='; ls -la /app/deps/illum1.pov; echo '=== top-level tree ==='; ls -d /app/povray-2.2/*/ 2>&1; echo '=== binary ==='; /usr/local/bin/povray +V 2>&1 | head -1\n"] min_timeout_sec: 2.0 max_timeout_sec: 180.0
Trajectory dumped to /home/ubuntu/tb21/jobs/tb21c-8x512k-hyd-p1-s3/build-pov-ray__jCfeQAo/agent/trajectory.json
Parser warnings: - Extra text detected before JSON object
Sending keys: ["/usr/local/bin/povray +V 2>&1 | grep -i 'Persistence'\n"] min_timeout_sec: 2.0 max_timeout_sec: 180.0
Sending keys: ["/usr/local/bin/povray +L/app/povray-2.2/povdoc/include +I/app/deps/illum1.pov +O/dev/null +P -V 2>&1 | grep -iE 'statistics|Resolution|Rays:|Reflected Rays|Refracted Rays|Blocking Objects'\n"] min_timeout_sec: 60.0 max_timeout_sec: 180.0
Trajectory dumped to /home/ubuntu/tb21/jobs/tb21c-8x512k-hyd-p1-s3/sam-cell-seg__GyBttaA/agent/trajectory.json
Parser warnings: - Extra text detected before JSON object
Sending keys: ["grep -rn 'subscription_policy\\|def subscribe\\|_subscribe\\|Policy' /usr/lib/python3/dist-packages/mailman/subscribers.py | head -40\n"] min_timeout_sec: 0.5 max_timeout_sec: 180.0
Sending keys: ["grep -rn 'open\\|confirm\\|moderate\\|close' /usr/lib/python3/dist-packages/mailman/subscribers.py | grep -iE 'policy|confirm|moderate' | head -40\n"] min_timeout_sec: 0.5 max_timeout_sec: 180.0
Sending keys: ["echo '=== SubscriptionPolicy enum ==='; grep -rn 'class SubscriptionPolicy\\|open\\|confirm\\|moderate\\|close' /usr/lib/python3/dist-packages/mailman/configuration/__init__.py 2>/dev/null | head; grep -rln 'class SubscriptionPolicy' /usr/lib/python3/dist-packages/mailman/\n"] min_timeout_sec: 0.5 max_timeout_sec: 180.0
Parser warnings: - Extra text detected before JSON object
Sending keys: [''] min_timeout_sec: 45.0 max_timeout_sec: 180.0
Trajectory dumped to /home/ubuntu/tb21/jobs/tb21c-8x512k-hyd-p1-s3/mailman__DSozsrw/agent/trajectory.json
Parser warnings: - Extra text detected before JSON object
Sending keys: ["grep -rn 'class SubscriptionPolicy' /usr/lib/python3/dist-packages/mailman/interfaces/mailinglist.py; sed -n '/class SubscriptionPolicy/,/^class /p' /usr/lib/python3/dist-packages/mailman/interfaces/mailinglist.py | head -40\n"] min_timeout_sec: 0.5 max_timeout_sec: 180.0
Sending keys: ["grep -rln 'def subscribe' /usr/lib/python3/dist-packages/mailman/ | grep -v test; echo '---'; grep -rn 'subscription_policy' /usr/lib/python3/dist-packages/mailman/ | grep -v test | grep -v interfaces\n"] min_timeout_sec: 0.5 max_timeout_sec: 180.0
Trajectory dumped to /home/ubuntu/tb21/jobs/tb21c-8x512k-hyd-p1-s3/mailman__DSozsrw/agent/trajectory.json
Parser warnings: - Extra text detected before JSON object
Sending keys: ["sed -n '230,470p' /usr/lib/python3/dist-packages/mailman/app/subscriptions.py\n"] min_timeout_sec: 0.5 max_timeout_sec: 180.0
Trajectory dumped to /home/ubuntu/tb21/jobs/tb21c-8x512k-hyd-p1-s3/mailman__DSozsrw/agent/trajectory.json
Parser warnings: - Extra text detected before JSON object
Sending keys: ["sed -n '250,360p' /usr/lib/python3/dist-packages/mailman/app/subscriptions.py\n"] min_timeout_sec: 0.5 max_timeout_sec: 180.0
Trajectory dumped to /home/ubuntu/tb21/jobs/tb21c-8x512k-hyd-p1-s3/mailman__DSozsrw/agent/trajectory.json
Trajectory dumped to /home/ubuntu/tb21/jobs/tb21c-8x512k-hyd-p1-s3/build-pov-ray__jCfeQAo/agent/trajectory.json
Trajectory dumped to /home/ubuntu/tb21/jobs/tb21c-8x512k-hyd-p1-s3/build-pov-ray__jCfeQAo/agent/trajectory.json
Collecting main service artifacts
Trajectory dumped to /home/ubuntu/tb21/jobs/tb21c-8x512k-hyd-p1-s3/sam-cell-seg__GyBttaA/agent/trajectory.json
Parser warnings: - Extra text detected before JSON object
Sending keys: ["sed -n '360,420p' /usr/lib/python3/dist-packages/mailman/app/subscriptions.py\n"] min_timeout_sec: 0.5 max_timeout_sec: 180.0
Sending keys: ["grep -rn 'confirm' /usr/lib/python3/dist-packages/mailman/model/mailinglist.py | head -30\n"] min_timeout_sec: 0.5 max_timeout_sec: 180.0
Trajectory dumped to /home/ubuntu/tb21/jobs/tb21c-8x512k-hyd-p1-s3/mailman__DSozsrw/agent/trajectory.json
Registered custom model 'hosted_vllm/qwen38' with info: {'max_input_tokens': 524288, 'max_output_tokens': 8192, 'input_cost_per_token': 0.0, 'output_cost_per_token': 0.0, 'cache_creation_input_token_cost': 0, 'cache_read_input_token_cost': 0}
Installing: tmux, asciinema
Detected system: {'os': 'debian-based', 'package_manager': 'apt-get', 'update_command': None}
Installing tools using apt-get: DEBIAN_FRONTEND=noninteractive apt-get update && DEBIAN_FRONTEND=noninteractive apt-get install -y tmux asciinema
Parser warnings: - AUTO-CORRECTED: Extracted JSON from mixed content - please fix this in future responses
Sending keys: ["sed -n '325,360p' /usr/lib/python3/dist-packages/mailman/model/mailinglist.py\n"] min_timeout_sec: 0.5 max_timeout_sec: 180.0
Sending keys: ["grep -rn 'verp_confirm_format\\|verp_bounce_format' /usr/lib/python3/dist-packages/mailman/config/schema.cfg\n"] min_timeout_sec: 0.5 max_timeout_sec: 180.0
Sending keys: ["grep -rn 'SubscriptionInvitationNeededEvent' /usr/lib/python3/dist-packages/mailman/ | grep -v test | grep -v __pycache__\n"] min_timeout_sec: 0.5 max_timeout_sec: 180.0
Trajectory dumped to /home/ubuntu/tb21/jobs/tb21c-8x512k-hyd-p1-s3/mailman__DSozsrw/agent/trajectory.json
Starting recording.
Sending keys: ['asciinema rec --stdin /logs/agent/recording.cast', 'Enter'] min_timeout_sec: 1.0 max_timeout_sec: 180.0
Sending keys: ['clear', 'Enter'] min_timeout_sec: 0.0 max_timeout_sec: 180.0
Sending keys: ['ls -la /app\n'] min_timeout_sec: 0.1 max_timeout_sec: 180.0
Sending keys: ['file /app/mystery\n'] min_timeout_sec: 0.1 max_timeout_sec: 180.0
Sending keys: ['strings /app/mystery | head -100\n'] min_timeout_sec: 0.1 max_timeout_sec: 180.0
Sending keys: ['which objdump readelf gcc python3\n'] min_timeout_sec: 0.1 max_timeout_sec: 180.0
Trajectory dumped to /home/ubuntu/tb21/jobs/tb21c-8x512k-hyd-p1-s3/path-tracing-reverse__eGEAaSn/agent/trajectory.json
Sending keys: ['cd /app && ./mystery; echo "EXIT: $?"\n'] min_timeout_sec: 1.0 max_timeout_sec: 180.0
Sending keys: ['./mystery | head -50\n'] min_timeout_sec: 1.0 max_timeout_sec: 180.0
Sending keys: ['readelf -h /app/mystery\n'] min_timeout_sec: 0.5 max_timeout_sec: 180.0
Sending keys: ['readelf -d /app/mystery | head -30\n'] min_timeout_sec: 0.5 max_timeout_sec: 180.0
Trajectory dumped to /home/ubuntu/tb21/jobs/tb21c-8x512k-hyd-p1-s3/path-tracing-reverse__eGEAaSn/agent/trajectory.json
Parser warnings: - Extra text detected before JSON object
- Extra text detected after JSON object
Sending keys: ['cd /app && ls -la image.ppm && head -c 100 image.ppm | xxd | head -20\n'] min_timeout_sec: 0.3 max_timeout_sec: 180.0
Sending keys: ["echo '--- header lines ---' && head -c 40 image.ppm\n"] min_timeout_sec: 0.3 max_timeout_sec: 180.0
Sending keys: ["echo '--- size ---' && stat -c %s image.ppm\n"] min_timeout_sec: 0.3 max_timeout_sec: 180.0
Sending keys: ['md5sum image.ppm && ./mystery >/dev/null && md5sum image.ppm && ./mystery >/dev/null && md5sum image.ppm\n'] min_timeout_sec: 1.0 max_timeout_sec: 180.0
Trajectory dumped to /home/ubuntu/tb21/jobs/tb21c-8x512k-hyd-p1-s3/path-tracing-reverse__eGEAaSn/agent/trajectory.json
Sending keys: ['cd /app && head -c 200 image.ppm\n'] min_timeout_sec: 0.3 max_timeout_sec: 180.0
Sending keys: ['python3 -c "\nimport sys\nd=open(\'image.ppm\',\'rb\').read()\nprint(repr(d[:60]))\n"\n'] min_timeout_sec: 0.3 max_timeout_sec: 180.0
Sending keys: ["python3 << 'EOF'\nimport re\nd=open('image.ppm','rb').read().decode()\n# find header\nidx=d.index('255')\nprint('header part:',repr(d[:idx+3]))\nEOF\n"] min_timeout_sec: 0.3 max_timeout_sec: 180.0
Trajectory dumped to /home/ubuntu/tb21/jobs/tb21c-8x512k-hyd-p1-s3/path-tracing-reverse__eGEAaSn/agent/trajectory.json
Sending keys: ["python3 << 'EOF'\nimport re\nd=open('image.ppm','rb').read().decode()\nheader_end=d.index('255')+3\n# after header there should be a newline\nrest=d[header_end:]\nprint('after 255:',repr(rest[:5]))\nnums=rest.split()\nprint('num tokens:',len(nums))\npx=[tuple(map(int,nums[i*3:i*3+3])) for i in range(800*600)]\n# Check per row what ranges of R,G,B\nfor y in range(0,600,50):\n    row=px[y*800:(y+1)*800]\n    rs=[p[0] for p in row]; gs=[p[1] for p in row]; bs=[p[2] for p in row]\n    print(y, 'R',min(rs),max(rs),'G',min(gs),max(gs),'B',min(bs),max(bs))\nEOF\n"] min_timeout_sec: 1.0 max_timeout_sec: 180.0
Trajectory dumped to /home/ubuntu/tb21/jobs/tb21c-8x512k-hyd-p1-s3/path-tracing-reverse__eGEAaSn/agent/trajectory.json
Parser warnings: - Extra text detected before JSON object
Sending keys: ['MSAM=$(python3 -c "import os,importlib.util as u; print(os.path.dirname(u.find_spec(\'mobile_sam\').origin))"); sed -n \'60,80p\' $MSAM/modeling/tiny_vit_sam.py\n'] min_timeout_sec: 1.0 max_timeout_sec: 180.0
Sending keys: ["python3 << 'EOF'\nimport re\nd=open('image.ppm','rb').read().decode()\nrest=d[d.index('255')+3:]\nnums=rest.split()\npx=[tuple(map(int,nums[i*3:i*3+3])) for i in range(800*600)]\n# downsample to 80x60, map brightness to chars\nchars=' .:-=+*#%@'\ndef bright(p):\n    return (p[0]+p[1]+p[2])/3\nfor y in range(0,600,10):\n    row=''\n    for x in range(0,800,10):\n        p=px[y*800+x]\n        b=bright(p)\n        row+=chars[int(b/256*len(chars))]\n    print(row)\nEOF\n"] min_timeout_sec: 1.0 max_timeout_sec: 180.0
Sending keys: ['grep -m1 "model name" /proc/cpuinfo; grep -m1 flags /proc/cpuinfo | tr \' \' \'\\n\' | grep -iE "avx512|avx2|fma" | head\n'] min_timeout_sec: 1.0 max_timeout_sec: 180.0
Trajectory dumped to /home/ubuntu/tb21/jobs/tb21c-8x512k-hyd-p1-s3/path-tracing-reverse__eGEAaSn/agent/trajectory.json
Sending keys: ["cd /app && cat > /tmp/locate3.py << 'PYEOF'\nimport faulthandler, warnings, sys, os, time\nfaulthandler.enable(); warnings.filterwarnings('ignore')\nimport numpy as np, cv2, torch\ntorch.backends.mkldnn.enabled = False\nprint('mkldnn disabled'); sys.stdout.flush()\nimg = cv2.imread('/app/demo_rgb.png'); rgb = cv2.cvtColor(img, cv2.COLOR_BGR2RGB)\nfrom mobile_sam import build_sam_vit_t, SamPredictor\nm = build_sam_vit_t(checkpoint='/app/mobile_sam.pt'); print('built'); sys.stdout.flush()\np = SamPredictor(m)\np.set_image(rgb, image_format='RGB'); print('set_image OK'); sys.stdout.flush()\nmasks,iou,low = p.predict(point_coords=np.array([[128.,128.]]), point_labels=np.array([1]), multimask_output=False)\nprint('predict OK area', int(masks[0].sum()), 'iou', float(iou[0])); sys.stdout.flush()\nPYEOF\npython3 /tmp/locate3.py 2>&1 | tail -25\n"] min_timeout_sec: 60 max_timeout_sec: 180.0
Parser warnings: - Extra text detected before JSON object
Sending keys: ["cat > /app/analyze2.py << 'PYEOF'\nimport re\n\ndef parse_fasta(fn):\n    seqs = {}\n    name=None; buf=[]\n    with open(fn) as f:\n        for line in f:\n            line=line.rstrip('\\n')\n            if line.startswith('>'):\n                if name is not None: seqs[name]=''.join(buf)\n                name=line[1:].strip(); buf=[]\n            else: buf.append(line.strip())\n    if name is not None: seqs[name]=''.join(buf)\n    return seqs\n\nseqs=parse_fasta('/app/sequences.fasta')\ninp=seqs['input']; out=seqs['output']\negfp=seqs['egfp']; flag=seqs['flag']; snap=seqs['snap']\n\ndef find_best(s, h):\n    # search for s in h (h may be circular double)\n    i=h.find(s)\n    return i\n\n# Try egfp without leading atg variants\nfor label, s in [('egfp',egfp),('egfp[3:]',egfp[3:]),('egfp noATG',egfp[3:])]:\n    print(label, 'in out:', out.find(s))\n\n# find longest prefix of egfp present in out\nfor L in range(len(egfp),0,-1):\n    if out.find(egfp[:L])>=0:\n        print('egfp longest prefix in out: len',L); break\nfor L in range(len(egfp),0,-1):\n    if out.find(egfp[len(egfp)-L:])>=0:\n        print('egfp longest suffix in out: len',L); break\n\n# show context in output where egfp core starts\ni = out.find('agcaagggcgaggagct')\nprint('egfp-core start idx:', i)\nprint('out[i-30:i+30]:', out[i-30:i+30])\nPYEOF\npython3 /app/analyze2.py\n"] min_timeout_sec: 1.0 max_timeout_sec: 180.0
Sending keys: ['echo \'=== apt ===\'; which apt-get apt 2>&1; echo \'=== pip ===\'; which pip pip3 2>&1; python3 -m pip --version 2>&1 | head -2; echo \'=== net via python ===\'; timeout 8 python3 -c "import socket; socket.setdefaulttimeout(5); socket.create_connection((\'pypi.org\',443)); print(\'NET OK\')" 2>&1\n'] min_timeout_sec: 12.0 max_timeout_sec: 180.0
Parser warnings: - AUTO-CORRECTED: Extracted JSON from mixed content - please fix this in future responses
Sending keys: ["sed -n '640,760p' /usr/lib/python3/dist-packages/mailman/app/subscriptions.py\n"] min_timeout_sec: 0.5 max_timeout_sec: 180.0
Trajectory dumped to /home/ubuntu/tb21/jobs/tb21c-8x512k-hyd-p1-s3/mailman__DSozsrw/agent/trajectory.json
Sending keys: ["python3 << 'EOF'\nimport re\nd=open('image.ppm','rb').read().decode()\nrest=d[d.index('255')+3:]\nnums=rest.split()\npx=[tuple(map(int,nums[i*3:i*3+3])) for i in range(800*600)]\ndef show_row(y, step=1):\n    vals=[px[y*800+x] for x in range(0,800,step)]\n    print('y=%d'%y)\n    for x,v in zip(range(0,800,step),vals):\n        print('  x=%d %s'%(x,v))\n# Look at top-left corner region\nshow_row(0, 80)\nprint()\nshow_row(0, 20)\nEOF\n"] min_timeout_sec: 1.0 max_timeout_sec: 180.0
Trajectory dumped to /home/ubuntu/tb21/jobs/tb21c-8x512k-hyd-p1-s3/path-tracing-reverse__eGEAaSn/agent/trajectory.json
Trajectory dumped to /home/ubuntu/tb21/jobs/tb21c-8x512k-hyd-p1-s3/dna-assembly__A6y8ZL7/agent/trajectory.json
Parser warnings: - Extra text detected before JSON object
Sending keys: ["sed -n '600,645p' /usr/lib/python3/dist-packages/mailman/app/subscriptions.py\n"] min_timeout_sec: 0.5 max_timeout_sec: 180.0
Sending keys: ["sed -n '340,395p' /usr/lib/python3/dist-packages/mailman/app/subscriptions.py\n"] min_timeout_sec: 0.5 max_timeout_sec: 180.0
Sending keys: ["echo '=== invite template subject ==='; find /usr/lib/python3/dist-packages/mailman -path '*templates*' -name '*invite*' 2>/dev/null; grep -rln 'list:user:action:invite\\|action:invite' /usr/lib/python3/dist-packages/mailman 2>/dev/null | grep -v __pycache__ | head\n"] min_timeout_sec: 0.5 max_timeout_sec: 180.0
Trajectory dumped to /home/ubuntu/tb21/jobs/tb21c-8x512k-hyd-p1-s3/mailman__DSozsrw/agent/trajectory.json
Sending keys: ["python3 << 'EOF'\nimport re\nimport math\nd=open('image.ppm','rb').read().decode()\nrest=d[d.index('255')+3:]\nnums=rest.split()\npx=[tuple(map(int,nums[i*3:i*3+3])) for i in range(800*600)]\n# Sample R,G at center column x=400 for sky rows\nprint('x=400 sky column (R,G):')\nfor y in range(0,300,25):\n    print(' y=%d R=%d G=%d B=%d'%(y,*px[y*800+400]))\nprint()\nprint('y=150 row (R):')\nfor x in range(0,800,100):\n    print(' x=%d %s'%(x,px[150*800+x]))\nEOF\n"] min_timeout_sec: 1.0 max_timeout_sec: 180.0
Trajectory dumped to /home/ubuntu/tb21/jobs/tb21c-8x512k-hyd-p1-s3/path-tracing-reverse__eGEAaSn/agent/trajectory.json
Parser warnings: - Extra text detected before JSON object
Sending keys: ["sed -n '600,640p' /usr/lib/python3/dist-packages/mailman/app/subscriptions.py\n"] min_timeout_sec: 0.5 max_timeout_sec: 180.0
Sending keys: ["echo '=== en invite template ==='; cat /usr/lib/python3/dist-packages/mailman/templates/en/list:user:action:invite.txt\n"] min_timeout_sec: 0.5 max_timeout_sec: 180.0
Trajectory dumped to /home/ubuntu/tb21/jobs/tb21c-8x512k-hyd-p1-s3/mailman__DSozsrw/agent/trajectory.json
Sending keys: ["cd /app && gzip -9 -c image.ppm | wc -c && echo '---12 level---' && gzip -1 -c image.ppm | wc -c\n"] min_timeout_sec: 1.0 max_timeout_sec: 180.0
Sending keys: ['for i in 1 2 3; do ./mystery 2>&1 | grep Progress; done\n'] min_timeout_sec: 1.0 max_timeout_sec: 180.0
Sending keys: ["python3 << 'EOF'\nimport re\nd=open('image.ppm','rb').read().decode()\nrest=d[d.index('255')+3:]\nnums=rest.split()\npx=[tuple(map(int,nums[i*3:i*3+3])) for i in range(800*600)]\n# bottom grayscale dot pattern: look at a region, e.g., y=500-520, x=0-60\nprint('y=500:')\nprint([px[500*800+x][0] for x in range(0,80)])\nprint('y=505:')\nprint([px[505*800+x][0] for x in range(0,80)])\nEOF\n"] min_timeout_sec: 1.0 max_timeout_sec: 180.0
Trajectory dumped to /home/ubuntu/tb21/jobs/tb21c-8x512k-hyd-p1-s3/path-tracing-reverse__eGEAaSn/agent/trajectory.json
Trajectory dumped to /home/ubuntu/tb21/jobs/tb21c-8x512k-hyd-p1-s3/sam-cell-seg__GyBttaA/agent/trajectory.json
Parser warnings: - Extra text detected before JSON object
Sending keys: ["grep -n 'def aliases\\|class PostfixAliases\\|def _aliases\\|-confirm\\|-join\\|-leave\\|_request\\|-request\\|-owner\\|-bounces\\|-subscribe\\|-unsubscribe' /usr/lib/python3/dist-packages/mailman/mta/postfix.py\n"] min_timeout_sec: 0.5 max_timeout_sec: 180.0
Parser warnings: - Extra text detected before JSON object
Sending keys: [''] min_timeout_sec: 50.0 max_timeout_sec: 180.0
Sending keys: ["sed -n '220,320p' /usr/lib/python3/dist-packages/mailman/mta/postfix.py\n"] min_timeout_sec: 0.5 max_timeout_sec: 180.0
Sending keys: ["python3 << 'EOF'\nimport re\nd=open('image.ppm','rb').read().decode()\nrest=d[d.index('255')+3:]\nnums=rest.split()\npx=[tuple(map(int,nums[i*3:i*3+3])) for i in range(800*600)]\n# find non-152 in row 500\nrow=[px[500*800+x][0] for x in range(800)]\nprint('row500 distinct positions where !=152:')\npositions=[(x,v) for x,v in enumerate(row) if v!=152]\nprint(len(positions), positions[:40])\nEOF\n"] min_timeout_sec: 1.0 max_timeout_sec: 180.0
Trajectory dumped to /home/ubuntu/tb21/jobs/tb21c-8x512k-hyd-p1-s3/mailman__DSozsrw/agent/trajectory.json
Trajectory dumped to /home/ubuntu/tb21/jobs/tb21c-8x512k-hyd-p1-s3/path-tracing-reverse__eGEAaSn/agent/trajectory.json
Sending keys: ["python3 << 'EOF'\nimport re\nd=open('image.ppm','rb').read().decode()\nrest=d[d.index('255')+3:]\nnums=rest.split()\npx=[tuple(map(int,nums[i*3:i*3+3])) for i in range(800*600)]\ndef runs(rowvals):\n    out=[]\n    cur=rowvals[0]; start=0\n    for i in range(1,len(rowvals)):\n        if rowvals[i]!=cur:\n            out.append((start,i-1,cur)); cur=rowvals[i]; start=i\n    out.append((start,len(rowvals)-1,cur))\n    return out\nfor y in [300,350,400,450,500,550,599]:\n    row=[px[y*800+x][0] for x in range(800)]\n    print('y=%d runs:'%y, runs(row))\nEOF\n"] min_timeout_sec: 1.0 max_timeout_sec: 180.0
Trajectory dumped to /home/ubuntu/tb21/jobs/tb21c-8x512k-hyd-p1-s3/path-tracing-reverse__eGEAaSn/agent/trajectory.json
Parser warnings: - Extra text detected before JSON object
Sending keys: ["grep -rn 'def aliases\\|IMailTransportAgentAliases\\|class PostfixAliases\\|def destinations\\|def _aliases' /usr/lib/python3/dist-packages/mailman/mta/*.py /usr/lib/python3/dist-packages/mailman/mta/**/*.py 2>/dev/null | grep -v test | grep -v __pycache__\n"] min_timeout_sec: 0.5 max_timeout_sec: 180.0
Sending keys: ["grep -rn 'def aliases\\|def _aliases' /usr/lib/python3/dist-packages/mailman/ | grep -v test | grep -v __pycache__\n"] min_timeout_sec: 0.5 max_timeout_sec: 180.0
Trajectory dumped to /home/ubuntu/tb21/jobs/tb21c-8x512k-hyd-p1-s3/mailman__DSozsrw/agent/trajectory.json
Parser warnings: - Extra text detected before JSON object
Sending keys: ["sed -n '30,70p' /usr/lib/python3/dist-packages/mailman/mta/aliases.py\n"] min_timeout_sec: 0.5 max_timeout_sec: 180.0
Sending keys: ["sed -n '580,640p' /usr/lib/python3/dist-packages/mailman/model/mailinglist.py\n"] min_timeout_sec: 0.5 max_timeout_sec: 180.0
Trajectory dumped to /home/ubuntu/tb21/jobs/tb21c-8x512k-hyd-p1-s3/mailman__DSozsrw/agent/trajectory.json
Trajectory dumped to /home/ubuntu/tb21/jobs/tb21c-8x512k-hyd-p1-s3/sam-cell-seg__GyBttaA/agent/trajectory.json
Parser warnings: - Extra text detected before JSON object
Sending keys: [''] min_timeout_sec: 40.0 max_timeout_sec: 180.0
Sending keys: ["python3 << 'EOF'\nimport re\nimport math\nd=open('image.ppm','rb').read().decode()\nrest=d[d.index('255')+3:]\nnums=rest.split()\npx=[tuple(map(int,nums[i*3:i*3+3])) for i in range(800*600)]\n# For bottom, map value: 152->' ', 67->'#', other->'o'\ndef sym(v):\n    if v==152: return ' '\n    if v==67: return '#'\n    return 'o'\nfor y in range(300,600,20):\n    print('y=%3d'%y, ''.join(sym(px[y*800+x][0]) for x in range(800)))\nEOF\n"] min_timeout_sec: 1.0 max_timeout_sec: 180.0
Trajectory dumped to /home/ubuntu/tb21/jobs/tb21c-8x512k-hyd-p1-s3/path-tracing-reverse__eGEAaSn/agent/trajectory.json
Parser warnings: - Extra text detected before JSON object
Sending keys: ["grep -rn 'class UserNotification' /usr/lib/python3/dist-packages/mailman/ | grep -v test | grep -v __pycache__\n"] min_timeout_sec: 0.5 max_timeout_sec: 180.0
Sending keys: ["sed -n '120,290p' /usr/lib/python3/dist-packages/mailman/runners/lmtp.py\n"] min_timeout_sec: 0.5 max_timeout_sec: 180.0
Trajectory dumped to /home/ubuntu/tb21/jobs/tb21c-8x512k-hyd-p1-s3/mailman__DSozsrw/agent/trajectory.json
Parser warnings: - Extra text detected before JSON object
Sending keys: ["sed -n '150,240p' /usr/lib/python3/dist-packages/mailman/runners/lmtp.py\n"] min_timeout_sec: 0.5 max_timeout_sec: 180.0
Sending keys: ["grep -rn 'class UserNotification\\|class MailMessage' /usr/lib/python3/dist-packages/mailman/messages/*.py | grep -v __pycache__\n"] min_timeout_sec: 0.5 max_timeout_sec: 180.0
Trajectory dumped to /home/ubuntu/tb21/jobs/tb21c-8x512k-hyd-p1-s3/mailman__DSozsrw/agent/trajectory.json
Sending keys: ["python3 << 'EOF'\nimport re\nfrom collections import Counter\nd=open('image.ppm','rb').read().decode()\nrest=d[d.index('255')+3:]\nnums=rest.split()\npx=[tuple(map(int,nums[i*3:i*3+3])) for i in range(800*600)]\n# distinct R,G,B values\ncR=Counter(p[0] for p in px); cG=Counter(p[1] for p in px); cB=Counter(p[2] for p in px)\nprint('R distinct:',sorted(cR))\nprint('G distinct:',sorted(cG))\nprint('B distinct:',sorted(cB))\nEOF\n"] min_timeout_sec: 1.0 max_timeout_sec: 180.0
Trajectory dumped to /home/ubuntu/tb21/jobs/tb21c-8x512k-hyd-p1-s3/path-tracing-reverse__eGEAaSn/agent/trajectory.json
Parser warnings: - Extra text detected before JSON object
Sending keys: ["cat > /app/junction.py << 'PYEOF'\nimport re\n\ndef parse_fasta(fn):\n    seqs={}; name=None; buf=[]\n    for line in open(fn):\n        line=line.rstrip('\\n')\n        if line.startswith('>'):\n            if name is not None: seqs[name]=''.join(buf)\n            name=line[1:].strip(); buf=[]\n        else: buf.append(line.strip())\n    if name is not None: seqs[name]=''.join(buf)\n    return seqs\n\nS=parse_fasta('/app/sequences.fasta')\ninp=out=S if False else None\ninp=S['input']; out=S['output']; egfp=S['egfp']; flag=S['flag']; snap=S['snap']\n\ndef find_all(s,h):\n    res=[]; i=h.find(s)\n    while i>=0:\n        res.append(i); i=h.find(s,i+1)\n    return res\n\n# locate each part (use 20-nt anchors from each end to be safe)\ndef locate(part):\n    a=part[:20]; b=part[-20:]\n    ia=find_all(a,out); ib=find_all(b,out)\n    return ia,ib\n\nfor nm,part in [('egfp',egfp),('flag',flag),('snap',snap)]:\n    ia,ib=locate(part)\n    print(nm,'anchor_starts(20) at:',ia,' anchor_ends(20) at:',ib)\n\n# Determine egfp position\nse=out.find(egfp[:20])\nprint('\\negfp starts at', se)\n# check full egfp\nprint('out[se:se+717]==egfp ?', out[se:se+717]==egfp)\n# show 40nt after egfp full\nprint('after 717nt (egfp end region):'); print(repr(out[se+700:se+760]))\nprint('egfp tail:', repr(egfp[697:717]))\nPYEOF\npython3 /app/junction.py\n"] min_timeout_sec: 1.0 max_timeout_sec: 180.0
Trajectory dumped to /home/ubuntu/tb21/jobs/tb21c-8x512k-hyd-p1-s3/dna-assembly__A6y8ZL7/agent/trajectory.json
Trajectory dumped to /home/ubuntu/tb21/jobs/tb21c-8x512k-hyd-p1-s3/sam-cell-seg__GyBttaA/agent/trajectory.json
Parser warnings: - Extra text detected before JSON object
Sending keys: ['ps -eo pid,pcpu,etime,comm,args --sort=-pcpu | grep -E "python|locate" | grep -v grep | head\n'] min_timeout_sec: 3.0 max_timeout_sec: 180.0
Sending keys: ['python3 -c "import torch, numpy; print(\'torch\', torch.__version__); print(\'numpy\', numpy.__version__)"\n'] min_timeout_sec: 5.0 max_timeout_sec: 180.0
Trajectory dumped to /home/ubuntu/tb21/jobs/tb21c-8x512k-hyd-p1-s3/sam-cell-seg__GyBttaA/agent/trajectory.json
Sending keys: ["python3 << 'EOF'\nimport re\nimport math\nd=open('image.ppm','rb').read().decode()\nrest=d[d.index('255')+3:]\nnums=rest.split()\npx=[tuple(map(int,nums[i*3:i*3+3])) for i in range(800*600)]\n# horizon: first y where B != 255 for each x\nhz=[]\nfor x in range(0,800,40):\n    yy=None\n    for y in range(600):\n        if px[y*800+x][2]!=255:\n            yy=y; break\n    hz.append((x,yy))\nprint('horizon (x,y_first_non_sky):',hz)\n# sky R,G at grid\nprint('sky R at y=0:', [px[0*800+x][0] for x in range(0,801,100)])\nprint('sky G at y=0:', [px[0*800+x][1] for x in range(0,801,100)])\nprint('sky R at x=400,y=0..200:', [px[y*800+400][0] for y in range(0,201,10)])\nprint('sky G at x=400,y=0..200:', [px[y*800+400][1] for y in range(0,201,10)])\nprint('corner sky (0,0),(799,0),(0,250),(799,250):', px[0], px[799], px[250*800], px[250*800+799])\nEOF\n"] min_timeout_sec: 1.0 max_timeout_sec: 180.0
Trajectory dumped to /home/ubuntu/tb21/jobs/tb21c-8x512k-hyd-p1-s3/path-tracing-reverse__eGEAaSn/agent/trajectory.json
Parser warnings: - Extra text detected before JSON object
Sending keys: [''] min_timeout_sec: 45.0 max_timeout_sec: 180.0
Parser warnings: - Extra text detected before JSON object
Sending keys: ["grep -rn 'def split_recipient' /usr/lib/python3/dist-packages/mailman/ | grep -v __pycache__ | grep -v test\n"] min_timeout_sec: 0.5 max_timeout_sec: 180.0
Sending keys: ["sed -n '1,60p' /usr/lib/python3/dist-packages/mailman/runners/lmtp.py | grep -n 'SUBADDRESS\\|import\\|from'\n"] min_timeout_sec: 0.5 max_timeout_sec: 180.0
Sending keys: ["grep -n 'SUBADDRESS_NAMES\\|SUBADDRESS_QUEUES' /usr/lib/python3/dist-packages/mailman/runners/lmtp.py\n"] min_timeout_sec: 0.5 max_timeout_sec: 180.0
Sending keys: ["grep -rn 'def names\\|def name_components\\|self._names\\|_names' /usr/lib/python3/dist-packages/mailman/lists.py | head -20\n"] min_timeout_sec: 0.5 max_timeout_sec: 180.0
Trajectory dumped to /home/ubuntu/tb21/jobs/tb21c-8x512k-hyd-p1-s3/mailman__DSozsrw/agent/trajectory.json
Parser warnings: - Extra text detected before JSON object
Parser warnings: - Extra text detected before JSON object
Sending keys: ["sed -n '65,148p' /usr/lib/python3/dist-packages/mailman/runners/lmtp.py\n"] min_timeout_sec: 0.5 max_timeout_sec: 180.0
Sending keys: ["grep -rln 'class.*ListManager\\|def names' /usr/lib/python3/dist-packages/mailman/ | grep -v __pycache__ | grep -v test\n"] min_timeout_sec: 0.5 max_timeout_sec: 180.0
Trajectory dumped to /home/ubuntu/tb21/jobs/tb21c-8x512k-hyd-p1-s3/mailman__DSozsrw/agent/trajectory.json
Sending keys: ["python3 << 'EOF'\nimport math\n# sky data points (x,y)->(R,G)\npts=[(400,0,146,190),(0,0,159,197),(799,0,159,197),(400,200,171,205),(0,250,185,213),(799,250,185,213),\n(400,100,156,196),(400,50,151,193),(200,0,151,193),(600,0,151,193),(0,150,173,206),(799,150,173,206)]\n# try R = a + b*sqrt((x-400)^2+(y-cy)^2)\nimport itertools\n# search cy and fit b via least squares for R and G\nbest=None\ndef fit(cy,chan):\n    # linear model R=a+b*d, minimize over a,b\n    d=[math.hypot(x-400,y-cy) for x,y,_,_ in pts]\n    vals=[(chan==0 and p[2] or p[3]) for p in pts]\n    n=len(pts)\n    sdd=sum(v*v for v in vals); sdy=sum(v for v in vals); sxd=sum(dd for dd in d); sx2=sum(dd*dd for dd in d)\n    denom=n*sx2-sxd*sxd\n    b=(n*sdd-sxd*sdy)/denom; a=(sdy-b*sxd)/n\n    err=sum((a+b*dd-v)**2 for dd,v in zip(d,vals))\n    return a,b,err\nfor cy in [0,100,150,200,250,300]:\n    for chan in [0,1]:\n        a,b,err=fit(cy,chan)\n        print('cy=%d chan=%d R=%.3f b=%.5f err=%.2f'%(cy,chan,a,b,err))\nEOF\n"] min_timeout_sec: 1.0 max_timeout_sec: 180.0
Sending keys: ["objdump -d /app/mystery | grep -n 'printf\\|putchar\\|fputs\\|write' | head\n"] min_timeout_sec: 2.0 max_timeout_sec: 180.0
Sending keys: ['objdump -d /app/mystery > /tmp/dump.txt 2>&1; wc -l /tmp/dump.txt\n'] min_timeout_sec: 3.0 max_timeout_sec: 180.0
Trajectory dumped to /home/ubuntu/tb21/jobs/tb21c-8x512k-hyd-p1-s3/path-tracing-reverse__eGEAaSn/agent/trajectory.json
Trajectory dumped to /home/ubuntu/tb21/jobs/tb21c-8x512k-hyd-p1-s3/sam-cell-seg__GyBttaA/agent/trajectory.json
Parser warnings: - Extra text detected before JSON object
Sending keys: [''] min_timeout_sec: 20.0 max_timeout_sec: 180.0
Sending keys: ["python3 << 'EOF'\nimport re\ntry:\n    import numpy as np\n    HAVE=True\nexcept:\n    HAVE=False\n    print('no numpy')\nd=open('image.ppm','rb').read().decode()\nrest=d[d.index('255')+3:]\nnums=rest.split()\npx=[tuple(map(int,nums[i*3:i*3+3])) for i in range(800*600)]\n# collect sky pixels\nxs=[];ys=[];Rs=[];Gs=[]\nfor y in range(600):\n    for x in range(800):\n        p=px[y*800+x]\n        if p[2]==255:\n            xs.append(x);ys.append(y);Rs.append(p[0]);Gs.append(p[1])\nprint('num sky:',len(xs))\nif HAVE:\n    X=np.array(xs);Y=np.array(ys)\n    U=(X-400.0)**2\n    for name,vals,basis in [('R',Rs,[np.ones_like(X),U,Y,U*Y]),('G',Gs,[np.ones_like(X),U,Y,U*Y])]:\n        M=np.column_stack(basis)\n        coef,res,rank,sv=np.linalg.lstsq(M,vals,rcond=None)\n        pred=M@coef\n        err=pred-np.array(vals)\n        print(name,'coef=',coef,'maxerr=%.3f rms=%.3f'%(abs(err).max(),np.sqrt((err**2).mean())))\nEOF\n"] min_timeout_sec: 2.0 max_timeout_sec: 180.0
Trajectory dumped to /home/ubuntu/tb21/jobs/tb21c-8x512k-hyd-p1-s3/path-tracing-reverse__eGEAaSn/agent/trajectory.json
Parser warnings: - Extra text detected before JSON object
Sending keys: ["sed -n '65,94p' /usr/lib/python3/dist-packages/mailman/runners/lmtp.py\n"] min_timeout_sec: 0.5 max_timeout_sec: 180.0
Sending keys: ["grep -rn 'verp_delimiter' /usr/lib/python3/dist-packages/mailman/config/schema.cfg\n"] min_timeout_sec: 0.5 max_timeout_sec: 180.0
Sending keys: ["grep -rn 'def process_commands\\|confirm\\|token\\|verp\\|+\\|split_recipient\\|rcpt' /usr/lib/python3/dist-packages/mailman/commands/cli_confirm.py 2>/dev/null | head; echo '=== find confirm processing ==='; grep -rln 'def confirm\\|confirm(' /usr/lib/python3/dist-packages/mailman/app/*.py | grep -v __pycache__\n"] min_timeout_sec: 0.5 max_timeout_sec: 180.0
Trajectory dumped to /home/ubuntu/tb21/jobs/tb21c-8x512k-hyd-p1-s3/mailman__DSozsrw/agent/trajectory.json
Sending keys: ['echo "===== SHELL READY MARKER $$(date +%s) ====="\n'] min_timeout_sec: 2.0 max_timeout_sec: 180.0
Trajectory dumped to /home/ubuntu/tb21/jobs/tb21c-8x512k-hyd-p1-s3/sam-cell-seg__GyBttaA/agent/trajectory.json
Parser warnings: - Extra text detected before JSON object
Sending keys: ["sed -n '236,285p' /usr/lib/python3/dist-packages/mailman/runners/lmtp.py\n"] min_timeout_sec: 0.5 max_timeout_sec: 180.0
Sending keys: ["grep -rln 'class.*Runner\\|def run\\|process_commands\\|do_command\\|confirm' /usr/lib/python3/dist-packages/mailman/runners/command.py 2>/dev/null; echo '=== command runner ==='; ls /usr/lib/python3/dist-packages/mailman/runners/\n"] min_timeout_sec: 0.5 max_timeout_sec: 180.0
Sending keys: ["grep -rn 'confirm\\|token\\|split_recipient\\|rcpt_tos\\|to_addr\\|+\\|verp' /usr/lib/python3/dist-packages/mailman/commands/cli_confirm.py 2>/dev/null | head -30\n"] min_timeout_sec: 0.5 max_timeout_sec: 180.0
Trajectory dumped to /home/ubuntu/tb21/jobs/tb21c-8x512k-hyd-p1-s3/mailman__DSozsrw/agent/trajectory.json
Parser warnings: - Extra text detected before JSON object
Sending keys: [''] min_timeout_sec: 45.0 max_timeout_sec: 180.0
Parser warnings: - Extra text detected before JSON object
Sending keys: ['wc -l /usr/lib/python3/dist-packages/mailman/runners/command.py\n'] min_timeout_sec: 0.5 max_timeout_sec: 180.0
Sending keys: ["grep -n 'confirm\\|token\\|def \\|subaddress\\|rcpt\\|split\\|verp' /usr/lib/python3/dist-packages/mailman/runners/command.py | head -60\n"] min_timeout_sec: 0.5 max_timeout_sec: 180.0
Trajectory dumped to /home/ubuntu/tb21/jobs/tb21c-8x512k-hyd-p1-s3/mailman__DSozsrw/agent/trajectory.json
Sending keys: ["python3 << 'EOF'\nimport re\nfrom collections import Counter\nd=open('image.ppm','rb').read().decode()\nrest=d[d.index('255')+3:]\nnums=rest.split()\npx=[tuple(map(int,nums[i*3:i*3+3])) for i in range(800*600)]\n# unique RGB tuples\nc=Counter(px)\nprint('num unique tuples:',len(c))\n# how many are grayscale (r==g==b)\nnongray=[(t,n) for t,n in c.items() if t[0]!=t[1] or t[1]!=t[2]]\ngray=[(t,n) for t,n in c.items() if t[0]==t[1]==t[2]]\nprint('gray tuples:',len(gray),'nongray tuples:',len(nongray))\nprint('gray values:',sorted(t[0] for t,_ in gray))\nprint('top nongray:',sorted(nongray,key=lambda x:-x[1])[:20])\nEOF\n"] min_timeout_sec: 1.0 max_timeout_sec: 180.0
Trajectory dumped to /home/ubuntu/tb21/jobs/tb21c-8x512k-hyd-p1-s3/path-tracing-reverse__eGEAaSn/agent/trajectory.json
Parser warnings: - Extra text detected before JSON object
Sending keys: ["sed -n '52,135p' /usr/lib/python3/dist-packages/mailman/runners/command.py\n"] min_timeout_sec: 0.5 max_timeout_sec: 180.0
Sending keys: ["grep -n 'verp_confirm_regexp\\|verp_bounce_regexp' /usr/lib/python3/dist-packages/mailman/config/schema.cfg\n"] min_timeout_sec: 0.5 max_timeout_sec: 180.0
Trajectory dumped to /home/ubuntu/tb21/jobs/tb21c-8x512k-hyd-p1-s3/mailman__DSozsrw/agent/trajectory.json
Parser warnings: - Extra text detected before JSON object
Sending keys: ["sed -n '52,112p' /usr/lib/python3/dist-packages/mailman/runners/command.py\n"] min_timeout_sec: 0.5 max_timeout_sec: 180.0
Trajectory dumped to /home/ubuntu/tb21/jobs/tb21c-8x512k-hyd-p1-s3/mailman__DSozsrw/agent/trajectory.json
Trajectory dumped to /home/ubuntu/tb21/jobs/tb21c-8x512k-hyd-p1-s3/sam-cell-seg__GyBttaA/agent/trajectory.json
Sending keys: ["python3 << 'EOF'\nimport re\nfrom collections import Counter\nd=open('image.ppm','rb').read().decode()\nrest=d[d.index('255')+3:]\nnums=rest.split()\npx=[tuple(map(int,nums[i*3:i*3+3])) for i in range(800*600)]\n# ground = y>=300 region, collect colors and bounding boxes\nboxes={}\nc=Counter()\nfor y in range(300,600):\n    for x in range(800):\n        t=px[y*800+x]\n        c[t]+=1\n        b=boxes.setdefault(t,[x,y,x,y])\n        b[0]=min(b[0],x);b[1]=min(b[1],y);b[2]=max(b[2],x);b[3]=max(b[3],y)\nprint('ground top colors:')\nfor t,n in c.most_common(25):\n    print(' ',t,'count',n,'bbox',boxes[t])\nEOF\n"] min_timeout_sec: 2.0 max_timeout_sec: 180.0
Trajectory dumped to /home/ubuntu/tb21/jobs/tb21c-8x512k-hyd-p1-s3/path-tracing-reverse__eGEAaSn/agent/trajectory.json
Parser warnings: - Extra text detected before JSON object
Sending keys: ["cat > /app/struct.py << 'PYEOF'\nimport re\n\ndef parse_fasta(fn):\n    seqs={}; name=None; buf=[]\n    for line in open(fn):\n        line=line.rstrip('\\n')\n        if line.startswith('>'):\n            if name is not None: seqs[name]=''.join(buf)\n            name=line[1:].strip(); buf=[]\n        else: buf.append(line.strip())\n    if name is not None: seqs[name]=''.join(buf)\n    return seqs\nS=parse_fasta('/app/sequences.fasta')\ninp=S['input']; out=S['output']; egfp=S['egfp']; flag=S['flag']; snap=S['snap']\n\n# egfp start in output\nse=out.find(egfp[:20]); print('egfp starts at',se)\n# find snap end: locate a 30-nt chunk near end of snap\nfor L in range(min(60,len(snap)),0,-1):\n    idx=out.find(snap[-L:])\n    if idx>=0:\n        print('snap tail len',L,'ends at out index',idx+L); break\nE=idx+L\nprint('insert region out[%d:%d] len %d'%(se,E,E-se))\nprint('backbone len = %d (210-ish + %d)'%(se+(len(out)-E),len(out)-E))\n\n# Now reconstruct insert and compare to egfp+flag+snap with deletions\nins=out[se:E]\nprint('\\nINSERT length:',len(ins))\nprint('egfp+flag+snap length:',len(egfp)+len(flag)+len(snap))\n\n# Show junctions in insert\nprint('\\ninsert[0:40]:',ins[:40])\nprint('egfp[:40]:   ',egfp[:40])\nprint('egfp end:',egfp[-20:])\nprint('flag start:',flag[:20])\nprint('flag end:',flag[-20:])\nprint('snap start:',snap[:20])\nprint('snap end:',snap[-20:])\n\n# locate flag in insert\ndef find_all(s,h):\n    r=[]; i=h.find(s)\n    while i>=0:\n        r.append(i); i=h.find(s,i+1)\n    return r\nprint('\\nflag 20-mer starts in insert:', find_all(flag[:20],ins))\nprint('flag 20-mer ends in insert:', find_all(flag[-20:],ins))\nprint('snap 20-mer starts in insert:', find_all(snap[:20],ins))\nprint('snap 20-mer ends in insert:', find_all(snap[-20:],ins))\nPYEOF\npython3 /app/struct.py\n"] min_timeout_sec: 1.0 max_timeout_sec: 180.0
Sending keys: ['echo \'=== apt update (quiet) ===\'; timeout 60 apt-get update -qq 2>&1 | tail -5; echo "apt-update-exit:$?"\n'] min_timeout_sec: 60.0 max_timeout_sec: 180.0
Sending keys: ["python3 << 'EOF'\nimport re\nd=open('image.ppm','rb').read().decode()\nrest=d[d.index('255')+3:]\nnums=rest.split()\npx=[tuple(map(int,nums[i*3:i*3+3])) for i in range(800*600)]\n# OLS fit sky R,G = a0 + a1*u + a2*y + a3*u*y , u=(x-400)^2  (sample every 3rd for speed)\nimport random\npts=[]\nfor y in range(0,300):\n    for x in range(0,800,3):\n        p=px[y*800+x]\n        if p[2]==255:\n            pts.append((x,y,p))\nprint('sky sample pts',len(pts))\ndef fit(vals_idx):\n    # build normal eqs 4x4\n    X=[[1.0,((x-400.0)**2),y,((x-400.0)**2)*y] for x,y,p in pts]\n    v=[p[vals_idx] for x,y,p in pts]\n    import itertools\n    n=4\n    A=[[0.0]*n for _ in range(n)]\n    b=[0.0]*n\n    for row,val in zip(X,v):\n        for i in range(n):\n            b[i]+=row[i]*val\n            for j in range(n):\n                A[i][j]+=row[i]*row[j]\n    # gaussian elim\n    M=[A[i]+[b[i]] for i in range(n)]\n    for i in range(n):\n        p=M[i][i]\n        for j in range(i,n+1): M[i][j]/=p\n        for k in range(n):\n            if k!=i:\n                f=M[k][i]\n                for j in range(i,n+1): M[k][j]-=f*M[i][j]\n    return [M[i][n] for i in range(n)]\nfor name,idx in [('R',0),('G',1)]:\n    c=fit(idx)\n    # max abs error\n    mx=0\n    for x,y,p in pts:\n        u=(x-400.0)**2\n        pred=c[0]+c[1]*u+c[2]*y+c[3]*u*y\n        mx=max(mx,abs(pred-p[idx]))\n    print(name,'coefs=[%f,%f,%f,%f]'%(c[0],c[1],c[2],c[3]),'maxerr=%.3f'%mx)\nEOF\n"] min_timeout_sec: 3.0 max_timeout_sec: 180.0
Parser warnings: - Extra text detected before JSON object
Sending keys: ["echo '=== base runner sections ==='; sed -n '/\\[runner\\./,/^\\[/p' /usr/lib/python3/dist-packages/mailman/config/mailman.cfg | grep -E '^\\[runner|start:|class:|instances:'\n"] min_timeout_sec: 0.5 max_timeout_sec: 180.0
Sending keys: ["echo '=== postfix status ==='; ps aux | grep -E 'postfix|master|pickup|qmgr' | grep -v grep | head; echo '---'; service postfix status 2>&1 | head; echo '--- port 25 ---'; (ss -ltnp 2>/dev/null || netstat -ltnp 2>/dev/null) | grep -E ':25|:8024' \n"] min_timeout_sec: 0.5 max_timeout_sec: 180.0
Sending keys: ["grep -n 'class UserNotification\\|def __init__\\|\\[.from.\\]\\|\\[.From.\\]\\|From\\b' /usr/lib/python3/dist-packages/mailman/messages/message.py | head -30\n"] min_timeout_sec: 0.5 max_timeout_sec: 180.0
Trajectory dumped to /home/ubuntu/tb21/jobs/tb21c-8x512k-hyd-p1-s3/mailman__DSozsrw/agent/trajectory.json
Trajectory dumped to /home/ubuntu/tb21/jobs/tb21c-8x512k-hyd-p1-s3/path-tracing-reverse__eGEAaSn/agent/trajectory.json
Parser warnings: - Extra text detected before JSON object
- Command 1 should end with newline when followed by another command. Otherwise the two commands will be concatenated together on the same line.
- Command 2 should end with newline when followed by another command. Otherwise the two commands will be concatenated together on the same line.
Sending keys: ['C-c'] min_timeout_sec: 3.0 max_timeout_sec: 180.0
Sending keys: ['C-c'] min_timeout_sec: 3.0 max_timeout_sec: 180.0
Sending keys: ['echo "READY $(date +%s)"\n'] min_timeout_sec: 3.0 max_timeout_sec: 180.0
Trajectory dumped to /home/ubuntu/tb21/jobs/tb21c-8x512k-hyd-p1-s3/sam-cell-seg__GyBttaA/agent/trajectory.json
Parser warnings: - Extra text detected before JSON object
Trajectory dumped to /home/ubuntu/tb21/jobs/tb21c-8x512k-hyd-p1-s3/dna-assembly__A6y8ZL7/agent/trajectory.json
Parser warnings: - Extra text detected before JSON object
Sending keys: ["sed -n '/runner.archive/,/runner.digest/p' /usr/lib/python3/dist-packages/mailman/config/mailman.cfg\n"] min_timeout_sec: 0.5 max_timeout_sec: 180.0
Sending keys: ["grep -rln 'class UserNotification' /usr/lib/python3/dist-packages/mailman/ | grep -v __pycache__ | grep -v test\n"] min_timeout_sec: 0.5 max_timeout_sec: 180.0
Trajectory dumped to /home/ubuntu/tb21/jobs/tb21c-8x512k-hyd-p1-s3/mailman__DSozsrw/agent/trajectory.json
Sending keys: ["objdump -s -j .rodata /app/mystery | grep -i 'image\\|progress\\|render\\|high-res\\|downsample\\|ffmpeg\\|Wrote\\|Done' | head -40\n"] min_timeout_sec: 2.0 max_timeout_sec: 180.0
Sending keys: ["grep -n 'image.ppm\\|Progress\\|high-resolution\\|downsampled\\|Rendering' /tmp/dump.txt | head\n"] min_timeout_sec: 2.0 max_timeout_sec: 180.0
Sending keys: ['python3 -c "\nd=open(\'/tmp/dump.txt\')\nimport re\n# find string references: look for .rodata addresses used; instead search raw binary for ascii\nraw=open(\'/app/mystery\',\'rb\').read()\nfor s in [b\'image.ppm\',b\'Progress\',b\'high-resolution\',b\'Wrote image\',b\'Done\',b\'ffmpeg\']:\n    i=raw.find(s)\n    print(s, hex(i), repr(raw[i:i+60]))\n"\n'] min_timeout_sec: 1.0 max_timeout_sec: 180.0
Trajectory dumped to /home/ubuntu/tb21/jobs/tb21c-8x512k-hyd-p1-s3/path-tracing-reverse__eGEAaSn/agent/trajectory.json
Parser warnings: - Extra text detected before JSON object
Sending keys: ["grep -n 'class UserNotification\\|class MailMessage\\|def __init__\\|from_addr\\|\\[.from.\\]\\|set_unparsed\\|_set_from' /usr/lib/python3/dist-packages/mailman/email/message.py | head -40\n"] min_timeout_sec: 0.5 max_timeout_sec: 180.0
Sending keys: ["sed -n '840,900p' /usr/lib/python3/dist-packages/mailman/config/schema.cfg\n"] min_timeout_sec: 0.5 max_timeout_sec: 180.0
Trajectory dumped to /home/ubuntu/tb21/jobs/tb21c-8x512k-hyd-p1-s3/mailman__DSozsrw/agent/trajectory.json
Parser warnings: - Extra text detected before JSON object
Sending keys: ["sed -n '148,215p' /usr/lib/python3/dist-packages/mailman/email/message.py\n"] min_timeout_sec: 0.5 max_timeout_sec: 180.0
Sending keys: ["grep -n 'def __init__\\|from_addr\\|From\\|sender' /usr/lib/python3/dist-packages/mailman/email/message.py | head -25\n"] min_timeout_sec: 0.5 max_timeout_sec: 180.0
Trajectory dumped to /home/ubuntu/tb21/jobs/tb21c-8x512k-hyd-p1-s3/mailman__DSozsrw/agent/trajectory.json
Parser warnings: - Extra text detected before JSON object
Sending keys: ['C-c\n'] min_timeout_sec: 2.0 max_timeout_sec: 180.0
Sending keys: ['echo READY3_$(date +%s)\n'] min_timeout_sec: 2.0 max_timeout_sec: 180.0
Sending keys: ["grep -n '4800a8\\|48006e\\|4821e8\\|4821f9\\|482250\\|482249' /tmp/dump.txt | head -30\n"] min_timeout_sec: 2.0 max_timeout_sec: 180.0
Sending keys: ['jobs; ps aux | grep -c python\n'] min_timeout_sec: 2.0 max_timeout_sec: 180.0
Sending keys: ['readelf -S /app/myntax 2>/dev/null; readelf -S /app/mystery | grep -A1 rodata\n'] min_timeout_sec: 0.5 max_timeout_sec: 180.0
Sending keys: ["grep -n '<main>\\|<start>\\|_start>\\|<.*render' /tmp/dump.txt | head\n"] min_timeout_sec: 2.0 max_timeout_sec: 180.0
Trajectory dumped to /home/ubuntu/tb21/jobs/tb21c-8x512k-hyd-p1-s3/sam-cell-seg__GyBttaA/agent/trajectory.json
Trajectory dumped to /home/ubuntu/tb21/jobs/tb21c-8x512k-hyd-p1-s3/path-tracing-reverse__eGEAaSn/agent/trajectory.json
Parser warnings: - Extra text detected before JSON object
- Extra text detected after JSON object
Parser warnings: - AUTO-CORRECTED: Fixed incomplete JSON by adding missing closing brace - please fix this in future responses
Sending keys: ["sed -n '/^0000000000401740 <main>/,/^0000000000401ea0 /p' /tmp/dump.txt\n"] min_timeout_sec: 1.0 max_timeout_sec: 180.0
Trajectory dumped to /home/ubuntu/tb21/jobs/tb21c-8x512k-hyd-p1-s3/path-tracing-reverse__eGEAaSn/agent/trajectory.json
Parser warnings: - AUTO-CORRECTED: Fixed incomplete JSON by adding missing closing brace - please fix this in future responses
Sending keys: ['python3 -c "\nimport struct\nraw=open(\'/app/mystery\',\'rb\').read()\ndef fo(va): return va-0x400000\nfor va in [0x48002c,0x480030,0x480034,0x485adc]:\n    b=raw[fo(va):fo(va)+4]\n    print(hex(va),\'float\',struct.unpack(\'f\',b))\nprint(\'struct 0x485a58 (48 bytes):\')\nb=raw[fo(0x485a58):fo(0x485a58)+48]\nimport array\nfl=array.array(\'f\'); fl.frombytes(b[:48])\nfor i in range(12): print(\'  \',i,fl[i])\n"\n'] min_timeout_sec: 1.0 max_timeout_sec: 180.0
Sending keys: ["sed -n '/401897:/,/401df8:/p' /tmp/dump.txt\n"] min_timeout_sec: 1.0 max_timeout_sec: 180.0
Trajectory dumped to /home/ubuntu/tb21/jobs/tb21c-8x512k-hyd-p1-s3/path-tracing-reverse__eGEAaSn/agent/trajectory.json
Parser warnings: - AUTO-CORRECTED: Fixed incomplete JSON by adding missing closing brace - please fix this in future responses
Sending keys: ['python3 -c "\nimport struct\nraw=open(\'/app/mystery\',\'rb\').read()\ndef fo(va): return va-0x400000\naddrs=[0x480000,0x480004,0x480008,0x48000c,0x480010,0x480014,0x480018,0x48001c,0x480020,0x480024,0x480028,0x48002c,0x480030,0x480034,0x480038,0x48003c,0x480040,0x480044,0x480048]\nprint(\'--- .rodata floats 0x480000-0x480048 ---\')\nfor va in addrs:\n    b=raw[fo(va):fo(va)+4]\n    f=struct.unpack(\'f\',b)[0]\n    i=struct.unpack(\'i\',b)[0]\n    print(hex(va),\'float=%.8g\'%(f) if abs(f)<1e6 else hex(va))\nprint(\'--- 0x485a40..0x485b00 ---\')\nva=0x485a40\nwhile va<0x485b20:\n    b=raw[fo(va):fo(va)+4]; f=struct.unpack(\'f\',b)[0]\n    print(hex(va),f)\n    va+=4\n"\n'] min_timeout_sec: 1.0 max_timeout_sec: 180.0
Trajectory dumped to /home/ubuntu/tb21/jobs/tb21c-8x512k-hyd-p1-s3/path-tracing-reverse__eGEAaSn/agent/trajectory.json
Parser warnings: - Extra text detected before JSON object
Sending keys: ['pkill -9 -f "python3 /tmp" 2>/dev/null; sleep 1; ps aux | grep -E "python3 /tmp" | grep -v grep | wc -l\n'] min_timeout_sec: 3.0 max_timeout_sec: 180.0
Sending keys: ["cd /app && cat > /tmp/one_thread.py << 'PYEOF'\nimport faulthandler, warnings, sys, os, time\nfaulthandler.enable(); warnings.filterwarnings('ignore')\nos.environ.setdefault('OMP_NUM_THREADS','1')\nimport numpy as np, cv2, torch\ntorch.set_num_threads(1)\nprint('torch threads =', torch.get_num_threads()); sys.stdout.flush()\nimg = cv2.imread('/app/demo_rgb.png'); rgb = cv2.cvtColor(img, cv2.COLOR_BGR2RGB)\nfrom mobile_sam import build_sam_vit_t, SamPredictor\nt0=time.time(); m = build_sam_vit_t(checkpoint='/app/mobile_sam.pt'); print('build %.1fs' % (time.time()-t0)); sys.stdout.flush()\np = SamPredictor(m); sys.stdout.flush()\nt0=time.time(); p.set_image(rgb, image_format='RGB'); print('set_image %.2fs' % (time.time()-t0)); sys.stdout.flush()\nbox=[43,67,139,107]\nfor k in range(3):\n    t0=time.time()\n    masks,iou,low=p.predict(point_coords=np.array([[91.,87.]]), point_labels=np.array([1]), box=box, multimask_output=False)\n    print('predict %d: %.3fs area=%d iou=%.3f' % (k, time.time()-t0, int(masks[0].sum()), float(iou[0]))); sys.stdout.flush()\nprint('ALL DONE'); sys.stdout.flush()\nPYEOF\ntime python3 /tmp/one_thread.py 2>&1 | tail -30\n"] min_timeout_sec: 60 max_timeout_sec: 180.0
Trajectory dumped to /home/ubuntu/tb21/jobs/tb21c-8x512k-hyd-p1-s3/sam-cell-seg__GyBttaA/agent/trajectory.json
Parser warnings: - AUTO-CORRECTED: Fixed incomplete JSON by adding missing closing brace - please fix this in future responses
Sending keys: ["python3 << 'EOF'\nimport re,gzip\nfrom collections import Counter\nd=open('image.ppm','rb').read().decode()\nrest=d[d.index('255')+3:]\nnums=rest.split()\npx=[tuple(map(int,nums[i*3:i*3+3])) for i in range(800*600)]\nc=Counter(px)\npal=list(c.keys())\nidx={t:i for i,t in enumerate(pal)}\nprint('palette size',len(pal))\n# encoding 1: 1 byte index per pixel\nimport io\nbuf=bytearray()\nfor p in px:\n    buf.append(idx[p])\ncomp=gzip.compress(bytes(buf),9)\nprint('indices(1B/px) raw',len(buf),'gz',len(comp))\n# encoding 2: also store palette\nbuf2=bytearray(pal[i][0] for i in range(len(pal)))\nbuf2+=bytearray(pal[i][1] for i in range(len(pal)))\nbuf2+=bytearray(pal[i][2] for i in range(len(pal)))\nbuf2+=bytes(buf)\nprint('idx+palette gz',len(gzip.compress(bytes(buf2),9)))\nEOF\n"] min_timeout_sec: 3.0 max_timeout_sec: 180.0
Trajectory dumped to /home/ubuntu/tb21/jobs/tb21c-8x512k-hyd-p1-s3/path-tracing-reverse__eGEAaSn/agent/trajectory.json
Parser warnings: - Extra text detected before JSON object
Sending keys: ['cd /app && python3 -m pip install --quiet "numpy<2" 2>&1 | tail -5\n'] min_timeout_sec: 60.0 max_timeout_sec: 180.0
Parser warnings: - Extra text detected before JSON object
Sending keys: ["sed -n '1,90p' /usr/lib/python3/dist-packages/mailman/commands/cli_create.py\n"] min_timeout_sec: 0.5 max_timeout_sec: 180.0
Sending keys: ["grep -n 'def names\\|def get\\|def get_by_fqdn\\|def add\\|def list\\|self._lists\\|IListManager' /usr/lib/python3/dist-packages/mailman/model/listmanager.py | head -30\n"] min_timeout_sec: 0.5 max_timeout_sec: 180.0
Sending keys: ['postconf mail_spool_directory home_mailbox mailbox_command local_recipient_maps 2>&1\n'] min_timeout_sec: 0.5 max_timeout_sec: 180.0
Trajectory dumped to /home/ubuntu/tb21/jobs/tb21c-8x512k-hyd-p1-s3/mailman__DSozsrw/agent/trajectory.json
Parser warnings: - Extra text detected before JSON object
Sending keys: ["sed -n '54,140p' /usr/lib/python3/dist-packages/mailman/model/listmanager.py\n"] min_timeout_sec: 0.5 max_timeout_sec: 180.0
Sending keys: ['grep -rln "name=\'create\'\\|\'create\'\\|def create" /usr/lib/python3/dist-packages/mailman/commands/*.py | grep -v __pycache__ | head; echo \'---\'; ls /usr/lib/python3/dist-packages/mailman/commands/ | grep -i create\n'] min_timeout_sec: 0.5 max_timeout_sec: 180.0
Trajectory dumped to /home/ubuntu/tb21/jobs/tb21c-8x512k-hyd-p1-s3/mailman__DSozsrw/agent/trajectory.json
Sending keys: ['cd /app && python3 -m pip install --quiet "torch==2.1.2+cpu" "torchvision==0.16.2+cpu" --index-url https://download.pytorch.org/whl/cpu 2>&1 | tail -10\n'] min_timeout_sec: 60 max_timeout_sec: 180.0
Parser warnings: - No valid JSON object found
Parser warnings: - AUTO-CORRECTED: Fixed incomplete JSON by adding missing closing brace - please fix this in future responses
Sending keys: ["sed -n '/^0000000000401740 <main>:/,/^0000000000401ea0 /p' /tmp/dump.txt > /tmp/main.txt; wc -l /tmp/main.txt\n"] min_timeout_sec: 0.5 max_timeout_sec: 180.0
Sending keys: ["sed -n '1,120p' /tmp/main.txt\n"] min_timeout_sec: 0.5 max_timeout_sec: 180.0
Trajectory dumped to /home/ubuntu/tb21/jobs/tb21c-8x512k-hyd-p1-s3/path-tracing-reverse__eGEAaSn/agent/trajectory.json
Trajectory dumped to /home/ubuntu/tb21/jobs/tb21c-8x512k-hyd-p1-s3/sam-cell-seg__GyBttaA/agent/trajectory.json
Parser warnings: - AUTO-CORRECTED: Fixed incomplete JSON by adding missing closing brace - please fix this in future responses
Sending keys: ['cd /app && ./mystery 1>/tmp/out.txt 2>/tmp/err.txt; echo "=== STDOUT ==="; cat /tmp/out.txt; echo "=== STDERR ==="; cat /tmp/err.txt; echo "=== counts ==="; wc -l /tmp/out.txt /tmp/err.txt; echo "progress lines: $(grep -c Progress /tmp/err.txt)"\n'] min_timeout_sec: 1.0 max_timeout_sec: 180.0
Trajectory dumped to /home/ubuntu/tb21/jobs/tb21c-8x512k-hyd-p1-s3/path-tracing-reverse__eGEAaSn/agent/trajectory.json
Parser warnings: - Extra text detected before JSON object
Sending keys: ['cd /app && python3 -c "import warnings; warnings.filterwarnings(\'ignore\'); import torch, numpy, cv2; print(\'torch\', torch.__version__); print(\'numpy\', numpy.__version__); print(\'cv2\', cv2.__version__)" 2>&1 | tail -20\n'] min_timeout_sec: 15.0 max_timeout_sec: 180.0
Trajectory dumped to /home/ubuntu/tb21/jobs/tb21c-8x512k-hyd-p1-s3/sam-cell-seg__GyBttaA/agent/trajectory.json
Parser warnings: - Extra text detected before JSON object
Sending keys: ["cd /app && cat > /tmp/timing.py << 'PYEOF'\nimport faulthandler, warnings, sys, time\nfaulthandler.enable(); warnings.filterwarnings('ignore')\nimport numpy as np, cv2, torch\nprint('threads', torch.get_num_threads()); sys.stdout.flush()\nimg = cv2.imread('/app/demo_rgb.png'); rgb = cv2.cvtColor(img, cv2.COLOR_BGR2RGB)\nfrom mobile_sam import build_sam_vit_t, SamPredictor\nt0=time.time(); m = build_sam_vit_t(checkpoint='/app/mobile_sam.pt'); print('build %.1fs' % (time.time()-t0)); sys.stdout.flush()\np = SamPredictor(m); sys.stdout.flush()\nt0=time.time(); p.set_image(rgb, image_format='RGB'); print('set_image %.2fs' % (time.time()-t0)); sys.stdout.flush()\nbox=[43,67,139,107]\nfor k in range(3):\n    t0=time.time()\n    masks,iou,low=p.predict(point_coords=np.array([[91.,87.]]), point_labels=np.array([1]), box=box, multimask_output=False)\n    print('predict %d: %.3fs area=%d iou=%.3f' % (k, time.time()-t0, int(masks[0].sum()), float(iou[0]))); sys.stdout.flush()\nprint('ALL DONE'); sys.stdout.flush()\nPYEOF\ntime python3 /tmp/timing.py 2>&1 | tail -20\n"] min_timeout_sec: 60 max_timeout_sec: 180.0
Parser warnings: - Extra text detected before JSON object
Sending keys: ["sed -n '1,120p' /usr/lib/python3/dist-packages/mailman/commands/cli_lists.py\n"] min_timeout_sec: 0.5 max_timeout_sec: 180.0
Sending keys: ['mkdir -p /run/mailman3 /var/log/mailman3 /var/mail; chown list:list /var/log/mailman3 2>/dev/null; ls -ld /var/mail /run/mailman3 /var/log/mailman3\n'] min_timeout_sec: 0.5 max_timeout_sec: 180.0
Sending keys: ["id list; echo '---'; getent passwd list; echo '--- data dir ---'; ls -la /var/lib/mailman3/data/\n"] min_timeout_sec: 0.5 max_timeout_sec: 180.0
Trajectory dumped to /home/ubuntu/tb21/jobs/tb21c-8x512k-hyd-p1-s3/mailman__DSozsrw/agent/trajectory.json
Parser warnings: - Extra text detected before JSON object
Sending keys: ['grep -rln "name = \'create\'\\|name=\'create\'" /usr/lib/python3/dist-packages/mailman/ | grep -v __pycache__ | grep -v test\n'] min_timeout_sec: 0.5 max_timeout_sec: 180.0
Sending keys: ["mailman -C /etc/mailman3/mailman.cfg --run-as-root lists 2>&1 | head; echo '=== info ==='; mailman -C /etc/mailman3/mailman.cfg --run-as-root info 2>&1 | head -30\n"] min_timeout_sec: 3.0 max_timeout_sec: 180.0
Trajectory dumped to /home/ubuntu/tb21/jobs/tb21c-8x512k-hyd-p1-s3/mailman__DSozsrw/agent/trajectory.json
Parser warnings: - AUTO-CORRECTED: Fixed incomplete JSON by adding missing closing brace - please fix this in future responses
Sending keys: ["python3 << 'EOF'\nimport re,gzip\nfrom collections import Counter\nd=open('image.ppm','rb').read().decode()\nrest=d[d.index('255')+3:]\nnums=rest.split()\npx=[tuple(map(int,nums[i*3:i*3+3])) for i in range(800*600)]\nW,H=800,600\nc=Counter(px); pal=list(c.keys()); idx={t:i for i,t in enumerate(pal)}\nN=len(px)\ndef gz(b): return len(gzip.compress(bytes(b),9))\n# base index stream\nI=[idx[p] for p in px]\nprint('base idx gz',gz(I))\n# 1D delta\nD1=[(I[i]-I[i-1])&0xff for i in range(1,N)]\nprint('1D delta idx gz',gz([I[0]]+D1))\n# 2D delta (from left and up)\nD2=[0]*N\nfor y in range(H):\n    for x in range(W):\n        i=y*W+x\n        up=I[(y-1)*W+x] if y>0 else 0\n        left=I[i-1] if x>0 else 0\n        pred=(left+up)//2 if (y>0 and x>0) else (up if y>0 else left)\n        D2[i]=(I[i]-pred)&0xff\nprint('2D delta idx gz',gz(D2))\n# per-channel R,G,B as byte delta (R range 10-217, G 10-217, B 10-255 all <256)\ndef chdelta(ch):\n    v=[p[ch] for p in px]\n    out=[v[0]]\n    for i in range(1,N): out.append((v[i]-v[i-1])&0xff)\n    return out\nfor ch in [0,1,2]:\n    print('ch%d 1Ddelta gz'%ch, gz(chdelta(ch)))\n# combined 3-channel 1D delta\nallb=[]\nfor ch in [0,1,2]: allb+=chdelta(ch)\nprint('3ch 1Ddelta combined gz', gz(allb))\nEOF\n"] min_timeout_sec: 4.0 max_timeout_sec: 180.0
Parser warnings: - Extra text detected before JSON object
Sending keys: ["grep -n 'class Create\\|name = .create.\\|def do_create\\|def add_argument\\|owner\\|@\\|fqdn\\|def __init__' /usr/lib/python3/dist-packages/mailman/commands/cli_lists.py | head -40\n"] min_timeout_sec: 0.5 max_timeout_sec: 180.0
Trajectory dumped to /home/ubuntu/tb21/jobs/tb21c-8x512k-hyd-p1-s3/mailman__DSozsrw/agent/trajectory.json
Trajectory dumped to /home/ubuntu/tb21/jobs/tb21c-8x512k-hyd-p1-s3/path-tracing-reverse__eGEAaSn/agent/trajectory.json
Parser warnings: - Extra text detected before JSON object
Sending keys: ["cat > /app/map.py << 'PYEOF'\ndef parse_fasta(fn):\n    seqs={}; name=None; buf=[]\n    for line in open(fn):\n        line=line.rstrip('\\n')\n        if line.startswith('>'):\n            if name is not None: seqs[name]=''.join(buf)\n            name=line[1:].strip(); buf=[]\n        else: buf.append(line.strip())\n    if name is not None: seqs[name]=''.join(buf)\n    return seqs\nS=parse_fasta('/app/sequences.fasta')\ninp=S['input']; out=S['output']; egfp=S['egfp']; flag=S['flag']; snap=S['snap']\n\nse=210; E=1554  # insert region in out (egfp start..snap end)\nins=out[se:E]\nprint('insert len',len(ins))\n\n# egfp span: longest prefix of egfp == ins[0:]\nL1=0\nwhile L1+1<=len(egfp) and ins[L1:L1+1]==egfp[L1]:\n    L1+=1\nprint('egfp prefix match len (from ins[0]):',L1)\n# flag: after L1, find flag start\ni=L1\n# find longest prefix of flag at position i\nL2=0\nwhile L2+1<=len(flag) and ins[i+L2:i+L2+1]==flag[L2]:\n    L2+=1\nprint('flag prefix match len (from ins[%d]):'%i,L2)\n# snap: ends at ins end. longest suffix of snap == ins[-L:]\nL3=0\nwhile L3+1<=len(snap) and ins[len(ins)-L3-1:len(ins)-L3]==snap[len(snap)-L3-1]:\n    L3+=1\nprint('snap suffix match len (to ins end):',L3)\n\nprint('\\n--- junction details ---')\nprint('egfp_part = ins[0:%d] = %s...%s'%(L1, ins[0:15], ins[max(0,L1-15):L1]))\nprint('  egfp full tail: %s'%egfp[L1-3:L1+3])\nprint('flag at ins[%d:%d]'%(i,i+L2))\nprint('  flag full head: %s  tail: %s'%(flag[:10], flag[-10:]))\nprint('  ins around flag start: %s'%(ins[i-5:i+20]))\nprint('  ins around flag end:   %s'%(ins[i+L2-5:i+L2+20]))\nsnap_start=i+L2\nprint('snap_part starts at ins[%d], ends at ins[%d]'%(snap_start,len(ins)))\nprint('  snap full head: %s'%(snap[:15]))\nprint('  ins around snap start: %s'%(ins[snap_start-5:snap_start+20]))\nprint('  gap between flag_end and snap_start = ins[%d:%d]'%(i+L2,snap_start), repr(ins[i+L2:snap_start]))\n\n# Verify reconstruction\negfp_part=ins[0:L1]; flag_part=ins[i:i+L2]; snap_part=ins[snap_start:len(ins)]\nprint('\\nreconstructed == insert ?', egfp_part+flag_part+snap_part==ins)\nprint('egfp_part len',len(egfp_part),'flag_part len',len(flag_part),'snap_part len',len(snap_part))\n\n# The 4-nt overhangs (first 4 nt of the RIGHT part at each junction)\nprint('\\nJ1 (backbone->egfp) = out[210:214] =',out[210:214])\nprint('J2 (egfp->flag)      = ins[%d:%d] = %s (first 4 of flag_part)'%(i,i+4,ins[i:i+4]))\nprint('J3 (flag->snap)      = ins[%d:%d] = %s (first 4 of snap_part)'%(snap_start,snap_start+4,ins[snap_start:snap_start+4]))\nprint('J4 (snap->backbone)  = out[1554:1558] =',out[1554:1558])\nPYEOF\npython3 /app/map.py\n"] min_timeout_sec: 1.0 max_timeout_sec: 180.0
Sending keys: ["cat > /app/fetch.py << 'PYEOF'\nimport urllib.request, ssl, re\nctx=ssl.create_default_context(); ctx.check_hostname=False; ctx.verify_mode=ssl.CERT_NONE\nurls=[\n 'https://www.neb.com/products/e0961-bsai-hf-v2',\n 'https://en.wikipedia.org/wiki/BsaI',\n]\nfor u in urls:\n    try:\n        req=urllib.request.Request(u, headers={'User-Agent':'Mozilla/5.0'})\n        html=urllib.request.urlopen(req, timeout=20, context=ctx).read().decode('utf-8','ignore')\n        print('==== %s (len %d) ===='%(u,len(html)))\n        # find segments around BsaI recognition/cut\n        for m in re.finditer(r'GGATN[^<]{0,40}', html):\n            print('CTX:', re.sub(r'<[^>]+>',' ', m.group(0)))\n        for m in re.finditer(r'(12/13|12|13)[^<]{0,30}(overhang|CCTAG|GGATN)', html):\n            print('CUT:', re.sub(r'<[^>]+>',' ',m.group(0)))\n    except Exception as e:\n        print('ERR',u,repr(e))\nPYEOF\npython3 /app/fetch.py 2>&1 | head -40\n"] min_timeout_sec: 25.0 max_timeout_sec: 180.0
Trajectory dumped to /home/ubuntu/tb21/jobs/tb21c-8x512k-hyd-p1-s3/sam-cell-seg__GyBttaA/agent/trajectory.json
Parser warnings: - AUTO-CORRECTED: Fixed incomplete JSON by adding missing closing brace - please fix this in future responses
Sending keys: ["sed -n '120,300p' /tmp/main.txt\n"] min_timeout_sec: 0.5 max_timeout_sec: 180.0
Trajectory dumped to /home/ubuntu/tb21/jobs/tb21c-8x512k-hyd-p1-s3/path-tracing-reverse__eGEAaSn/agent/trajectory.json
Parser warnings: - Extra text detected before JSON object
Sending keys: [''] min_timeout_sec: 55.0 max_timeout_sec: 180.0
Sending keys: ["echo '=== installing primer3 ==='; apt-get install -y primer3 primer3-core 2>&1 | tail -8; echo 'done:' $?; which oligotm primer3 2>&1\n"] min_timeout_sec: 30.0 max_timeout_sec: 180.0
Parser warnings: - AUTO-CORRECTED: Fixed incomplete JSON by adding missing closing brace - please fix this in future responses
Sending keys: ["sed -n '/^00000000004020a0 <vector_normalize>/,/^00000000004021/p' /tmp/dump.txt | head -60\n"] min_timeout_sec: 0.5 max_timeout_sec: 180.0
Trajectory dumped to /home/ubuntu/tb21/jobs/tb21c-8x512k-hyd-p1-s3/path-tracing-reverse__eGEAaSn/agent/trajectory.json
Parser warnings: - AUTO-CORRECTED: Fixed incomplete JSON by adding missing closing brace - please fix this in future responses
Sending keys: ["grep -E '^000000000040[12][0-9a-f]{3} <' /tmp/dump.txt | grep -vE 'glibc|__' | head -80\n"] min_timeout_sec: 0.5 max_timeout_sec: 180.0
Trajectory dumped to /home/ubuntu/tb21/jobs/tb21c-8x512k-hyd-p1-s3/path-tracing-reverse__eGEAaSn/agent/trajectory.json
Trajectory dumped to /home/ubuntu/tb21/jobs/tb21c-8x512k-hyd-p1-s3/dna-assembly__A6y8ZL7/agent/trajectory.json
Parser warnings: - AUTO-CORRECTED: Fixed incomplete JSON by adding missing closing brace - please fix this in future responses
Sending keys: ["sed -n '/^0000000000401fd0 <vector_create>/,/^0000000000402c30 <write_image>/p' /tmp/dump.txt > /tmp/helpers.txt; wc -l /tmp/helpers.txt\n"] min_timeout_sec: 0.5 max_timeout_sec: 180.0
Sending keys: ["sed -n '1,140p' /tmp/helpers.txt\n"] min_timeout_sec: 0.5 max_timeout_sec: 180.0
Trajectory dumped to /home/ubuntu/tb21/jobs/tb21c-8x512k-hyd-p1-s3/path-tracing-reverse__eGEAaSn/agent/trajectory.json
Parser warnings: - AUTO-CORRECTED: Fixed incomplete JSON by adding missing closing brace - please fix this in future responses
Sending keys: ["sed -n '1,120p' /tmp/helpers.txt\n"] min_timeout_sec: 0.5 max_timeout_sec: 180.0
Trajectory dumped to /home/ubuntu/tb21/jobs/tb21c-8x512k-hyd-p1-s3/path-tracing-reverse__eGEAaSn/agent/trajectory.json
Parser warnings: - AUTO-CORRECTED: Fixed incomplete JSON by adding missing closing brace - please fix this in future responses
Sending keys: ["sed -n '120,300p' /tmp/helpers.txt\n"] min_timeout_sec: 0.5 max_timeout_sec: 180.0
Trajectory dumped to /home/ubuntu/tb21/jobs/tb21c-8x512k-hyd-p1-s3/path-tracing-reverse__eGEAaSn/agent/trajectory.json
Trajectory dumped to /home/ubuntu/tb21/jobs/tb21c-8x512k-hyd-p1-s3/sam-cell-seg__GyBttaA/agent/trajectory.json
Parser warnings: - Extra text detected before JSON object
Sending keys: [''] min_timeout_sec: 50.0 max_timeout_sec: 180.0
Parser warnings: - Extra text detected before JSON object
Sending keys: ["sed -n '373,430p' /usr/lib/python3/dist-packages/mailman/config/config.py\n"] min_timeout_sec: 0.5 max_timeout_sec: 180.0
Sending keys: ['cp -a /etc/mailman3/mailman.cfg /etc/mailman3/mailman.cfg.bak; ls -la /etc/mailman3/\n'] min_timeout_sec: 0.5 max_timeout_sec: 180.0
Trajectory dumped to /home/ubuntu/tb21/jobs/tb21c-8x512k-hyd-p1-s3/mailman__DSozsrw/agent/trajectory.json
Parser warnings: - Extra text detected before JSON object
- Extra text detected after JSON object
Parser warnings: - AUTO-CORRECTED: Fixed incomplete JSON by adding missing closing brace - please fix this in future responses
Sending keys: ["sed -n '/^0000000000402620 <sky_color>/,/^0000000000402750 <trace>/p' /tmp/dump.txt\n"] min_timeout_sec: 0.5 max_timeout_sec: 180.0
Trajectory dumped to /home/ubuntu/tb21/jobs/tb21c-8x512k-hyd-p1-s3/path-tracing-reverse__eGEAaSn/agent/trajectory.json
Trajectory dumped to /home/ubuntu/tb21/jobs/tb21c-8x512k-hyd-p1-s3/sam-cell-seg__GyBttaA/agent/trajectory.json
Parser warnings: - Extra text detected before JSON object
Sending keys: ["cat > /app/defmap.py << 'PYEOF'\ndef parse_fasta(fn):\n    seqs={}; name=None; buf=[]\n    for line in open(fn):\n        line=line.rstrip('\\n')\n        if line.startswith('>'):\n            if name is not None: seqs[name]=''.join(buf)\n            name=line[1:].strip(); buf=[]\n        else: buf.append(line.strip())\n    if name is not None: seqs[name]=''.join(buf)\n    return seqs\nS=parse_fasta('/app/sequences.fasta')\ninp=S['input']; out=S['output']; egfp=S['egfp']; flag=S['flag']; snap=S['snap']\n\n# verify backbone boundaries\nbl=out[0:210]; br=out[1554:]\nprint('backbone_left==input[0:210]:', bl==inp[0:210])\n# find backbone_right in circular input\npos=inp.find(br) if inp.find(br)>=0 else (inp+inp).find(br)\nprint('backbone_right start in input:', pos, ' len', len(br))\nprint('backbone_right==input[%d:%d]:'%(pos,pos+len(br)), inp[pos:pos+len(br)]==br)\nprint('=> 480-nt region in input = input[210:690]:', len(inp)- (0)+0)\nprint('   check inp[210:690] removed; inp[690:]+inp[0:210] == out backbone?', (inp[690:]+inp[0:210])==(bl+br))\n\n# insert\nse=210; E=1554; ins=out[se:E]\n# find flag core and snap core inside insert\ndef fa(s,h):\n    r=[];i=h.find(s)\n    while i>=0: r.append(i); i=h.find(s,i+1)\n    return r\nflag_core=flag[10:30]   # 'tggctccggtagcggtagc' area\nsnap_core=snap[10:30]\nprint('\\nflag_core',flag_core,'in ins at',fa(flag_core,ins))\nprint('snap_core',snap_core,'in ins at',fa(snap_core,ins))\n\n# Find egfp end & flag start: use flag[20:40] 'agcggtagcggcagcgacta' etc\nfor off in [0,3,6,10,15,20]:\n    c=flag[off:off+20]\n    print('flag[%d:%d]=%s  at ins'% (off,off+20,c), fa(c,ins))\nprint('---snap starts---')\nfor off in [0,3,6,10,15,20]:\n    c=snap[off:off+20]\n    print('snap[%d:%d]=%s  at ins'%(off,off+20,c), fa(c,ins))\nPYEOF\npython3 /app/defmap.py\n"] min_timeout_sec: 1.0 max_timeout_sec: 180.0
Sending keys: ["echo '=== apt-cache primer ==='; apt-cache search -n primer 2>&1; echo '---'; apt-cache search -n oligo 2>&1\n"] min_timeout_sec: 2.0 max_timeout_sec: 180.0
Parser warnings: - Extra text detected before JSON object
Sending keys: ["cat > /etc/mailman3/postfix.cfg <<'EOF'\n[postfix]\npostmap_command: /usr/sbin/postmap\ntransport_file_type: regex\nEOF\ncat /etc/mailman3/postfix.cfg\n"] min_timeout_sec: 0.5 max_timeout_sec: 180.0
Sending keys: ["grep -n 'configuration:' /etc/mailman3/mailman.cfg\n"] min_timeout_sec: 0.5 max_timeout_sec: 180.0
Sending keys: ["sed -i 's|^configuration: python:mailman.config.postfix$|configuration: /etc/mailman3/postfix.cfg|' /etc/mailman3/mailman.cfg; grep -n 'configuration:' /etc/mailman3/mailman.cfg\n"] min_timeout_sec: 0.5 max_timeout_sec: 180.0
Sending keys: ['mailman -C /etc/mailman3/mailman.cfg --run-as-root create -h 2>&1 | head -40\n'] min_timeout_sec: 2.0 max_timeout_sec: 180.0
Sending keys: ["echo '=== install python3-pip ==='; apt-get install -y python3-pip 2>&1 | tail -5; echo 'pip:'; python3 -m pip --version 2>&1 | head -1\n"] min_timeout_sec: 60.0 max_timeout_sec: 180.0
Trajectory dumped to /home/ubuntu/tb21/jobs/tb21c-8x512k-hyd-p1-s3/mailman__DSozsrw/agent/trajectory.json
Parser warnings: - Extra text detected before JSON object
Sending keys: ["mailman -C /etc/mailman3/mailman.cfg --run-as-root create -q reading-group@local.edu 2>&1; echo '=== list created, checking ==='; mailman -C /etc/mailman3/mailman.cfg --run-as-root lists 2>&1\n"] min_timeout_sec: 3.0 max_timeout_sec: 180.0
Parser warnings: - Extra text detected before JSON object
Sending keys: ["cd /app && cat > /tmp/timing2.py << 'PYEOF'\nimport faulthandler, warnings, sys, time\nfaulthandler.enable(); warnings.filterwarnings('ignore')\nimport numpy as np, cv2, torch\nprint('threads', torch.get_num_threads()); sys.stdout.flush()\nimg = cv2.imread('/app/demo_rgb.png'); rgb = cv2.cvtColor(img, cv2.COLOR_BGR2RGB)\nfrom mobile_sam import build_sam_vit_t, SamPredictor\nt0=time.time(); m = build_sam_vit_t(checkpoint='/app/mobile_sam.pt'); print('build %.1fs' % (time.time()-t0)); sys.stdout.flush()\np = SamPredictor(m); sys.stdout.flush()\nt0=time.time(); p.set_image(rgb, image_format='RGB'); print('set_image %.2fs' % (time.time()-t0)); sys.stdout.flush()\nbox=np.array([43,67,139,107],dtype=np.float32)\nfor k in range(5):\n    t0=time.time()\n    masks,iou,low=p.predict(point_coords=np.array([[91.,87.]]), point_labels=np.array([1]), box=box, multimask_output=False)\n    print('predict %d: %.3fs area=%d iou=%.3f' % (k, time.time()-t0, int(masks[0].sum()), float(iou[0]))); sys.stdout.flush()\nprint('ALL DONE'); sys.stdout.flush()\nPYEOF\ntime env OMP_NUM_THREADS=8 python3 /tmp/timing2.py 2>&1 | tail -20\n"] min_timeout_sec: 60 max_timeout_sec: 180.0
Trajectory dumped to /home/ubuntu/tb21/jobs/tb21c-8x512k-hyd-p1-s3/mailman__DSozsrw/agent/trajectory.json
Parser warnings: - AUTO-CORRECTED: Fixed incomplete JSON by adding missing closing brace - please fix this in future responses
Sending keys: ['cp /app/image.ppm /tmp/reference.ppm; md5sum /tmp/reference.ppm\n'] min_timeout_sec: 0.5 max_timeout_sec: 180.0
Sending keys: ["sed -n '/^0000000000402750 <trace>/,/^0000000000402c30 <write_image>/p' /tmp/dump.txt > /tmp/trace.txt; wc -l /tmp/trace.txt\n"] min_timeout_sec: 0.5 max_timeout_sec: 180.0
Sending keys: ["sed -n '1,130p' /tmp/trace.txt\n"] min_timeout_sec: 0.5 max_timeout_sec: 180.0
Trajectory dumped to /home/ubuntu/tb21/jobs/tb21c-8x512k-hyd-p1-s3/path-tracing-reverse__eGEAaSn/agent/trajectory.json
Parser warnings: - Extra text detected before JSON object
Sending keys: ['mailman -C /etc/mailman3/mailman.cfg --run-as-root shell -h 2>&1 | head -30\n'] min_timeout_sec: 2.0 max_timeout_sec: 180.0
Sending keys: ['python3 -c "from mailman.interfaces.mailinglist import SubscriptionPolicy; print(list(SubscriptionPolicy))"\n'] min_timeout_sec: 1.0 max_timeout_sec: 180.0
Trajectory dumped to /home/ubuntu/tb21/jobs/tb21c-8x512k-hyd-p1-s3/mailman__DSozsrw/agent/trajectory.json
Parser warnings: - Extra text detected before JSON object
Sending keys: ["ls -la /var/lib/mailman3/data/; echo '=== postfix_lmtp ==='; cat /var/lib/mailman3/data/postfix_lmtp 2>&1; echo '=== postfix_domains ==='; cat /var/lib/mailman3/data/postfix_domains 2>&1\n"] min_timeout_sec: 0.5 max_timeout_sec: 180.0
Trajectory dumped to /home/ubuntu/tb21/jobs/tb21c-8x512k-hyd-p1-s3/mailman__DSozsrw/agent/trajectory.json
Trajectory dumped to /home/ubuntu/tb21/jobs/tb21c-8x512k-hyd-p1-s3/dna-assembly__A6y8ZL7/agent/trajectory.json
Trajectory dumped to /home/ubuntu/tb21/jobs/tb21c-8x512k-hyd-p1-s3/sam-cell-seg__GyBttaA/agent/trajectory.json
Sending keys: ["echo '=== MAIN calls ==='; grep -nE 'call|movabs|movss|movsd|movaps|movq' /tmp/main.txt | grep -E '0x48[0-9a-f]{3} \\#|movabs|call 4' \n"] min_timeout_sec: 0.5 max_timeout_sec: 180.0
Sending keys: ["echo '=== MAIN constant loads (rodata refs) ==='; grep -oE '# 0x48[0-9a-f]{3}' /tmp/main.txt | sort | uniq -c\n"] min_timeout_sec: 0.5 max_timeout_sec: 180.0
Trajectory dumped to /home/ubuntu/tb21/jobs/tb21c-8x512k-hyd-p1-s3/path-tracing-reverse__eGEAaSn/agent/trajectory.json
Sending keys: ["grep -cE 'vfmadd|fmadd' /tmp/dump.txt; grep -oE 'vfmadd[a-z._]*' /tmp/dump.txt | sort | uniq -c\n"] min_timeout_sec: 0.5 max_timeout_sec: 180.0
Sending keys: ["sed -n '36,120p' /tmp/main.txt\n"] min_timeout_sec: 0.5 max_timeout_sec: 180.0
Trajectory dumped to /home/ubuntu/tb21/jobs/tb21c-8x512k-hyd-p1-s3/path-tracing-reverse__eGEAaSn/agent/trajectory.json
Parser warnings: - Extra text detected before JSON object
Sending keys: ['chown list:list /var/lib/mailman3/data/postfix_lmtp /var/lib/mailman3/data/postfix_domains 2>&1; ls -la /var/lib/mailman3/data/postfix_*\n'] min_timeout_sec: 0.5 max_timeout_sec: 180.0
Sending keys: ["python3 - <<'PYEOF'\nfrom mailman.core.initialize import initialize\nfrom mailman.interfaces.listmanager import IListManager\nfrom mailman.interfaces.mailinglist import SubscriptionPolicy\nfrom mailman.database.transaction import flush\nfrom zope.component import getUtility\ninitialize('/etc/mailman3/mailman.cfg')\nlm = getUtility(IListManager)\nmlist = lm.get('reading-group@local.edu')\nprint('before:', mlist.subscription_policy, mlist.unsubscription_policy)\nmlist.subscription_policy = SubscriptionPolicy.open\nmlist.unsubscription_policy = SubscriptionPolicy.open\nflush()\nprint('after :', mlist.subscription_policy, mlist.unsubscription_policy)\nPYEOF\n"] min_timeout_sec: 3.0 max_timeout_sec: 180.0
Trajectory dumped to /home/ubuntu/tb21/jobs/tb21c-8x512k-hyd-p1-s3/mailman__DSozsrw/agent/trajectory.json
Parser warnings: - Extra text detected before JSON object
Parser warnings: - Extra text detected before JSON object
Sending keys: ["cp -a /etc/postfix/main.cf /etc/postfix/main.cf.bak; postconf -e 'mydestination = $myhostname, localhost, localhost.localdomain, local.edu'; postconf -e 'transport_maps = regexp:/var/lib/mailman3/data/postfix_lmtp'; postconf -e 'inet_interfaces = all'; echo '=== resulting ==='; postconf mydestination transport_maps inet_interfaces\n"] min_timeout_sec: 0.5 max_timeout_sec: 180.0
Sending keys: ["postfix check 2>&1; echo '=== check done ==='\n"] min_timeout_sec: 1.0 max_timeout_sec: 180.0
Sending keys: ['postfix start 2>&1; sleep 2; postfix status 2>&1\n'] min_timeout_sec: 3.0 max_timeout_sec: 180.0
Sending keys: ["(ss -ltnp 2>/dev/null || netstat -ltnp 2>/dev/null) | grep ':25 '; echo '--- procs ---'; ps aux | grep -E 'postfix/pickup|postfix/qmgr|postfix/master|trivial' | grep -v grep | head\n"] min_timeout_sec: 1.0 max_timeout_sec: 180.0
Trajectory dumped to /home/ubuntu/tb21/jobs/tb21c-8x512k-hyd-p1-s3/mailman__DSozsrw/agent/trajectory.json
Parser warnings: - Extra text detected before JSON object
Sending keys: ["mailman -C /etc/mailman3/mailman.cfg --run-as-root start 2>&1; echo '=== start issued ==='\n"] min_timeout_sec: 5.0 max_timeout_sec: 180.0
Sending keys: ['sleep 3; mailman -C /etc/mailman3/mailman.cfg --run-as-root status 2>&1 | head -40\n'] min_timeout_sec: 4.0 max_timeout_sec: 180.0
Sending keys: ["(ss -ltnp 2>/dev/null || netstat -ltnp 2>/dev/null) | grep ':8024 '; echo '--- mailman procs ---'; ps aux | grep -E 'mailman3/bin' | grep -v grep | head -30\n"] min_timeout_sec: 1.0 max_timeout_sec: 180.0
Trajectory dumped to /home/ubuntu/tb21/jobs/tb21c-8x512k-hyd-p1-s3/mailman__DSozsrw/agent/trajectory.json
Parser warnings: - AUTO-CORRECTED: Fixed incomplete JSON by adding missing closing brace - please fix this in future responses
Sending keys: ['od -c /tmp/err.txt | head -40\n'] min_timeout_sec: 0.3 max_timeout_sec: 180.0
Sending keys: ["sed -n '/4019c5:/,/401c07:/p' /tmp/dump.txt\n"] min_timeout_sec: 0.3 max_timeout_sec: 180.0
Trajectory dumped to /home/ubuntu/tb21/jobs/tb21c-8x512k-hyd-p1-s3/path-tracing-reverse__eGEAaSn/agent/trajectory.json
Parser warnings: - Extra text detected before JSON object
Sending keys: ["useradd -m smoketest1 2>&1; echo 'user created'; ls -la /var/mail/ | head\n"] min_timeout_sec: 0.5 max_timeout_sec: 180.0
Sending keys: ["python3 - <<'PYEOF'\nimport smtplib\nfrom email.mime.text import MIMEText\nmsg = MIMEText('direct smoke test')\nmsg['Subject'] = 'Direct Smoke Test'\nmsg['From'] = 'tester@local.edu'\nmsg['To'] = 'smoketest1@local.edu'\nwith smtplib.SMTP('localhost', 25) as s:\n    s.send_message(msg)\nprint('sent direct')\nPYEOF\n"] min_timeout_sec: 2.0 max_timeout_sec: 180.0
Sending keys: ['sleep 4; echo \'=== /var/mail/smoketest1 ===\'; ls -la /var/mail/smoketest1 2>&1; echo \'=== contents (subjects) ===\'; python3 -c "import mailbox; m=mailbox.mbox(\'/var/mail/smoketest1\'); print([x.get(\'Subject\') for x in m])" 2>&1\n'] min_timeout_sec: 6.0 max_timeout_sec: 180.0
Trajectory dumped to /home/ubuntu/tb21/jobs/tb21c-8x512k-hyd-p1-s3/mailman__DSozsrw/agent/trajectory.json
Parser warnings: - Extra text detected before JSON object
Sending keys: ["echo '=== install primer3 (apt) ==='; apt-get install -y primer3 2>&1 | tail -6; echo '---'; which oligotm primer3; oligotm 2>&1 | head -3\n"] min_timeout_sec: 45.0 max_timeout_sec: 180.0
Parser warnings: - Extra text detected before JSON object
Sending keys: ["python3 - <<'PYEOF'\nimport smtplib\nfrom email.mime.text import MIMEText\nmsg = MIMEText('')\nmsg['From'] = 'smoketest1@local.edu'\nmsg['To'] = 'reading-group-join@local.edu'\nwith smtplib.SMTP('localhost', 25) as s:\n    s.send_message(msg)\nprint('sent join request')\nPYEOF\n"] min_timeout_sec: 2.0 max_timeout_sec: 180.0
Sending keys: ['sleep 6; echo \'=== /var/mail/smoketest1 subjects ===\'; python3 -c "import mailbox; m=mailbox.mbox(\'/var/mail/smoketest1\'); print(len(m), \'msgs\'); [print(repr(x.get(\'From\')),\'|\',repr(x.get(\'Subject\'))) for x in m]" 2>&1\n'] min_timeout_sec: 8.0 max_timeout_sec: 180.0
Trajectory dumped to /home/ubuntu/tb21/jobs/tb21c-8x512k-hyd-p1-s3/mailman__DSozsrw/agent/trajectory.json
Parser warnings: - AUTO-CORRECTED: Fixed incomplete JSON by adding missing closing brace - please fix this in future responses
Sending keys: ['od -c /tmp/err.txt | head -30\n'] min_timeout_sec: 0.3 max_timeout_sec: 180.0
Sending keys: ['objdump -d --start-address=0x4021a0 --stop-address=0x402570 /app/mystery\n'] min_timeout_sec: 1.0 max_timeout_sec: 180.0
Trajectory dumped to /home/ubuntu/tb21/jobs/tb21c-8x512k-hyd-p1-s3/path-tracing-reverse__eGEAaSn/agent/trajectory.json
Sending keys: ["cat > /app/bsai.py << 'PYEOF'\nimport urllib.request, ssl, re\nctx=ssl.create_default_context(); ctx.check_hostname=False; ctx.verify_mode=ssl.CERT_NONE\nurls=[\n 'https://btsa.neb.com/Tools/CutSiteDetails?enzymeName=BsaI',\n 'https://www.neb.com/en/tools/ncbi',\n 'http://www.neb.com/en/tools/bcasite/',\n 'https://www.neb.com/products-e0961-bsai-hf-v2-dna-cutting-enzyme',\n 'https://www.neb.com/products/E0961',\n]\nfor u in urls:\n    try:\n        req=urllib.request.Request(u, headers={'User-Agent':'Mozilla/5.0'})\n        h=urllib.request.urlopen(req,timeout=20,context=ctx).read().decode('utf-8','ignore')\n        t=re.sub(r'<[^>]+>',' ',h); t=re.sub(r'\\s+',' ',t)\n        print('==== %s len %d'%(u,len(h)))\n        for m in re.finditer(r'.{40}(GGATN|GGATNC|1/5|5/1|2|overhang).{0,60}', t):\n            s=m.group(0)\n            if 'GGAT' in s or 'overhang' in s.lower():\n                print('   ', s.strip())\n    except Exception as e:\n        print('ERR',u,repr(e)[:120])\nPYEOF\npython3 /app/bsai.py 2>&1 | head -50\n"] min_timeout_sec: 30.0 max_timeout_sec: 180.0
Parser warnings: - Extra text detected before JSON object
Sending keys: ['cd /app && cat > /app/convert_masks.py << \'PYEOF\'\n#!/usr/bin/env python3\n"""Refine all cell masks (rectangles and polylines) into polylines using MobileSAM.\n\nReads an RGB image + a metadata CSV (one mask per cell), uses MobileSAM to refine\nevery mask, guarantees (a) each mask is a single contiguous polygon, and (b) no\ntwo masks overlap. Writes a CSV matching the input (updated xmin/xmax/ymin/ymax,\ncoords_x, coords_y, type).\n"""\nimport argparse\nimport os\nimport sys\nimport warnings\n\n# Cap intra-op threads BEFORE importing torch: on some AVX-512 CPUs, high thread\n# counts make oneDNN extremely slow (and can be unstable). 8 is a robust default.\n_NPROC = os.cpu_count() or 8\n_T = min(8, _NPROC)\nos.environ.setdefault("OMP_NUM_THREADS", str(_T))\nos.environ.setdefault("MKL_NUM_THREADS", str(_T))\nos.environ.setdefault("OMP_DYNAMIC", "false")\n\nwarnings.filterwarnings("ignore")\n\nimport numpy as np\nimport pandas as pd\nimport cv2\nimport torch\nfrom tqdm import tqdm\n\n\n# ---------------------------------------------------------------------------- #\n# Parsing / I/O helpers\n# ---------------------------------------------------------------------------- #\ndef parse_coords(s):\n    """Parse a comma-separated coordinate string into a float64 1-D ndarray."""\n    if s is None:\n        return np.array([], dtype=np.float64)\n    s = str(s).strip()\n    if s == "" or s.lower() == "nan":\n        return np.array([], dtype=np.float64)\n    parts = [p for p in s.split(",") if p.strip() != ""]\n    if not parts:\n        return np.array([], dtype=np.float64)\n    return np.array([float(p) for p in parts], dtype=np.float64)\n\n\ndef load_image_rgb(path):\n    img = cv2.imread(path, cv2.IMREAD_COLOR)\n    if img is None:\n        from PIL import Image\n        img = np.asarray(Image.open(path).convert("RGB"))\n        return np.ascontiguousarray(img)\n    return cv2.cvtColor(img, cv2.COLOR_BGR2RGB)\n\n\ndef shoelace_centroid(pts):\n    """Centroid of a (possibly open) simple polygon. Returns None if degenerate."""\n    if pts is None or len(pts) < 3:\n        return None\n    x = pts[:, 0]\n    y = pts[:, 1]\n    x2 = np.roll(x, -1)\n    y2 = np.roll(y, -1)\n    cross = x * y2 - x2 * y\n    A = 0.5 * float(np.sum(cross))\n    if abs(A) < 1e-6:\n        return None\n    cx = float(np.sum((x + x2) * cross)) / (6.0 * A)\n    cy = float(np.sum((y + y2) * cross)) / (6.0 * A)\n    return cx, cy\n\n\n# ---------------------------------------------------------------------------- #\n# Mask post-processing helpers\n# ---------------------------------------------------------------------------- #\ndef largest_connected_component(mask):\n    """Return the single largest connected component of a binary mask."""\n    m = (mask > 0).astype(np.uint8)\n    n, labels, stats, _ = cv2.connectedComponentsWithStats(m, connectivity=8)\n    if n <= 1:\n        return mask  # empty\n    areas = stats[1:, cv2.CC_STAT_AREA]\n    best = 1 + int(np.argmax(areas))\n    return labels == best\n\n\ndef mask_to_polygon(mask):\n    """Return (xs, ys) integer lists describing the outer boundary of the mask."""\n    m8 = (mask > 0).astype(np.uint8) * 255\n    cnts, _ = cv2.findContours(m8, cv2.RETR_EXTERNAL, cv2.CHAIN_APPROX_NONE)\n    if not cnts:\n        return None\n    c = max(cnts, key=cv2.contourArea)\n    if cv2.contourArea(c) < 1:\n        return None\n    peri = cv2.arcLength(c, True)\n    eps = max(1.0, 0.01 * peri)\n    c = cv2.approxPolyDP(c, eps, True)\n    pts = c.reshape(-1, 2)\n    return pts[:, 0].astype(int), pts[:, 1].astype(int)\n\n\ndef close_polygon(xs, ys):\n    """Append the first vertex so the polygon is closed (matches input style)."""\n    if len(xs) < 3:\n        return xs, ys\n    if xs[0] != xs[-1] or ys[0] != ys[-1]:\n        xs = list(xs) + [xs[0]]\n        ys = list(ys) + [ys[0]]\n    return list(xs), list(ys)\n\n\n# ---------------------------------------------------------------------------- #\n# Main\n# ---------------------------------------------------------------------------- #\ndef main():\n    ap = argparse.ArgumentParser()\n    ap.add_argument("--weights_path", type=str, required=True)\n    ap.add_argument("--output_path", type=str, required=True)\n    ap.add_argument("--rgb_path", type=str, required=True)\n    ap.add_argument("--csv_path", type=str, required=True)\n    args = ap.parse_args()\n\n    device = "cuda" if torch.cuda.is_available() else "cpu"\n    torch.set_num_threads(max(1, min(8, torch.get_num_threads())))\n\n    rgb = load_image_rgb(args.rgb_path)\n    H, W = rgb.shape[:2]\n\n    from mobile_sam import build_sam_vit_t, SamPredictor\n    model = build_sam_vit_t(checkpoint=args.weights_path)\n    model.to(device)\n    predictor = SamPredictor(model)\n    predictor.set_image(rgb, image_format="RGB")\n\n    df = pd.read_csv(args.csv_path)\n    n = len(df)\n\n    # ---- Per-mask MobileSAM refinement ------------------------------------ #\n    raw_masks = []\n    for i in tqdm(range(n), desc="Refining masks with MobileSAM"):\n        row = df.iloc[i]\n        cx_in = parse_coords(row["coords_x"])\n        cy_in = parse_coords(row["coords_y"])\n        xmin = float(row["xmin"]); xmax = float(row["xmax"])\n        ymin = float(row["ymin"]); ymax = float(row["ymax"])\n\n        # Bounding box (clamped to image) used as the localizing prompt.\n        bx0 = int(np.clip(xmin, 0, W - 1)); by0 = int(np.clip(ymin, 0, H - 1))\n        bx1 = int(np.clip(xmax, 0, W - 1)); by1 = int(np.clip(ymax, 0, H - 1))\n        if bx1 < bx0:\n            bx1 = bx0\n        if by1 < by0:\n            by1 = by0\n\n        # Positive point: centroid of the input polygon, else bbox centre.\n        if len(cx_in) >= 3 and len(cx_in) == len(cy_in):\n            pts = np.stack([cx_in, cy_in], axis=1)\n            cent = shoelace_centroid(pts)\n            if cent is not None:\n                px, py = cent\n            else:\n                px, py = (bx0 + bx1) / 2.0, (by0 + by1) / 2.0\n        else:\n            px, py = (bx0 + bx1) / 2.0, (by0 + by1) / 2.0\n        px = float(np.clip(px, bx0, bx1)); py = float(np.clip(py, by0, by1))\n\n        pt = np.array([[px, py]], dtype=np.float64)\n        lbl = np.array([1], dtype=np.int64)\n        box = np.array([bx0, by0, bx1, by1], dtype=np.float64)\n\n        masks, iou, low = predictor.predict(\n            point_coords=pt, point_labels=lbl, box=box, multimask_output=False\n        )\n        m = masks[0].astype(bool)\n        # Initial contiguity: single component.\n        m = largest_connected_component(m)\n        raw_masks.append(m)\n\n    # ---- Global overlap resolution (larger mask wins) --------------------- #\n    areas = np.array([int(m.sum()) for m in raw_masks], dtype=np.int64)\n    order = np.argsort(-areas, kind="stable")\n    claimed = np.zeros((H, W), dtype=bool)\n    final_masks = [None] * n\n    for i in order:\n        m = raw_masks[i].copy()\n        m &= ~claimed\n        if m.sum() == 0:\n            # Fallback: keep the original (un-overlap-removed) component.\n            m = raw_masks[i].copy()\n            m &= ~claimed\n            if m.sum() == 0:\n                m = raw_masks[i].copy()\n        m = largest_connected_component(m)\n        final_masks[i] = m\n        claimed |= m\n\n    # ---- Polygon + bbox extraction ---------------------------------------- #\n    out_xmin, out_ymin, out_xmax, out_ymax = [], [], [], []\n    out_cx, out_cy = [], []\n    for i in range(n):\n        m = final_masks[i]\n        if m.sum() == 0:\n            # Should not happen; fall back to the original mask geometry.\n            xs = parse_coords(df.iloc[i]["coords_x"]).astype(int).tolist()\n            ys = parse_coords(df.iloc[i]["coords_y"]).astype(int).tolist()\n            out_xmin.append(int(df.iloc[i]["xmin"])); out_ymin.append(int(df.iloc[i]["ymin"]))\n            out_xmax.append(int(df.iloc[i]["xmax"]); out_ymax.append(int(df.iloc[i]["ymax"]))\n            xsc, ysc = close_polygon(xs, ys)\n            out_cx.append(xsc); out_cy.append(ysc)\n            continue\n        ys_idx, xs_idx = np.where(m)\n        out_xmin.append(int(xs_idx.min())); out_xmax.append(int(xs_idx.max()))\n        out_ymin.append(int(ys_idx.min())); out_ymax.append(int(ys_idx.max()))\n        poly = mask_to_polygon(m)\n        if poly is None:\n            xs = xs_idx.tolist(); ys = ys_idx.tolist()\n        else:\n            xs, ys = poly\n        xsc, ysc = close_polygon(xs, ys)\n        out_cx.append(xsc); out_cy.append(ysc)\n\n    # ---- Write output CSV (same columns as input) ------------------------- #\n    df["xmin"] = out_xmin\n    df["ymin"] = out_ymin\n    df["xmax"] = out_xmax\n    df["ymax"] = out_ymax\n    df["type"] = "polyline"\n    df["coords_x"] = [",".join(str(int(v)) for v in xs) for xs in out_cx]\n    df["coords_y"] = [",".join(str(int(v)) for v in ys) for ys in out_cy]\n\n    out_dir = os.path.dirname(os.path.abspath(args.output_path))\n    if out_dir:\n        os.makedirs(out_dir, exist_ok=True)\n    df.to_csv(args.output_path, index_label="")\n    print("Wrote %d masks to %s" % (n, args.output_path))\n\n\nif __name__ == "main":\n    main()\nPYEOF\necho "written"; python3 -c "import ast; ast.parse(open(\'/app/convert_masks.py\').read()); print(\'syntax OK\')"\n'] min_timeout_sec: 5.0 max_timeout_sec: 180.0
Trajectory dumped to /home/ubuntu/tb21/jobs/tb21c-8x512k-hyd-p1-s3/sam-cell-seg__GyBttaA/agent/trajectory.json
Parser warnings: - Extra text detected before JSON object
Sending keys: ['cd /app && sed -i \'s#out_xmax.append(int(df.iloc\\[i\\]\\["xmax"\\]); #out_xmax.append(int(df.iloc[i]["xmax"])); #\' /app/convert_masks.py\n'] min_timeout_sec: 1.0 max_timeout_sec: 180.0
Sending keys: ["cd /app && grep -n 'out_xmax.append' /app/convert_masks.py\n"] min_timeout_sec: 1.0 max_timeout_sec: 180.0
Sending keys: ['cd /app && python3 -c "import ast; ast.parse(open(\'/app/convert_masks.py\').read()); print(\'syntax OK\')"\n'] min_timeout_sec: 1.0 max_timeout_sec: 180.0
Trajectory dumped to /home/ubuntu/tb21/jobs/tb21c-8x512k-hyd-p1-s3/sam-cell-seg__GyBttaA/agent/trajectory.json
Sending keys: ["cat > /app/j4.py << 'PYEOF'\ndef parse_fasta(fn):\n    seqs={}; name=None; buf=[]\n    for line in open(fn):\n        line=line.rstrip('\\n')\n        if line.startswith('>'):\n            if name is not None: seqs[name]=''.join(buf)\n            name=line[1:].strip(); buf=[]\n        else: buf.append(line.strip())\n    if name is not None: seqs[name]=''.join(buf)\n    return seqs\nS=parse_fasta('/app/sequences.fasta')\ninp=S['input']; out=S['output']; egfp=S['egfp']; flag=S['flag']; snap=S['snap']\nse=210; E=1554; ins=out[se:E]\n\n# robust: for each part, find its core (a 25-mer unique enough) and map the full part with a needle search allowing small mismatches\n# Instead: directly find boundaries using 20-mers.\ndef fa(s,h):\n    r=[];i=h.find(s)\n    while i>=0: r.append(i); i=h.find(s,i+1)\n    return r\n# egfp start = ins[0]. egfp end: find egfp[690:710] (last 20 of egfp) in ins\nprint('egfp last20 in ins:', fa(egfp[690:710],ins))\n# flag: flag[0:20] not found; flag[3:23] at 714 -> flag[0] at 711\n# confirm flag[0:20] region: ins[711:731]\nprint('ins[706:736]=',ins[706:736])\nprint('flag[0:20]=  ',flag[0:20])\n# flag end: flag[70:90] in ins\nprint('flag last20 in ins:', fa(flag[70:90],ins))\n# snap: snap[3:23] at 798 -> snap[0] at 795\nprint('ins[790:820]=',ins[790:820])\nprint('snap[0:20]=  ',snap[0:20])\n# snap end = ins end\nprint('ins[-20:]=',ins[-20:])\nprint('snap[-20:]=',snap[-20:])\nPYEOF\npython3 /app/j4.py\n"] min_timeout_sec: 1.0 max_timeout_sec: 180.0
Trajectory dumped to /home/ubuntu/tb21/jobs/tb21c-8x512k-hyd-p1-s3/dna-assembly__A6y8ZL7/agent/trajectory.json
Parser warnings: - Extra text detected before JSON object
Sending keys: ["chmod 755 /var/lib/mailman3/data; chmod 644 /var/lib/mailman3/data/postfix_lmtp /var/lib/mailman3/data/postfix_domains; ls -la /var/lib/mailman3/data/postfix_*; stat -c '%a %U:%G %n' /var/lib/mailman3 /var/lib/mailman3/data /var/lib/mailman3/data/postfix_lmtp\n"] min_timeout_sec: 0.5 max_timeout_sec: 180.0
Sending keys: ["postfix reload 2>&1; sleep 2; echo 'reloaded'\n"] min_timeout_sec: 3.0 max_timeout_sec: 180.0
Parser warnings: - AUTO-CORRECTED: Fixed incomplete JSON by adding missing closing brace - please fix this in future responses
Sending keys: ["echo '=== main calls ==='; grep -oE 'call +4[0-9a-f]{5} <[a-z_]+>' /tmp/main.txt | sort -u\n"] min_timeout_sec: 0.3 max_timeout_sec: 180.0
Sending keys: ["echo '=== write_image ==='; sed -n '/^0000000000402c30 <write_image>/,/^0000000000402de0/p' /tmp/dump.txt\n"] min_timeout_sec: 0.5 max_timeout_sec: 180.0
Trajectory dumped to /home/ubuntu/tb21/jobs/tb21c-8x512k-hyd-p1-s3/path-tracing-reverse__eGEAaSn/agent/trajectory.json
Sending keys: ["python3 - <<'PYEOF'\nimport smtplib\nfrom email.mime.text import MIMEText\nmsg = MIMEText('')\nmsg['From'] = 'smoketest1@local.edu'\nmsg['To'] = 'reading-group-join@local.edu'\nwith smtplib.SMTP('localhost', 25) as s:\n    s.send_message(msg)\nprint('sent join request OK')\nPYEOF\n"] min_timeout_sec: 2.0 max_timeout_sec: 180.0
Sending keys: ['sleep 6; echo \'=== /var/mail/smoketest1 ===\'; python3 -c "import mailbox; m=mailbox.mbox(\'/var/mail/smoketest1\'); print(len(m),\'msgs\'); [print(repr(x.get(\'From\')),\'|\',repr(x.get(\'Subject\'))) for x in m]" 2>&1\n'] min_timeout_sec: 8.0 max_timeout_sec: 180.0
Parser warnings: - Extra text detected before JSON object
Sending keys: ['cd /app && time python3 /app/convert_masks.py --weights_path /app/mobile_sam.pt --output_path /tmp/out.csv --rgb_path /app/demo_rgb.png --csv_path /app/demo_metadata.csv 2>/tmp/run.log; echo "EXIT=$?"; echo "--- last log lines ---"; tail -5 /tmp/run.log\n'] min_timeout_sec: 60 max_timeout_sec: 180.0
Trajectory dumped to /home/ubuntu/tb21/jobs/tb21c-8x512k-hyd-p1-s3/mailman__DSozsrw/agent/trajectory.json
Parser warnings: - Extra text detected before JSON object
- Extra text detected after JSON object
Parser warnings: - Extra text detected before JSON object
Sending keys: ["echo '=== join ==='; postmap -q 'reading-group-join@local.edu' regexp:/var/lib/mailman3/data/postfix_lmtp; echo '=== confirm+tok ==='; postmap -q 'reading-group-confirm+abc123@local.edu' regexp:/var/lib/mailman3/data/postfix_lmtp; echo '=== plain list ==='; postmap -q 'reading-group@local.edu' regexp:/var/lib/mailman3/data/postfix_lmtp; echo '=== unrelated ==='; postmap -q 'nobody@local.edu' regexp:/var/lib/mailman3/data/postfix_lmtp\n"] min_timeout_sec: 1.0 max_timeout_sec: 180.0
Sending keys: ["postconf -n regexp_type 2>&1; echo '--- default regexp_type ---'; postconf -d regexp_type 2>&1\n"] min_timeout_sec: 0.5 max_timeout_sec: 180.0
Sending keys: ["echo '=== maillog tail ==='; (tail -n 40 /var/log/mail.log 2>/dev/null || tail -n 40 /var/log/maillog 2>/dev/null || journalctl -n 20 2>/dev/null) | tail -30\n"] min_timeout_sec: 1.0 max_timeout_sec: 180.0
Trajectory dumped to /home/ubuntu/tb21/jobs/tb21c-8x512k-hyd-p1-s3/mailman__DSozsrw/agent/trajectory.json
Parser warnings: - Extra text detected before JSON object
Sending keys: ["postfix stop 2>&1; sleep 2; postfix start 2>&1; sleep 2; (ss -ltn 2>/dev/null | grep ':25 ') && echo 'postfix up on 25'\n"] min_timeout_sec: 5.0 max_timeout_sec: 180.0
Sending keys: ["python3 - <<'PYEOF'\nimport smtplib\nfrom email.mime.text import MIMEText\nmsg = MIMEText('')\nmsg['From'] = 'smoketest1@local.edu'\nmsg['To'] = 'reading-group-join@local.edu'\nwith smtplib.SMTP('localhost', 25) as s:\n    s.send_message(msg)\nprint('sent join request OK')\nPYEOF\n"] min_timeout_sec: 2.0 max_timeout_sec: 180.0
Sending keys: ['sleep 7; echo \'=== /var/mail/smoketest1 ===\'; python3 -c "import mailbox; m=mailbox.mbox(\'/var/mail/smoketest1\'); print(len(m),\'msgs\'); [print(repr(x.get(\'From\')),\'|\',repr(x.get(\'Subject\'))) for x in m]" 2>&1\n'] min_timeout_sec: 9.0 max_timeout_sec: 180.0
Trajectory dumped to /home/ubuntu/tb21/jobs/tb21c-8x512k-hyd-p1-s3/mailman__DSozsrw/agent/trajectory.json
Trajectory dumped to /home/ubuntu/tb21/jobs/tb21c-8x512k-hyd-p1-s3/sam-cell-seg__GyBttaA/agent/trajectory.json
Parser warnings: - Extra text detected before JSON object
Sending keys: ["cd /app && grep -n '__name__ ==' /app/convert_masks.py\n"] min_timeout_sec: 1.0 max_timeout_sec: 180.0
Sending keys: ['cd /app && sed -i \'s#if __name__ == "main":#if __name__ == "__main__":#\' /app/convert_masks.py && grep -n \'__name__ ==\' /app/convert_masks.py && python3 -c "import ast; ast.parse(open(\'/app/convert_masks.py\').read()); print(\'syntax OK\')"\n'] min_timeout_sec: 1.0 max_timeout_sec: 180.0
Trajectory dumped to /home/ubuntu/tb21/jobs/tb21c-8x512k-hyd-p1-s3/sam-cell-seg__GyBttaA/agent/trajectory.json
Parser warnings: - Extra text detected before JSON object
Sending keys: ['cd /app && time python3 /app/convert_masks.py --weights_path /app/mobile_sam.pt --output_path /tmp/out.csv --rgb_path /app/demo_rgb.png --csv_path /app/demo_metadata.csv 2>/tmp/run.log; echo "EXIT=$?"; echo \'--- progress ---\'; tr \'\\r\' \'\\n\' < /tmp/run.log | tail -4\n'] min_timeout_sec: 60 max_timeout_sec: 180.0
Parser warnings: - AUTO-CORRECTED: Fixed incomplete JSON by adding missing closing brace - please fix this in future responses
Sending keys: ["cd /tmp; echo '=== MAIN CALLS ==='; grep -oE 'call +[0-9a-f]+ <[a-z_0-9]+>' main.txt | sed 's/\\s*<\\(.*\\)>/<\\1>/' | sort | uniq -c\n"] min_timeout_sec: 0.3 max_timeout_sec: 180.0
Sending keys: ['objdump -d --start-address=0x4021a0 --stop-address=0x402570 /app/mystery > /tmp/sphere.txt; wc -l /tmp/sphere.txt\n'] min_timeout_sec: 1.0 max_timeout_sec: 180.0
Sending keys: ['objdump -d --start-address=0x401740 --stop-address=0x401ea0 /app/mystery > /tmp/main2.txt; wc -l /tmp/main2.txt\n'] min_timeout_sec: 1.0 max_timeout_sec: 180.0
Trajectory dumped to /home/ubuntu/tb21/jobs/tb21c-8x512k-hyd-p1-s3/path-tracing-reverse__eGEAaSn/agent/trajectory.json
Parser warnings: - AUTO-CORRECTED: Fixed incomplete JSON by adding missing closing brace - please fix this in future responses
Sending keys: ['cat /tmp/sphere.txt\n'] min_timeout_sec: 0.5 max_timeout_sec: 180.0
Trajectory dumped to /home/ubuntu/tb21/jobs/tb21c-8x512k-hyd-p1-s3/path-tracing-reverse__eGEAaSn/agent/trajectory.json
Parser warnings: - Extra text detected before JSON object
Sending keys: ["python3 -m pip install --break-system-packages biopython 2>&1 | tail -6; echo 'pip-exit:' $?\n"] min_timeout_sec: 50.0 max_timeout_sec: 180.0
Parser warnings: - Extra text detected before JSON object
Sending keys: ["postconf -e 'maillog_file = /var/log/postfix.log'; postfix stop 2>&1; sleep 2; postfix start 2>&1; sleep 2; echo 'postfix restarted with file logging'\n"] min_timeout_sec: 5.0 max_timeout_sec: 180.0
Parser warnings: - AUTO-CORRECTED: Fixed incomplete JSON by adding missing closing brace - please fix this in future responses
Sending keys: ["sed -n '1,120p' /tmp/sphere.txt\n"] min_timeout_sec: 0.5 max_timeout_sec: 180.0
Trajectory dumped to /home/ubuntu/tb21/jobs/tb21c-8x512k-hyd-p1-s3/path-tracing-reverse__eGEAaSn/agent/trajectory.json
Sending keys: ["rm -f /var/log/postfix.log; python3 - <<'PYEOF'\nimport smtplib\nfrom email.mime.text import MIMEText\nmsg = MIMEText('')\nmsg['From'] = 'smoketest1@local.edu'\nmsg['To'] = 'reading-group-join@local.edu'\ntry:\n    with smtplib.SMTP('localhost', 25) as s:\n        s.send_message(msg)\n    print('sent OK')\nexcept Exception as e:\n    print('REJECTED:', e)\nPYEOF\n"] min_timeout_sec: 3.0 max_timeout_sec: 180.0
Sending keys: ["sleep 3; echo '=== postfix.log (reading-group lines) ==='; grep -iE 'reading-group|transport|local|reject|LMTP|trivial' /var/log/postfix.log 2>&1 | tail -40\n"] min_timeout_sec: 5.0 max_timeout_sec: 180.0
Trajectory dumped to /home/ubuntu/tb21/jobs/tb21c-8x512k-hyd-p1-s3/mailman__DSozsrw/agent/trajectory.json
Trajectory dumped to /home/ubuntu/tb21/jobs/tb21c-8x512k-hyd-p1-s3/sam-cell-seg__GyBttaA/agent/trajectory.json
Parser warnings: - Extra text detected before JSON object
Sending keys: ["cd /app && cat > /tmp/validate.py << 'PYEOF'\nimport warnings; warnings.filterwarnings('ignore')\nimport numpy as np, pandas as pd, cv2\n\ndef parse(s):\n    if not isinstance(s,str) or s.strip()=='' : return np.array([],dtype=np.float64)\n    p=[x for x in s.split(',') if x.strip()!='']\n    return np.array([float(x) for x in p])\n\nin_df = pd.read_csv('/app/demo_metadata.csv')\nout_df = pd.read_csv('/tmp/out.csv')\nprint('input columns :', list(in_df.columns))\nprint('output columns:', list(out_df.columns))\nprint('columns match :', list(in_df.columns)==list(out_df.columns))\nprint('rows in/out   :', len(in_df), len(out_df))\nprint('all type=polyline:', (out_df['type']=='polyline').all())\nprint('type value_counts:'); print(out_df['type'].value_counts())\n\nimg = cv2.imread('/app/demo_rgb.png'); H,W = img.shape[:2]\nmask_sum = np.zeros((H,W), dtype=np.int32)\nbad_bbox=0; bad_contig=0; empty=0; vcounts=[]\nfor i,row in out_df.iterrows():\n    xs=parse(row['coords_x']); ys=parse(row['coords_y'])\n    vcounts.append(len(xs))\n    if len(xs)==0 or len(ys)==0:\n        empty+=1; continue\n    if not (xs.max()==row['xmax'] or abs(xs.max()-row['xmax'])<=1):\n        bad_bbox+=1\n    m=np.zeros((H,W),dtype=np.uint8)\n    pts=np.stack([xs,ys],1).astype(np.int32)\n    cv2.fillPoly(m,[pts],1)\n    if m.sum()==0:\n        empty+=1; continue\n    # bbox check against filled mask\n    yy,xx=np.where(m>0)\n    if xx.min()!=row['xmin'] or xx.max()!=row['xmax'] or yy.min()!=row['ymin'] or yy.max()!=row['ymax']:\n        bad_bbox+=1\n    n,lab,stats,_=cv2.connectedComponentsWithStats(m,8)\n    if n-1 != 1:\n        bad_contig+=1\n    mask_sum += (m>0).astype(np.int32)\n\nprint('empty masks     :', empty)\nprint('bbox mismatch   :', bad_bbox)\nprint('non-contiguous  :', bad_contig)\nprint('MAX overlap     :', int(mask_sum.max()))\nprint('pixels overlapped:', int((mask_sum>1).sum()))\nprint('vertex counts : min/med/max =', min(vcounts), int(np.median(vcounts)), max(vcounts))\nprint('num masks with <=4 vertices (rect-like):', sum(1 for v in vcounts if v<=4))\nprint('num masks with >4 vertices (true polyline):', sum(1 for v in vcounts if v>4))\nPYEOF\npython3 /tmp/validate.py\n"] min_timeout_sec: 20.0 max_timeout_sec: 180.0
Sending keys: ["echo '=== oligotm tests (required flags) ==='; oligotm -tp 1 -sc 1 -mv 50 -dv 2 -n 0.8 -d 500 ATGCATGCATGCATGCATGCATGCATGC; oligotm -tp 1 -sc 1 -mv 50 -dv 2 -n 0.8 -d 500 AAGCTTCAAGCTTCAAGCTT; oligotm -tp 1 -sc 1 -mv 50 -dv 2 -n 0.8 -d 500 ATGC\n"] min_timeout_sec: 3.0 max_timeout_sec: 180.0
Trajectory dumped to /home/ubuntu/tb21/jobs/tb21c-8x512k-hyd-p1-s3/dna-assembly__A6y8ZL7/agent/trajectory.json
Trajectory dumped to /home/ubuntu/tb21/jobs/tb21c-8x512k-hyd-p1-s3/sam-cell-seg__GyBttaA/agent/trajectory.json
Parser warnings: - Extra text detected before JSON object
Sending keys: ['cat > /app/bsai2.py << \'PYEOF\'\nfrom Bio.Restriction import BsaI, BsaI_HFv2 if False else None\nPYEOF\npython3 -c "\nfrom Bio import Restriction as R\nimport Bio.Restriction as BR\n# get BsaI\nbsai=None\nfor name in [\'BsaI\',\'BsaI_HFv2\']:\n    try:\n        e=getattr(BR,name)\n        bsai=e\n        print(name,\'found, type\',type(e))\n    except Exception as ex:\n        print(name,\'not attr:\',ex)\nprint(dir(BR)[0:10])\nprint(\'has BsaI:\', hasattr(BR,\'BsaI\'))\n" 2>&1 | head -40\n'] min_timeout_sec: 2.0 max_timeout_sec: 180.0
Sending keys: ['python3 -c "\nfrom Bio import Restriction as BR\nb=BR.BsaI()\nprint(\'name:\',b.name)\nprint(\'double?\',b.is_double_cutter() if hasattr(b,\'is_double_cutter\') else \'n/a\')\nprint(\'recognition:\',b.get_re() if hasattr(b,\'get_re\') else b.re if hasattr(b,\'re\') else \'n/a\')\nprint(\'cut positions:\', b.cuts if hasattr(b,\'cuts\') else \'n/a\')\nprint(\'offsets:\', b.offsets if hasattr(b,\'offsets\') else \'n/a\')\nprint()\n# show cut on a known sequence\nseq=\'NNNNN GGATN NNNN\' .replace(\' \',\'\')\nprint(\'seq\',seq)\nprint(\'BsaI cuts:\', list(b.search(seq)))\n" 2>&1 | head -40\n'] min_timeout_sec: 2.0 max_timeout_sec: 180.0
Trajectory dumped to /home/ubuntu/tb21/jobs/tb21c-8x512k-hyd-p1-s3/dna-assembly__A6y8ZL7/agent/trajectory.json
Parser warnings: - AUTO-CORRECTED: Fixed incomplete JSON by adding missing closing brace - please fix this in future responses
Sending keys: ["sed -n '/401959:/,/401a90:/p' /tmp/dump.txt\n"] min_timeout_sec: 0.5 max_timeout_sec: 180.0
Trajectory dumped to /home/ubuntu/tb21/jobs/tb21c-8x512k-hyd-p1-s3/path-tracing-reverse__eGEAaSn/agent/trajectory.json
Parser warnings: - Extra text detected before JSON object
Sending keys: ["cat > /app/bsai3.py << 'PYEOF'\nfrom Bio import Restriction as BR\nT=BR.BsaI\nprint('re:', T.re)\nprint('is_type:', T.is_type if hasattr(T,'is_type') else '')\n# recognition / cut info\nfor attr in ['cuts','offsets','base_seq','length','number_of_bases']:\n    if hasattr(T,attr):\n        print(attr, getattr(T,attr))\n# Try instantiating\ninsts = T.get_all_seqs() if hasattr(T,'get_all_seqs') else None\nprint('all_seqs:', insts)\n# Search a test sequence: BsaI = GGATN; put GGATC and surrounding\nseq='NNNNNCGGATCTNNNNN'.replace('C','N')  # NNNNNN GGAT T NNNNNN? just make GGATN\nseq='NNNNGGATN' # N literal not allowed maybe\nseq2='GGATCAAAAA'  # GGATC (N=C) then AAAA\nprint('search GGATCAAAAA:', list(T.search(seq2)))\nprint('search NNNN GGATC NNNN:', list(T.search('NNNNGGATC')))\n# cut function\nprint('cut on GGATCAAAA:', T.cut('GGATCAAAA'))\nPYEOF\npython3 /app/bsai3.py 2>&1 | head -40\n"] min_timeout_sec: 2.0 max_timeout_sec: 180.0
Trajectory dumped to /home/ubuntu/tb21/jobs/tb21c-8x512k-hyd-p1-s3/dna-assembly__A6y8ZL7/agent/trajectory.json
Parser warnings: - Extra text detected before JSON object
Sending keys: ["echo '=== maillog_file default ==='; postconf -d maillog_file 2>&1; echo '=== current ==='; postconf maillog_file 2>&1; echo '=== rsyslog/syslogd ==='; which rsyslogd syslogd 2>&1; ls /etc/init.d/ 2>&1 | grep -i syslog\n"] min_timeout_sec: 0.5 max_timeout_sec: 180.0
Sending keys: ["echo '=== log file now ==='; ls -la /var/log/postfix.log 2>&1; echo '=== running log procs ==='; ps aux | grep -E 'postlog|rsyslog|syslog' | grep -v grep\n"] min_timeout_sec: 0.5 max_timeout_sec: 180.0
Sending keys: ["echo '=== live transport_maps ==='; postconf transport_maps mydestination local_recipient_maps\n"] min_timeout_sec: 0.5 max_timeout_sec: 180.0
Trajectory dumped to /home/ubuntu/tb21/jobs/tb21c-8x512k-hyd-p1-s3/mailman__DSozsrw/agent/trajectory.json
Parser warnings: - Extra text detected before JSON object
Sending keys: ["cat > /app/bsai4.py << 'PYEOF'\nfrom Bio import Restriction as BR\nB=BR.BsaI\nprint('type:', type(B), 'isinstance RT:', isinstance(B, BR.RestrictionType))\nimport re\nattrs=[a for a in dir(B) if not a.startswith('__')]\nprint('attrs sample:', [a for a in attrs if a in ('re','number_of_bases','base_seq','cuts','offsets','is_double_cutter','get_re','search','cut','name')])\ntry:\n    print('number_of_bases:', B.number_of_bases)\nexcept Exception as e: print('nobase', e)\ntry:\n    print('base_seq:', B.base_seq)\nexcept Exception as e: print('bseq', e)\ntry:\n    print('re:', B.re)\nexcept Exception as e: print('re err', e)\n# test cut\nfor s in ['GGATCAAAA','NNNNGGATC','GGATCNAAAA']:\n    try:\n        print(s,'-> search', list(B.search(s)))\n    except Exception as e:\n        print(s,'err',e)\nPYEOF\npython3 /app/bsai4.py 2>&1 | head -40\n"] min_timeout_sec: 2.0 max_timeout_sec: 180.0
Trajectory dumped to /home/ubuntu/tb21/jobs/tb21c-8x512k-hyd-p1-s3/dna-assembly__A6y8ZL7/agent/trajectory.json
Parser warnings: - AUTO-CORRECTED: Fixed incomplete JSON by adding missing closing brace - please fix this in future responses
Sending keys: ["sed -n '120,270p' /tmp/main.txt\n"] min_timeout_sec: 0.5 max_timeout_sec: 180.0
Trajectory dumped to /home/ubuntu/tb21/jobs/tb21c-8x512k-hyd-p1-s3/path-tracing-reverse__eGEAaSn/agent/trajectory.json
Parser warnings: - Extra text detected before JSON object
Sending keys: ["cat > /app/bsai5.py << 'PYEOF'\nfrom Bio import Restriction as BR\nB=BR.BsaI\nprint('number_of_bases:', B.number_of_bases())\nprint('re:', B.re)\nprint('is_type:', B.is_type())\n# cut test on template with GGATC followed by AAAA (expect 4-nt 5' overhang AAAA)\nseq='GGATCAAAAA'\nprint('search on GGATCAAAAA:', list(B.search(seq)))\nprint('cut on GGATCAAAAA:', B.cut(seq))\nseq2='NNNNNGGATCXXXX'\n# cut needs real seq; use a long one\nseq3='GGATCCGAATGGATCAAAA'\nprint('search seq3:', list(B.search(seq3)))\nPYEOF\npython3 /app/bsai5.py 2>&1 | head -40\n"] min_timeout_sec: 2.0 max_timeout_sec: 180.0
Trajectory dumped to /home/ubuntu/tb21/jobs/tb21c-8x512k-hyd-p1-s3/dna-assembly__A6y8ZL7/agent/trajectory.json
Parser warnings: - Extra text detected before JSON object
Sending keys: ["cat > /app/bsai6.py << 'PYEOF'\nfrom Bio import Restriction as BR\nB=BR.BsaI\nmembers=[a for a in dir(B) if not a.startswith('_')]\nprint('MEMBERS:', members)\n# try common\nfor a in ['re','number_of_bases','base_seq','is_type','name','search','cut']:\n    if a in members:\n        v=getattr(B,a)\n        if callable(v) and a not in ('search','cut'):\n            try: v=v()\n            except: pass\n        print(a,'=',v)\nPYEOF\npython3 /app/bsai6.py 2>&1 | head -50\n"] min_timeout_sec: 2.0 max_timeout_sec: 180.0
Trajectory dumped to /home/ubuntu/tb21/jobs/tb21c-8x512k-hyd-p1-s3/dna-assembly__A6y8ZL7/agent/trajectory.json
Parser warnings: - Extra text detected before JSON object
Sending keys: ["cat > /app/bsai7.py << 'PYEOF'\nfrom Bio import Restriction as BR\nB=BR.BsaI\nfor a in ['site','size','overhang','ovhgseq','is_5overhang','is_3overhang','is_ambiguous','is_palindromic','charac']:\n    v=getattr(B,a)\n    try:\n        print(a,'=',v() if callable(v) else v)\n    except Exception as e:\n        print(a,'err',e)\nprint('--- search GGATCAAAA ---')\nprint(list(B.search('GGATCAAAA')))\nprint('--- catalyse ---')\ntry:\n    print(B.catalyse('GGATCAAAA'))\nexcept Exception as e:\n    print('catalyse err',e); print(B.catalyze('GGATCAAAA'))\nPYEOF\npython3 /app/bsai7.py 2>&1 | head -40\n"] min_timeout_sec: 2.0 max_timeout_sec: 180.0
Parser warnings: - Extra text detected before JSON object
Sending keys: ["postfix stop 2>&1; sleep 3; rm -f /var/log/postfix.log; postfix start 2>&1; sleep 3; echo '=== log exists? ==='; ls -la /var/log/postfix.log 2>&1\n"] min_timeout_sec: 7.0 max_timeout_sec: 180.0
Trajectory dumped to /home/ubuntu/tb21/jobs/tb21c-8x512k-hyd-p1-s3/dna-assembly__A6y8ZL7/agent/trajectory.json
Sending keys: ["python3 - <<'PYEOF'\nimport smtplib\nfrom email.mime.text import MIMEText\nmsg = MIMEText('')\nmsg['From'] = 'smoketest1@local.edu'\nmsg['To'] = 'reading-group-join@local.edu'\ntry:\n    with smtplib.SMTP('localhost', 25) as s:\n        s.send_message(msg)\n    print('sent OK')\nexcept Exception as e:\n    print('REJECTED:', e)\nPYEOF\n"] min_timeout_sec: 3.0 max_timeout_sec: 180.0
Sending keys: ["sleep 3; echo '=== FULL postfix.log ==='; cat /var/log/postfix.log 2>&1 | tail -50\n"] min_timeout_sec: 5.0 max_timeout_sec: 180.0
Trajectory dumped to /home/ubuntu/tb21/jobs/tb21c-8x512k-hyd-p1-s3/mailman__DSozsrw/agent/trajectory.json
Parser warnings: - AUTO-CORRECTED: Fixed incomplete JSON by adding missing closing brace - please fix this in future responses
Sending keys: ["sed -n '/401959:/,/401ac5:/p' /tmp/dump.txt\n"] min_timeout_sec: 0.5 max_timeout_sec: 180.0
Trajectory dumped to /home/ubuntu/tb21/jobs/tb21c-8x512k-hyd-p1-s3/path-tracing-reverse__eGEAaSn/agent/trajectory.json
Parser warnings: - Extra text detected before JSON object
- Extra text detected after JSON object
Parser warnings: - Extra text detected before JSON object
Sending keys: ["cat > /app/bsai8.py << 'PYEOF'\nfrom Bio import Restriction as BR\nfrom Bio.Seq import Seq\nB=BR.BsaI\nprint('compsite:', B.compsite if hasattr(B,'compsite') else '?')\nprint('substrat:', B.substrat if hasattr(B,'substrat') else '?')\nprint('charac:', B.charac)\n# search a seq with GGATC (GGATN, N=C) followed by AAAA\nseq=Seq('NNNNNGGATCAAAA')\nres=list(B.search(seq))\nprint('search NNNNNGGATCAAAA ->', res, [ (r[0] if isinstance(r,tuple) else r) for r in res])\n# catalyse\ncuts=B.catalyse(seq)\nprint('catalyse:', cuts)\n# more explicit: A's around\nseq2=Seq('AAAAAAAA GGATC TTTTTT'.replace(' ',''))\nprint('seq2:',str(seq2))\nprint('search seq2:', list(B.search(seq2)))\nprint('catalyse seq2:', B.catalyse(seq2))\nPYEOF\npython3 /app/bsai8.py 2>&1 | head -50\n"] min_timeout_sec: 2.0 max_timeout_sec: 180.0
Trajectory dumped to /home/ubuntu/tb21/jobs/tb21c-8x512k-hyd-p1-s3/dna-assembly__A6y8ZL7/agent/trajectory.json
Parser warnings: - AUTO-CORRECTED: Fixed incomplete JSON by adding missing closing brace - please fix this in future responses
Sending keys: ["sed -n '120,240p' /tmp/main2.txt\n"] min_timeout_sec: 0.5 max_timeout_sec: 180.0
Trajectory dumped to /home/ubuntu/tb21/jobs/tb21c-8x512k-hyd-p1-s3/path-tracing-reverse__eGEAaSn/agent/trajectory.json
Parser warnings: - Extra text detected before JSON object
Sending keys: ["stat -c '%a %U:%G %n' / /var /var/lib /var/lib/mailman3 /var/lib/mailman3/data /var/lib/mailman3/data/postfix_lmtp 2>&1\n"] min_timeout_sec: 0.5 max_timeout_sec: 180.0
Sending keys: ['id postfix 2>&1; su -s /bin/sh postfix -c "postmap -q reading-group-join@local.edu regexp:/var/lib/mailman3/data/postfix_lmtp" 2>&1; echo \'(exit: postfix-user postmap test above)\'\n'] min_timeout_sec: 1.0 max_timeout_sec: 180.0
Sending keys: ["cat > /tmp/hash_lmtp <<'EOF'\nreading-group@local.edu        lmtp:[127.0.0.1]:8024\nreading-group-bounces@local.edu  lmtp:[127.0.0.1]:8024\nreading-group-confirm@local.edu  lmtp:[127.0.0.1]:8024\nreading-group-join@local.edu     lmtp:[127.0.0.1]:8024\nreading-group-leave@local.edu    lmtp:[127.0.0.1]:8024\nreading-group-owner@local.edu    lmtp:[127.0.0.1]:8024\nreading-group-request@local.edu  lmtp:[127.0.0.1]:8024\nEOF\npostmap /tmp/hash_lmtp 2>&1; postmap -q 'reading-group-join@local.edu' hash:/tmp/hash_lmtp 2>&1; echo 'hash test done'\n"] min_timeout_sec: 1.0 max_timeout_sec: 180.0
Trajectory dumped to /home/ubuntu/tb21/jobs/tb21c-8x512k-hyd-p1-s3/mailman__DSozsrw/agent/trajectory.json
Parser warnings: - Extra text detected before JSON object
Sending keys: ['cd /app && cat > /app/convert_masks.py << \'PYEOF\'\n#!/usr/bin/env python3\n"""Refine all cell masks (rectangles and polylines) into polylines using MobileSAM.\n\nReads an RGB image + a metadata CSV (one mask per cell). Uses MobileSAM to refine\nevery mask and guarantees: (a) each mask is a single contiguous polygon and (b) no\ntwo masks overlap. Writes a CSV matching the input structure with updated\nxmin/xmax/ymin/ymax, coords_x and coords_y (and type=\'polyline\').\n"""\nimport argparse\nimport os\nimport warnings\n\n# Cap intra-op threads BEFORE importing torch: on some AVX-512 CPUs very high thread\n# counts make oneDNN extremely slow / unstable. 8 is a robust default.\n_NPROC = os.cpu_count() or 8\n_T = max(1, min(8, _NPROC))\nos.environ.setdefault("OMP_NUM_THREADS", str(_T))\nos.environ.setdefault("MKL_NUM_THREADS", str(_T))\nos.environ.setdefault("OMP_DYNAMIC", "false")\n\nwarnings.filterwarnings("ignore")\n\nimport numpy as np\nimport pandas as pd\nimport cv2\nimport torch\nfrom tqdm import tqdm\n\n\n# ---------------------------------------------------------------------------- #\n# Parsing / I/O helpers\n# ---------------------------------------------------------------------------- #\ndef parse_coords(s):\n    """Parse a comma-separated coordinate string into a float64 1-D ndarray."""\n    if s is None:\n        return np.array([], dtype=np.float64)\n    s = str(s).strip()\n    if s == "" or s.lower() == "nan":\n        return np.array([], dtype=np.float64)\n    parts = [p for p in s.split(",") if p.strip() != ""]\n    if not parts:\n        return np.array([], dtype=np.float64)\n    return np.array([float(p) for p in parts], dtype=np.float64)\n\n\ndef load_image_rgb(path):\n    img = cv2.imread(path, cv2.IMREAD_COLOR)\n    if img is None:\n        from PIL import Image\n        img = np.asarray(Image.open(path).convert("RGB"))\n        return np.ascontiguousarray(img)\n    return cv2.cvtColor(img, cv2.COLOR_BGR2RGB)\n\n\ndef csv_has_index_column(path):\n    """True if the CSV\'s first header cell is empty (a bare row-index column)."""\n    with open(path, "r") as f:\n        line = f.readline()\n    if not line:\n        return False\n    first = line.split(",")[0].strip().strip(\'"\').strip()\n    return first == ""\n\n\ndef shoelace_centroid(pts):\n    """Centroid of a (possibly open) simple polygon. Returns None if degenerate."""\n    if pts is None or len(pts) < 3:\n        return None\n    x = pts[:, 0]\n    y = pts[:, 1]\n    x2 = np.roll(x, -1)\n    y2 = np.roll(y, -1)\n    cross = x * y2 - x2 * y\n    A = 0.5 * float(np.sum(cross))\n    if abs(A) < 1e-6:\n        return None\n    cx = float(np.sum((x + x2) * cross)) / (6.0 * A)\n    cy = float(np.sum((y + y2) * cross)) / (6.0 * A)\n    return cx, cy\n\n\n# ---------------------------------------------------------------------------- #\n# Mask post-processing helpers\n# ---------------------------------------------------------------------------- #\ndef largest_connected_component(mask):\n    """Return the single largest connected component of a binary mask."""\n    m = (mask > 0).astype(np.uint8)\n    n, labels, stats, _ = cv2.connectedComponentsWithStats(m, connectivity=8)\n    if n <= 1:\n        return mask  # empty\n    areas = stats[1:, cv2.CC_STAT_AREA]\n    best = 1 + int(np.argmax(areas))\n    return (labels == best)\n\n\ndef mask_to_polygon(mask):\n    """Return (xs, ys) integer arrays for the outer boundary of a binary mask."""\n    m8 = (mask > 0).astype(np.uint8) * 255\n    cnts, _ = cv2.findContours(m8, cv2.RETR_EXTERNAL, cv2.CHAIN_APPROX_NONE)\n    if not cnts:\n        return None\n    c = max(cnts, key=cv2.contourArea)\n    if cv2.contourArea(c) < 1:\n        return None\n    peri = cv2.arcLength(c, True)\n    eps = max(1.0, 0.01 * peri)\n    c = cv2.approxPolyDP(c, eps, True)\n    pts = c.reshape(-1, 2)\n    return pts[:, 0].astype(int).tolist(), pts[:, 1].astype(int).tolist()\n\n\ndef polygon_to_mask(xs, ys, H, W):\n    """Fill a polygon into a binary HxW mask."""\n    mm = np.zeros((H, W), dtype=np.uint8)\n    pts = np.stack([xs, ys], axis=1).astype(np.int32)\n    cv2.fillPoly(mm, [pts], 1)\n    return mm > 0\n\n\ndef close_polygon(xs, ys):\n    """Append the first vertex so the polygon is closed (matches input style)."""\n    if len(xs) < 3:\n        return list(xs), list(ys)\n    if xs[0] != xs[-1] or ys[0] != ys[-1]:\n        xs = list(xs) + [xs[0]]\n        ys = list(ys) + [ys[0]]\n    return list(xs), list(ys)\n\n\n# ---------------------------------------------------------------------------- #\n# Main\n# ---------------------------------------------------------------------------- #\ndef main():\n    ap = argparse.ArgumentParser()\n    ap.add_argument("--weights_path", type=str, required=True)\n    ap.add_argument("--output_path", type=str, required=True)\n    ap.add_argument("--rgb_path", type=str, required=True)\n    ap.add_argument("--csv_path", type=str, required=True)\n    args = ap.parse_args()\n\n    device = "cuda" if torch.cuda.is_available() else "cpu"\n    torch.set_num_threads(_T)\n\n    rgb = load_image_rgb(args.rgb_path)\n    H, W = rgb.shape[:2]\n\n    has_idx = csv_has_index_column(args.csv_path)\n    df = pd.read_csv(args.csv_path, index_col=0) if has_idx else pd.read_csv(args.csv_path)\n    n = len(df)\n\n    from mobile_sam import build_sam_vit_t, SamPredictor\n    model = build_sam_vit_t(checkpoint=args.weights_path)\n    model.to(device)\n    predictor = SamPredictor(model)\n    predictor.set_image(rgb, image_format="RGB")\n\n    # ---- Per-mask MobileSAM refinement ------------------------------------ #\n    raw_masks = []\n    for i in tqdm(range(n), desc="Refining masks with MobileSAM"):\n        row = df.iloc[i]\n        cx_in = parse_coords(row["coords_x"])\n        cy_in = parse_coords(row["coords_y"])\n        bx0 = int(np.clip(float(row["xmin"]), 0, W - 1))\n        by0 = int(np.clip(float(row["ymin"]), 0, H - 1))\n        bx1 = int(np.clip(float(row["xmax"]), 0, W - 1))\n        by1 = int(np.clip(float(row["ymax"]), 0, H - 1))\n        if bx1 < bx0:\n            bx1 = bx0\n        if by1 < by0:\n            by1 = by0\n\n        if len(cx_in) >= 3 and len(cx_in) == len(cy_in):\n            cent = shoelace_centroid(np.stack([cx_in, cy_in], axis=1))\n            px, py = cent if cent is not None else ((bx0 + bx1) / 2.0, (by0 + by1) / 2.0)\n        else:\n            px, py = (bx0 + bx1) / 2.0, (by0 + by1) / 2.0\n        px = float(np.clip(px, bx0, bx1))\n        py = float(np.clip(py, by0, by1))\n\n        pt = np.array([[px, py]], dtype=np.float64)\n        lbl = np.array([1], dtype=np.int64)\n        box = np.array([bx0, by0, bx1, by1], dtype=np.float64)\n\n        masks, _, _ = predictor.predict(\n            point_coords=pt, point_labels=lbl, box=box, multimask_output=False\n        )\n        m = masks[0].astype(bool)\n        raw_masks.append(largest_connected_component(m))\n\n    # ---- Polygonize, then iteratively remove overlap between polygons ----- #\n    polys = [mask_to_polygon(m) for m in raw_masks]\n    order = list(np.argsort([-int(m.sum()) for m in raw_masks], kind="stable"))\n\n    for _ in range(30):\n        fills = [None if p is None else polygon_to_mask(p[0], p[1], H, W) for p in polys]\n        sumimg = np.zeros((H, W), dtype=np.int32)\n        for f in fills:\n            if f is not None:\n                sumimg += f.astype(np.int32)\n        if sumimg.max() <= 1:\n            break\n        claimed = np.zeros((H, W), dtype=bool)\n        newfills = [None] * n\n        for i in order:\n            f = fills[i]\n            if f is None:\n                continue\n            a = f & ~claimed\n            newfills[i] = a\n            claimed |= a\n        for i in range(n):\n            polys[i] = mask_to_polygon(newfills[i]) if (newfills[i] is not None and newfills[i].sum() > 0) else None\n\n    # ---- Build output columns --------------------------------------------- #\n    out_xmin, out_ymin, out_xmax, out_ymax, out_cx, out_cy = [], [], [], [], [], []\n    for i in range(n):\n        p = polys[i]\n        if p is None:\n            xs = parse_coords(df.iloc[i]["coords_x"]).astype(int).tolist()\n            ys = parse_coords(df.iloc[i]["coords_y"]).astype(int).tolist()\n        else:\n            xs, ys = p\n        xs = [int(v) for v in xs]\n        ys = [int(v) for v in ys]\n        if xs and ys:\n            out_xmin.append(min(xs)); out_xmax.append(max(xs))\n            out_ymin.append(min(ys)); out_ymax.append(max(ys))\n        else:\n            out_xmin.append(0); out_xmax.append(0); out_ymin.append(0); out_ymax.append(0)\n        xsc, ysc = close_polygon(xs, ys)\n        out_cx.append(xsc); out_cy.append(ysc)\n\n    df["xmin"] = out_xmin\n    df["ymin"] = out_ymin\n    df["xmax"] = out_xmax\n    df["ymax"] = out_ymax\n    df["type"] = "polyline"\n    df["coords_x"] = [",".join(str(v) for v in xs) for xs in out_cx]\n    df["coords_y"] = [",".join(str(v) for v in ys) for ys in out_cy]\n\n    out_dir = os.path.dirname(os.path.abspath(args.output_path))\n    if out_dir:\n        os.makedirs(out_dir, exist_ok=True)\n    if has_idx:\n        df.to_csv(args.output_path, index_label="")\n    else:\n        df.to_csv(args.output_path, index=False)\n    print("Wrote %d masks to %s" % (n, args.output_path))\n\n\nif __name__ == "__main__":\n    main()\nPYEOF\necho "written"; python3 -c "import ast; ast.parse(open(\'/app/convert_masks.py\').read()); print(\'syntax OK\')"\n'] min_timeout_sec: 5.0 max_timeout_sec: 180.0
Trajectory dumped to /home/ubuntu/tb21/jobs/tb21c-8x512k-hyd-p1-s3/sam-cell-seg__GyBttaA/agent/trajectory.json
Parser warnings: - Extra text detected before JSON object
Sending keys: ['cd /app && time python3 /app/convert_masks.py --weights_path /app/mobile_sam.pt --output_path /tmp/out.csv --rgb_path /app/demo_rgb.png --csv_path /app/demo_metadata.csv 2>/tmp/run.log; echo "EXIT=$?"; tr \'\\r\' \'\\n\' < /tmp/run.log | tail -3\n'] min_timeout_sec: 60 max_timeout_sec: 180.0
Parser warnings: - AUTO-CORRECTED: Fixed incomplete JSON by adding missing closing brace - please fix this in future responses
Sending keys: ["sed -n '240,445p' /tmp/main2.txt\n"] min_timeout_sec: 0.5 max_timeout_sec: 180.0
Trajectory dumped to /home/ubuntu/tb21/jobs/tb21c-8x512k-hyd-p1-s3/path-tracing-reverse__eGEAaSn/agent/trajectory.json
Parser warnings: - Extra text detected before JSON object
Sending keys: ["ps -eo pid,ppid,lstart,cmd | grep -E 'postfix' | grep -v grep\n"] min_timeout_sec: 0.5 max_timeout_sec: 180.0
Sending keys: ["echo '=== master pid file ==='; cat /var/spool/postfix/pid/master.pid 2>&1\n"] min_timeout_sec: 0.5 max_timeout_sec: 180.0
Sending keys: ["postfix stop 2>&1; sleep 3; echo '=== remaining postfix procs after stop ==='; ps -eo pid,cmd | grep -E 'postfix' | grep -v grep\n"] min_timeout_sec: 5.0 max_timeout_sec: 180.0
Trajectory dumped to /home/ubuntu/tb21/jobs/tb21c-8x512k-hyd-p1-s3/mailman__DSozsrw/agent/trajectory.json
Parser warnings: - Extra text detected before JSON object
Sending keys: ["rm -f /var/log/postfix.log; postfix start 2>&1; sleep 3; ps -eo pid,cmd | grep 'postfix/sbin/master' | grep -v grep\n"] min_timeout_sec: 5.0 max_timeout_sec: 180.0
Sending keys: ["python3 - <<'PYEOF'\nimport smtplib\nfrom email.mime.text import MIMEText\nmsg = MIMEText(''); msg['From']='smoketest1@local.edu'; msg['To']='reading-group-join@local.edu'\ntry:\n    with smtplib.SMTP('localhost',25) as s: s.send_message(msg); print('sent OK')\nexcept Exception as e: print('REJECTED:', e)\nPYEOF\n"] min_timeout_sec: 3.0 max_timeout_sec: 180.0
Sending keys: ['sleep 3; cat /var/log/postfix.log 2>&1 | tail -20\n'] min_timeout_sec: 5.0 max_timeout_sec: 180.0
Trajectory dumped to /home/ubuntu/tb21/jobs/tb21c-8x512k-hyd-p1-s3/mailman__DSozsrw/agent/trajectory.json
Trajectory dumped to /home/ubuntu/tb21/jobs/tb21c-8x512k-hyd-p1-s3/sam-cell-seg__GyBttaA/agent/trajectory.json
Parser warnings: - Extra text detected before JSON object
Sending keys: ['cd /app && python3 /tmp/validate.py\n'] min_timeout_sec: 20.0 max_timeout_sec: 180.0
Parser warnings: - AUTO-CORRECTED: Fixed incomplete JSON by adding missing closing brace - please fix this in future responses
Sending keys: ['objdump -d --start-address=0x402570 --stop-address=0x402c30 /app/mystery > /tmp/core.txt; wc -l /tmp/core.txt\n'] min_timeout_sec: 1.0 max_timeout_sec: 180.0
Sending keys: ["sed -n '1,120p' /tmp/core.txt\n"] min_timeout_sec: 0.5 max_timeout_sec: 180.0
Trajectory dumped to /home/ubuntu/tb21/jobs/tb21c-8x512k-hyd-p1-s3/path-tracing-reverse__eGEAaSn/agent/trajectory.json
Trajectory dumped to /home/ubuntu/tb21/jobs/tb21c-8x512k-hyd-p1-s3/sam-cell-seg__GyBttaA/agent/trajectory.json
Parser warnings: - AUTO-CORRECTED: Fixed incomplete JSON by adding missing closing brace - please fix this in future responses
Sending keys: ["sed -n '120,300p' /tmp/core.txt\n"] min_timeout_sec: 0.5 max_timeout_sec: 180.0
Trajectory dumped to /home/ubuntu/tb21/jobs/tb21c-8x512k-hyd-p1-s3/path-tracing-reverse__eGEAaSn/agent/trajectory.json
Parser warnings: - Extra text detected before JSON object
Sending keys: ['cp -a /etc/aliases /etc/aliases.bak 2>/dev/null; cat > /etc/aliases <<\'EOF\'\n# See man 5 aliases for format\npostmaster:    root\n# Mailman 3 list addresses (local_recipient verification) -- routed to LMTP via transport_maps\nreading-group: "|/bin/cat >> /tmp/aliashit.log"\nreading-group-join: "|/bin/cat >> /tmp/aliashit.log"\nreading-group-leave: "|/bin/cat >> /tmp/aliashit.log"\nreading-group-confirm: "|/bin/cat >> /tmp/aliashit.log"\nreading-group-bounces: "|/bin/cat >> /tmp/aliashit.log"\nreading-group-owner: "|/bin/cat >> /tmp/aliashit.log"\nreading-group-request: "|/bin/cat >> /tmp/aliashit.log"\nreading-group-subscribe: "|/bin/cat >> /tmp/aliashit.log"\nreading-group-unsubscribe: "|/bin/cat >> /tmp/aliashit.log"\nEOF\necho \'=== aliases ===\'; cat /etc/aliases; echo \'=== newaliases ===\'; newaliases 2>&1\n'] min_timeout_sec: 1.0 max_timeout_sec: 180.0
Sending keys: ['rm -f /tmp/aliashit.log; postfix reload 2>&1; sleep 2\n'] min_timeout_sec: 3.0 max_timeout_sec: 180.0
Sending keys: ["python3 - <<'PYEOF'\nimport smtplib\nfrom email.mime.text import MIMEText\nmsg = MIMEText(''); msg['From']='smoketest1@local.edu'; msg['To']='reading-group-join@local.edu'\ntry:\n    with smtplib.SMTP('localhost',25) as s: s.send_message(msg); print('sent OK')\nexcept Exception as e: print('REJECTED:', e)\nPYEOF\n"] min_timeout_sec: 3.0 max_timeout_sec: 180.0
Sending keys: ['sleep 7; echo \'=== aliashit.log (should be empty if transport_maps won) ===\'; cat /tmp/aliashit.log 2>&1 | head -5; echo \'=== /var/mail/smoketest1 ===\'; python3 -c "import mailbox; m=mailbox.mbox(\'/var/mail/smoketest1\'); print(len(m),\'msgs\'); [print(repr(x.get(\'From\')),\'|\',repr(x.get(\'Subject\'))) for x in m]" 2>&1\n'] min_timeout_sec: 9.0 max_timeout_sec: 180.0
Trajectory dumped to /home/ubuntu/tb21/jobs/tb21c-8x512k-hyd-p1-s3/mailman__DSozsrw/agent/trajectory.json
Parser warnings: - Extra text detected before JSON object
Sending keys: ["cd /app && cat > /tmp/contour_test.py << 'PYEOF'\nimport numpy as np, cv2\nrng = np.random.RandomState(0)\nH=W=200\ndef blob(cx,cy,r):\n    m=np.zeros((H,W),np.uint8)\n    cv2.circle(m,(cx,cy),r,1,-1)\n    return m\nmasks=[blob(100,100,40),blob(120,90,35),blob(95,120,30),blob(150,150,25),blob(60,60,28)]\nareas=[int(m.sum()) for m in masks]\norder=np.argsort(-areas)\nclaimed=np.zeros((H,W),bool); final=[None]*len(masks)\nfor i in order:\n    f=masks[i].astype(bool)&~claimed\n    f=cv2.connectedComponentsWithStats(f.astype(np.uint8),8)[1]; \n    # take largest cc of f\n    fl=np.zeros((H,W),bool)\n    n,lab,stats,_=cv2.connectedComponentsWithStats(f.astype(np.uint8),8)\n    if n>1:\n        best=1+int(np.argmax(stats[1:,cv2.CC_STAT_AREA])); fl=(lab==best)\n    else: fl=f.astype(bool)\n    final[i]=fl; claimed|=fl\nsumimg=np.zeros((H,W),np.int32)\nfor f in final: sumimg+=f.astype(np.int32)\nprint('MASK-level max overlap:', int(sumimg.max()))\n# exact contour fidelity + overlap\nfills_exact=[]\nfor f in final:\n    m8=(f.astype(bool)).astype(np.uint8)*255\n    cnts,_=cv2.findContours(m8,cv2.RETR_EXTERNAL,cv2.CHAIN_APPROX_NONE)\n    if not cnts: fills_exact.append(np.zeros((H,W),bool)); continue\n    c=max(cnts,key=cv2.contourArea)\n    mm=np.zeros((H,W),np.uint8); cv2.fillPoly(mm,[c],1)\n    fill=mm>0\n    mism=int((fill!=f.astype(bool)).sum())\n    fills_exact.append(fill)\n    print('exact contour fill==mask mismatch px:', mism)\nse=np.zeros((H,W),np.int32)\nfor f in fills_exact: se+=f.astype(np.int32)\nprint('EXACT-contour fills max overlap:', int(se.max()))\n# approx contour\nfills_app=[]; nm=[]\nfor f in final:\n    m8=(f.astype(bool)).astype(np.uint8)*255\n    cnts,_=cv2.findContours(m8,cv2.RETR_EXTERNAL,cv2.CHAIN_APPROX_NONE)\n    if not cnts: fills_app.append(np.zeros((H,W),bool)); nm.append(0); continue\n    c=max(cnts,key=cv2.contourArea)\n    peri=cv2.arcLength(c,True); c=cv2.approxPolyDP(c,0.01*peri,True)\n    mm=np.zeros((H,W),np.uint8); cv2.fillPoly(mm,[c],1)\n    fills_app.append(mm>0); nm.append(len(c))\nprint('approx vertex counts:', nm)\nsa=np.zeros((H,W),np.int32)\nfor f in fills_app: sa+=f.astype(np.int32)\nprint('APPROX-contour fills max overlap:', int(sa.max()))\nPYEOF\npython3 /tmp/contour_test.py\n"] min_timeout_sec: 10.0 max_timeout_sec: 180.0
Trajectory dumped to /home/ubuntu/tb21/jobs/tb21c-8x512k-hyd-p1-s3/sam-cell-seg__GyBttaA/agent/trajectory.json
Parser warnings: - Extra text detected before JSON object
Sending keys: ["cd /app && sed -i 's#order=np.argsort(-areas)#order=np.argsort(-np.array(areas))#' /tmp/contour_test.py && python3 /tmp/contour_test.py\n"] min_timeout_sec: 10.0 max_timeout_sec: 180.0
Trajectory dumped to /home/ubuntu/tb21/jobs/tb21c-8x512k-hyd-p1-s3/sam-cell-seg__GyBttaA/agent/trajectory.json
Parser warnings: - AUTO-CORRECTED: Fixed incomplete JSON by adding missing closing brace - please fix this in future responses
Sending keys: ['od -c /tmp/err.txt\n'] min_timeout_sec: 0.3 max_timeout_sec: 180.0
Sending keys: ["sed -n '/^0000000000402750 <trace>:/,/ret/p' /tmp/dump.txt | head -120\n"] min_timeout_sec: 0.5 max_timeout_sec: 180.0
Trajectory dumped to /home/ubuntu/tb21/jobs/tb21c-8x512k-hyd-p1-s3/path-tracing-reverse__eGEAaSn/agent/trajectory.json
Parser warnings: - Extra text detected before JSON object
Sending keys: ['cd /app && cat > /app/convert_masks.py << \'PYEOF\'\n#!/usr/bin/env python3\n"""Refine all cell masks (rectangles and polylines) into polylines using MobileSAM.\n\nReads an RGB image + a metadata CSV (one mask per cell). Uses MobileSAM to refine\nevery mask and guarantees: (a) each mask is a single contiguous polygon and (b) no\ntwo masks overlap. Writes a CSV matching the input structure with updated\nxmin/xmax/ymin/ymax, coords_x and coords_y (and type=\'polyline\').\n"""\nimport argparse\nimport os\nimport warnings\n\n# Cap intra-op threads BEFORE importing torch: on some AVX-512 CPUs very high thread\n# counts make oneDNN extremely slow / unstable. 8 is a robust default.\n_NPROC = os.cpu_count() or 8\n_T = max(1, min(8, _NPROC))\nos.environ.setdefault("OMP_NUM_THREADS", str(_T))\nos.environ.setdefault("MKL_NUM_THREADS", str(_T))\nos.environ.setdefault("OMP_DYNAMIC", "false")\n\nwarnings.filterwarnings("ignore")\n\nimport numpy as np\nimport pandas as pd\nimport cv2\nimport torch\nfrom tqdm import tqdm\n\n\n# ---------------------------------------------------------------------------- #\n# Parsing / I/O helpers\n# ---------------------------------------------------------------------------- #\ndef parse_coords(s):\n    """Parse a comma-separated coordinate string into a float64 1-D ndarray."""\n    if s is None:\n        return np.array([], dtype=np.float64)\n    s = str(s).strip()\n    if s == "" or s.lower() == "nan":\n        return np.array([], dtype=np.float64)\n    parts = [p for p in s.split(",") if p.strip() != ""]\n    if not parts:\n        return np.array([], dtype=np.float64)\n    return np.array([float(p) for p in parts], dtype=np.float64)\n\n\ndef load_image_rgb(path):\n    img = cv2.imread(path, cv2.IMREAD_COLOR)\n    if img is None:\n        from PIL import Image\n        img = np.asarray(Image.open(path).convert("RGB"))\n        return np.ascontiguousarray(img)\n    return cv2.cvtColor(img, cv2.COLOR_BGR2RGB)\n\n\ndef csv_has_index_column(path):\n    """True if the CSV\'s first header cell is empty (a bare row-index column)."""\n    with open(path, "r") as f:\n        line = f.readline()\n    if not line:\n        return False\n    return line.split(",")[0].strip().strip(\'"\').strip() == ""\n\n\ndef shoelace_centroid(pts):\n    """Centroid of a (possibly open) simple polygon. Returns None if degenerate."""\n    if pts is None or len(pts) < 3:\n        return None\n    x = pts[:, 0]\n    y = pts[:, 1]\n    x2 = np.roll(x, -1)\n    y2 = np.roll(y, -1)\n    cross = x * y2 - x2 * y\n    A = 0.5 * float(np.sum(cross))\n    if abs(A) < 1e-6:\n        return None\n    return (float(np.sum((x + x2) * cross)) / (6.0 * A),\n            float(np.sum((y + y2) * cross)) / (6.0 * A))\n\n\n# ---------------------------------------------------------------------------- #\n# Mask post-processing helpers\n# ---------------------------------------------------------------------------- #\ndef largest_connected_component(mask):\n    """Return the single largest connected component of a binary mask (bool)."""\n    m = (mask > 0).astype(np.uint8)\n    n, labels, stats, _ = cv2.connectedComponentsWithStats(m, connectivity=8)\n    if n <= 1:\n        return (m > 0)  # empty\n    areas = stats[1:, cv2.CC_STAT_AREA]\n    best = 1 + int(np.argmax(areas))\n    return (labels == best)\n\n\ndef mask_to_polygon(mask):\n    """Return (xs, ys) integer lists for the *exact* outer boundary of a mask.\n\n    Uses CHAIN_APPROX_NONE so that filling the returned polygon reproduces the\n    mask exactly; this keeps disjoint masks disjoint after polygonisation.\n    """\n    m8 = (mask > 0).astype(np.uint8) * 255\n    cnts, _ = cv2.findContours(m8, cv2.RETR_EXTERNAL, cv2.CHAIN_APPROX_NONE)\n    if not cnts:\n        return None\n    c = max(cnts, key=cv2.contourArea)\n    if cv2.contourArea(c) < 1:\n        return None\n    pts = c.reshape(-1, 2)\n    return pts[:, 0].astype(int).tolist(), pts[:, 1].astype(int).tolist()\n\n\ndef close_polygon(xs, ys):\n    """Append the first vertex so the polygon is closed (matches input style)."""\n    if len(xs) < 3:\n        return list(xs), list(ys)\n    if xs[0] != xs[-1] or ys[0] != ys[-1]:\n        xs = list(xs) + [xs[0]]\n        ys = list(ys) + [ys[0]]\n    return list(xs), list(ys)\n\n\n# ---------------------------------------------------------------------------- #\n# Main\n# ---------------------------------------------------------------------------- #\ndef main():\n    ap = argparse.ArgumentParser()\n    ap.add_argument("--weights_path", type=str, required=True)\n    ap.add_argument("--output_path", type=str, required=True)\n    ap.add_argument("--rgb_path", type=str, required=True)\n    ap.add_argument("--csv_path", type=str, required=True)\n    args = ap.parse_args()\n\n    device = "cuda" if torch.cuda.is_available() else "cpu"\n    torch.set_num_threads(_T)\n\n    rgb = load_image_rgb(args.rgb_path)\n    H, W = rgb.shape[:2]\n\n    has_idx = csv_has_index_column(args.csv_path)\n    df = pd.read_csv(args.csv_path, index_col=0) if has_idx else pd.read_csv(args.csv_path)\n    n = len(df)\n\n    from mobile_sam import build_sam_vit_t, SamPredictor\n    model = build_sam_vit_t(checkpoint=args.weights_path)\n    model.to(device)\n    predictor = SamPredictor(model)\n    predictor.set_image(rgb, image_format="RGB")\n\n    # ---- Per-mask MobileSAM refinement ------------------------------------ #\n    raw_masks = []\n    for i in tqdm(range(n), desc="Refining masks with MobileSAM"):\n        row = df.iloc[i]\n        cx_in = parse_coords(row["coords_x"])\n        cy_in = parse_coords(row["coords_y"])\n        bx0 = int(np.clip(float(row["xmin"]), 0, W - 1))\n        by0 = int(np.clip(float(row["ymin"]), 0, H - 1))\n        bx1 = int(np.clip(float(row["xmax"]), 0, W - 1))\n        by1 = int(np.clip(float(row["ymax"]), 0, H - 1))\n        if bx1 < bx0:\n            bx1 = bx0\n        if by1 < by0:\n            by1 = by0\n\n        if len(cx_in) >= 3 and len(cx_in) == len(cy_in):\n            cent = shoelace_centroid(np.stack([cx_in, cy_in], axis=1))\n            px, py = cent if cent is not None else ((bx0 + bx1) / 2.0, (by0 + by1) / 2.0)\n        else:\n            px, py = (bx0 + bx1) / 2.0, (by0 + by1) / 2.0\n        px = float(np.clip(px, bx0, bx1))\n        py = float(np.clip(py, by0, by1))\n\n        pt = np.array([[px, py]], dtype=np.float64)\n        lbl = np.array([1], dtype=np.int64)\n        box = np.array([bx0, by0, bx1, by1], dtype=np.float64)\n\n        masks, _, _ = predictor.predict(\n            point_coords=pt, point_labels=lbl, box=box, multimask_output=False\n        )\n        raw_masks.append(largest_connected_component(masks[0].astype(bool)))\n\n    # ---- Resolve overlap at the mask level (larger mask wins) ------------ #\n    order = list(np.argsort([-int(m.sum()) for m in raw_masks], kind="stable"))\n    claimed = np.zeros((H, W), dtype=bool)\n    final_masks = [None] * n\n    for i in order:\n        f = raw_masks[i] & ~claimed\n        f = largest_connected_component(f)\n        if f.sum() == 0:\n            f = raw_masks[i]  # never give up the cell; keep its own region\n        final_masks[i] = f\n        claimed |= f\n\n    # ---- Polygon + bbox extraction ---------------------------------------- #\n    out_xmin, out_ymin, out_xmax, out_ymax, out_cx, out_cy = [], [], [], [], [], []\n    for i in range(n):\n        p = mask_to_polygon(final_masks[i])\n        if p is None:\n            xs = parse_coords(df.iloc[i]["coords_x"]).astype(int).tolist()\n            ys = parse_coords(df.iloc[i]["coords_y"]).astype(int).tolist()\n        else:\n            xs, ys = p\n        xs = [int(v) for v in xs]\n        ys = [int(v) for v in ys]\n        if xs and ys:\n            out_xmin.append(min(xs)); out_xmax.append(max(xs))\n            out_ymin.append(min(ys)); out_ymax.append(max(ys))\n        else:\n            out_xmin.append(0); out_xmax.append(0)\n            out_ymin.append(0); out_ymax.append(0)\n        xsc, ysc = close_polygon(xs, ys)\n        out_cx.append(xsc); out_cy.append(ysc)\n\n    df["xmin"] = out_xmin\n    df["ymin"] = out_ymin\n    df["xmax"] = out_xmax\n    df["ymax"] = out_ymax\n    df["type"] = "polyline"\n    df["coords_x"] = [",".join(str(v) for v in xs) for xs in out_cx]\n    df["coords_y"] = [",".join(str(v) for v in ys) for ys in out_cy]\n\n    out_dir = os.path.dirname(os.path.abspath(args.output_path))\n    if out_dir:\n        os.makedirs(out_dir, exist_ok=True)\n    if has_idx:\n        df.to_csv(args.output_path, index_label="")\n    else:\n        df.to_csv(args.output_path, index=False)\n    print("Wrote %d masks to %s" % (n, args.output_path))\n\n\nif __name__ == "__main__":\n    main()\nPYEOF\necho "written"; python3 -c "import ast; ast.parse(open(\'/app/convert_masks.py\').read()); print(\'syntax OK\')"\n'] min_timeout_sec: 5.0 max_timeout_sec: 180.0
Parser warnings: - Extra text detected before JSON object
Sending keys: ["python3 - <<'PYEOF'\nimport smtplib\nfrom email.mime.text import MIMEText\nmsg = MIMEText(''); msg['From']='smoketest1@local.edu'; msg['To']='reading-group-confirm+0a13f61a3ca429cb0d6d0b0db99bfe56fcd31c65@local.edu'\ntry:\n    with smtplib.SMTP('localhost',25) as s: s.send_message(msg); print('confirm reply sent OK')\nexcept Exception as e: print('confirm reply REJECTED:', e)\nPYEOF\n"] min_timeout_sec: 3.0 max_timeout_sec: 180.0
Sending keys: ["sleep 7; echo '=== is smoketest1 a member? ==='; python3 - <<'PYEOF'\nfrom mailman.core.initialize import initialize\nfrom mailman.interfaces.listmanager import IListManager\nfrom zope.component import getUtility\ninitialize('/etc/mailman3/mailman.cfg')\nmlist = getUtility(IListManager).get('reading-group@local.edu')\nm = mlist.members.get_member('smoketest1@local.edu')\nprint('member:', m, '| is_subscribed:', (mlist.is_subscribed(m) if m else None))\nPYEOF\n"] min_timeout_sec: 9.0 max_timeout_sec: 180.0
Trajectory dumped to /home/ubuntu/tb21/jobs/tb21c-8x512k-hyd-p1-s3/sam-cell-seg__GyBttaA/agent/trajectory.json
Trajectory dumped to /home/ubuntu/tb21/jobs/tb21c-8x512k-hyd-p1-s3/mailman__DSozsrw/agent/trajectory.json
Parser warnings: - Extra text detected before JSON object
Sending keys: ['cd /app && time python3 /app/convert_masks.py --weights_path /app/mobile_sam.pt --output_path /tmp/out.csv --rgb_path /app/demo_rgb.png --csv_path /app/demo_metadata.csv 2>/tmp/run.log; echo "EXIT=$?"; tr \'\\r\' \'\\n\' < /tmp/run.log | tail -2\n'] min_timeout_sec: 60 max_timeout_sec: 180.0
Parser warnings: - AUTO-CORRECTED: Fixed incomplete JSON by adding missing closing brace - please fix this in future responses
Sending keys: ['objdump -d --start-address=0x402750 --stop-address=0x402c30 /app/mystery > /tmp/tracef.txt; wc -l /tmp/tracef.txt\n'] min_timeout_sec: 1.0 max_timeout_sec: 180.0
Sending keys: ["sed -n '1,90p' /tmp/tracef.txt\n"] min_timeout_sec: 0.5 max_timeout_sec: 180.0
Trajectory dumped to /home/ubuntu/tb21/jobs/tb21c-8x512k-hyd-p1-s3/path-tracing-reverse__eGEAaSn/agent/trajectory.json
Parser warnings: - Extra text detected before JSON object
Sending keys: ['ls -la /var/log/mailman3/ 2>&1; echo \'=== recent mailman log ===\'; for f in /var/log/mailman3/*.log; do echo "--- $f (tail) ---"; tail -15 "$f" 2>/dev/null; done 2>&1 | tail -60\n'] min_timeout_sec: 1.0 max_timeout_sec: 180.0
Sending keys: ["python3 - <<'PYEOF'\nfrom mailman.core.initialize import initialize\nfrom mailman.interfaces.listmanager import IListManager\nfrom zope.component import getUtility\ninitialize('/etc/mailman3/mailman.cfg')\nmlist = getUtility(IListManager).get('reading-group@local.edu')\nm = mlist.members.get_member('smoketest1@local.edu')\nprint('member:', m)\nif m:\n    print('  role:', m.role, 'confirmed_on:', m.confirmed_on, 'subscribed:', m.subscribed)\n    print('  is_subscribed(member):', mlist.is_subscribed(m))\n    print('  is_subscribed(subscriber):', mlist.is_subscribed(m.subscriber))\nPYEOF\n"] min_timeout_sec: 3.0 max_timeout_sec: 180.0
Trajectory dumped to /home/ubuntu/tb21/jobs/tb21c-8x512k-hyd-p1-s3/mailman__DSozsrw/agent/trajectory.json
Trajectory dumped to /home/ubuntu/tb21/jobs/tb21c-8x512k-hyd-p1-s3/sam-cell-seg__GyBttaA/agent/trajectory.json
Parser warnings: - Extra text detected before JSON object
Sending keys: ['cd /app && python3 /tmp/validate.py\n'] min_timeout_sec: 20.0 max_timeout_sec: 180.0
Parser warnings: - Extra text detected before JSON object
Sending keys: ["cat > /app/align.py << 'PYEOF'\ndef parse_fasta(fn):\n    seqs={}; name=None; buf=[]\n    for line in open(fn):\n        line=line.rstrip('\\n')\n        if line.startswith('>'):\n            if name is not None: seqs[name]=''.join(buf)\n            name=line[1:].strip(); buf=[]\n        else: buf.append(line.strip())\n    if name is not None: seqs[name]=''.join(buf)\n    return seqs\nS=parse_fasta('/app/sequences.fasta')\ninp=S['input']; out=S['output']; egfp=S['egfp']; flag=S['flag']; snap=S['snap']\n\ndef best_align(part, out, W=25):\n    # find best exact W-mer anchor, extend both ways, return (part_start, out_start, match_len)\n    cands=[]\n    for i in range(0, len(part)-W+1):\n        m=out.find(part[i:i+W])\n        if m>=0:\n            l=i; r=m\n            while l>0 and r>0 and part[l-1]==out[r-1]:\n                l-=1; r-=1\n            while l+W<len(part) and r+W<len(out) and part[l+W]==out[r+W]:\n                l+=1; r+=1\n            # recompute match length by extending from anchor region\n            ml = W\n            while l>0 and r>0 and part[l-1]==out[r-1]:\n                l-=1; r-=1; ml+=1\n            while l+ml<len(part) and r+ml<len(out) and part[l+ml]==out[r+ml]:\n                ml+=1\n            cands.append((ml,l,r))\n    cands.sort(reverse=True)\n    return cands[0] if cands else (0,0,0)\n\n# egfp\neL=0\nwhile eL+1<=len(egfp) and out[210+eL]==egfp[eL]:\n    eL+=1\nprint('egfp match len from out[210]:', eL, ' egfp[0] -> out[210], egfp[0:%d]->out[210:%d]'%(eL,210+eL))\nJ2=210+eL  # flag-part starts here\nprint('J2 (egfp|flag) at out', J2)\n\n# flag: best align within out[J2:J2+200]\nfl=best_align(flag, out, 25)\nprint('flag best: match_len=%d part_start=%d out_start=%d'%(fl))\nprint('   flag[%d:%d] -> out[%d:%d]'%(fl[1],fl[1]+fl[0],fl[2],fl[2]+fl[0]))\nJ3=fl[2]+fl[0]  # flag-part ends here in out\nprint('J3 (flag|snap) at out', J3)\n\n# snap: best align, should end at out[1554]\nsl=best_align(snap, out, 25)\nprint('snap best: match_len=%d part_start=%d out_start=%d'%(sl))\nprint('   snap[%d:%d] -> out[%d:%d]'%(sl[1],sl[1]+sl[0],sl[2],sl[2]+sl[0]))\nprint('   snap end in out:', sl[2]+sl[0], '(expected 1554)')\n\n# Now define fragments & overhangs\nO1=out[210:214]     # backbone->egfp\nO2=out[J2:J2+4]     # egfp->flag\nO3=out[J3:J3+4]     # flag->snap\nO4=out[1554:1558]   # snap->backbone\nprint('\\nOVERHANGS (first4 of RIGHT fragment):')\nprint('O1 (backbone->egfp)=',O1,' (egfp[0:4]=',egfp[0:4],')')\nprint('O2 (egfp->flag)=     ',O2)\nprint('O3 (flag->snap)=      ',O3)\nprint('O4 (snap->backbone)=  ',O4)\n\n# flag-part and snap-part contents\nflag_part=out[J2:J3]; snap_part=out[J3:1554]\nprint('\\nflag_part len',len(flag_part),'=',flag_part[:15],'...')\nprint('snap_part len',len(snap_part),'=',snap_part[:15],'...')\nprint('snap_part[-10:]=',snap_part[-10:])\nPYEOF\npython3 /app/align.py\n"] min_timeout_sec: 1.0 max_timeout_sec: 180.0
Trajectory dumped to /home/ubuntu/tb21/jobs/tb21c-8x512k-hyd-p1-s3/dna-assembly__A6y8ZL7/agent/trajectory.json
Trajectory dumped to /home/ubuntu/tb21/jobs/tb21c-8x512k-hyd-p1-s3/sam-cell-seg__GyBttaA/agent/trajectory.json
Parser warnings: - AUTO-CORRECTED: Fixed incomplete JSON by adding missing closing brace - please fix this in future responses
Sending keys: ["sed -n '90,200p' /tmp/tracef.txt\n"] min_timeout_sec: 0.5 max_timeout_sec: 180.0
Trajectory dumped to /home/ubuntu/tb21/jobs/tb21c-8x512k-hyd-p1-s3/path-tracing-reverse__eGEAaSn/agent/trajectory.json
Parser warnings: - Extra text detected before JSON object
Sending keys: ["useradd -m diag2 2>&1; rm -f /var/mail/diag2; python3 - <<'PYEOF'\nimport smtplib\nfrom email.mime.text import MIMEText\nmsg = MIMEText(''); msg['From']='diag2@local.edu'; msg['To']='reading-group-join@local.edu'\nwith smtplib.SMTP('localhost',25) as s: s.send_message(msg)\nprint('diag2 join sent')\nPYEOF\n"] min_timeout_sec: 3.0 max_timeout_sec: 180.0
Sending keys: ["sleep 8; echo '=== get_member BEFORE confirm (expect None) ==='; python3 - <<'PYEOF'\nfrom mailman.core.initialize import initialize\nfrom mailman.interfaces.listmanager import IListManager\nfrom zope.component import getUtility\ninitialize('/etc/mailman3/mailman.cfg')\nmlist = getUtility(IListManager).get('reading-group@local.edu')\nprint('get_member(diag2):', mlist.members.get_member('diag2@local.edu'))\nPYEOF\n"] min_timeout_sec: 11.0 max_timeout_sec: 180.0
Sending keys: ["echo '=== diag2 mbox ==='; python3 - <<'PYEOF'\nimport mailbox\ntry:\n    m = mailbox.mbox('/var/mail/diag2')\n    print(len(m), 'msgs')\n    for x in m:\n        print('From:', repr(x.get('From')))\n        print('Subject:', repr(x.get('Subject')))\nexcept FileNotFoundError:\n    print('NO MBOX')\nPYEOF\n"] min_timeout_sec: 3.0 max_timeout_sec: 180.0
Trajectory dumped to /home/ubuntu/tb21/jobs/tb21c-8x512k-hyd-p1-s3/mailman__DSozsrw/agent/trajectory.json
Parser warnings: - Extra text detected before JSON object
- Extra text detected after JSON object
Parser warnings: - Extra text detected before JSON object
Sending keys: ["python3 - <<'PYEOF'\nimport smtplib\nfrom email.mime.text import MIMEText\nmsg = MIMEText(''); msg['From']='diag2@local.edu'; msg['To']='reading-group-confirm+463cad4b8d0948e9b5148a7fd4aa1cffa860e8ed@local.edu'\nwith smtplib.SMTP('localhost',25) as s: s.send_message(msg)\nprint('diag2 confirm reply sent')\nPYEOF\n"] min_timeout_sec: 3.0 max_timeout_sec: 180.0
Sending keys: ["sleep 8; echo '=== post-confirm state for diag2 ==='; python3 - <<'PYEOF'\nfrom mailman.core.initialize import initialize\nfrom mailman.interfaces.listmanager import IListManager\nfrom zope.component import getUtility\ninitialize('/etc/mailman3/mailman.cfg')\nmlist = getUtility(IListManager).get('reading-group@local.edu')\nm = mlist.members.get_member('diag2@local.edu')\nprint('get_member(diag2):', m)\nif m:\n    print('  role:', m.role)\n    print('  is_subscribed(member):', mlist.is_subscribed(m))\n    print('  is_subscribed(subscriber):', mlist.is_subscribed(m.subscriber))\nPYEOF\n"] min_timeout_sec: 11.0 max_timeout_sec: 180.0
Trajectory dumped to /home/ubuntu/tb21/jobs/tb21c-8x512k-hyd-p1-s3/mailman__DSozsrw/agent/trajectory.json
Parser warnings: - Extra text detected before JSON object
Sending keys: ["grep -n 'def is_subscribed' /usr/lib/python3/dist-packages/mailman/model/mailinglist.py; sed -n '/def is_subscribed/,/return/p' /usr/lib/python3/dist-packages/mailman/model/mailinglist.py | head -30\n"] min_timeout_sec: 0.5 max_timeout_sec: 180.0
Sending keys: ["python3 - <<'PYEOF'\nfrom mailman.core.initialize import initialize\nfrom mailman.interfaces.listmanager import IListManager\nfrom zope.component import getUtility\ninitialize('/etc/mailman3/mailman.cfg')\nmlist = getUtility(IListManager).get('reading-group@local.edu')\nm = mlist.members.get_member('diag2@local.edu')\nprint('member:', m)\nprint('  m.subscribed:', m.subscribed)\nprint('  m.role:', m.role)\nprint('  regular_members contains:', mlist.regular_members.get_member('diag2@local.edu'))\nprint('  total members:', sum(1 for _ in mlist.members))\nPYEOF\n"] min_timeout_sec: 3.0 max_timeout_sec: 180.0
Trajectory dumped to /home/ubuntu/tb21/jobs/tb21c-8x512k-hyd-p1-s3/mailman__DSozsrw/agent/trajectory.json
Parser warnings: - Extra text detected before JSON object
Sending keys: ["cd /app && echo '=== OUTPUT HEAD ==='; head -4 /tmp/out.csv; echo; echo '=== INPUT HEAD ==='; head -3 /app/demo_metadata.csv\n"] min_timeout_sec: 2.0 max_timeout_sec: 180.0
Sending keys: ['cd /app && python3 -c "\nimport pandas as pd\no=pd.read_csv(\'/tmp/out.csv\')\nprint(\'index values head:\', o.index[:8].tolist())\nprint(\'coords_x dtype:\', o[\'coords_x\'].dtype)\nprint(\'coords_x sample row0:\', o.iloc[0][\'coords_x\'][:80])\nprint(\'xmin/xmax int?\', o[\'xmin\'].dtype, o[\'xmax\'].dtype)\nprint(\'xmin<=xmax all:\', (o[\'xmin\']<=o[\'xmax\']).all(), \' ymin<=ymax all:\', (o[\'ymin\']<=o[\'ymax\']).all())\n"\n'] min_timeout_sec: 3.0 max_timeout_sec: 180.0
Trajectory dumped to /home/ubuntu/tb21/jobs/tb21c-8x512k-hyd-p1-s3/sam-cell-seg__GyBttaA/agent/trajectory.json
Parser warnings: - Extra text detected before JSON object
Sending keys: ['cd /app && timeout 240 python3 eval.py 2>&1\n'] min_timeout_sec: 45.0 max_timeout_sec: 180.0
Parser warnings: - AUTO-CORRECTED: Fixed incomplete JSON by adding missing closing brace - please fix this in future responses
Sending keys: ["sed -n '1,80p' /tmp/tracef.txt\n"] min_timeout_sec: 0.5 max_timeout_sec: 180.0
Trajectory dumped to /home/ubuntu/tb21/jobs/tb21c-8x512k-hyd-p1-s3/path-tracing-reverse__eGEAaSn/agent/trajectory.json
Trajectory dumped to /home/ubuntu/tb21/jobs/tb21c-8x512k-hyd-p1-s3/dna-assembly__A6y8ZL7/agent/trajectory.json
Collecting main service artifacts
Exception AgentTimeoutError is in exclude_exceptions, not retrying
Not retrying trial because the exception is not in include_exceptions or the maximum number of retries has been reached
Trajectory dumped to /home/ubuntu/tb21/jobs/tb21c-8x512k-hyd-p1-s3/mailman__DSozsrw/agent/trajectory.json
Trajectory dumped to /home/ubuntu/tb21/jobs/tb21c-8x512k-hyd-p1-s3/path-tracing-reverse__eGEAaSn/agent/trajectory.json
Trajectory dumped to /home/ubuntu/tb21/jobs/tb21c-8x512k-hyd-p1-s3/sam-cell-seg__GyBttaA/agent/trajectory.json
Trial mailman__DSozsrw cancelled
Collecting main service artifacts
Trial path-tracing-reverse__eGEAaSn cancelled
Trial sam-cell-seg__GyBttaA cancelled
Collecting main service artifacts
Collecting main service artifacts
