Registered custom model 'hosted_vllm/qwen38' with info: {'max_input_tokens': 524288, 'max_output_tokens': 8192, 'input_cost_per_token': 0.0, 'output_cost_per_token': 0.0, 'cache_creation_input_token_cost': 0, 'cache_read_input_token_cost': 0}
Registered custom model 'hosted_vllm/qwen38' with info: {'max_input_tokens': 524288, 'max_output_tokens': 8192, 'input_cost_per_token': 0.0, 'output_cost_per_token': 0.0, 'cache_creation_input_token_cost': 0, 'cache_read_input_token_cost': 0}
Registered custom model 'hosted_vllm/qwen38' with info: {'max_input_tokens': 524288, 'max_output_tokens': 8192, 'input_cost_per_token': 0.0, 'output_cost_per_token': 0.0, 'cache_creation_input_token_cost': 0, 'cache_read_input_token_cost': 0}
Registered custom model 'hosted_vllm/qwen38' with info: {'max_input_tokens': 524288, 'max_output_tokens': 8192, 'input_cost_per_token': 0.0, 'output_cost_per_token': 0.0, 'cache_creation_input_token_cost': 0, 'cache_read_input_token_cost': 0}
Installing: tmux, asciinema
Installing: tmux, asciinema
Installing: tmux, asciinema
Installing: tmux, asciinema
Detected system: {'os': 'debian-based', 'package_manager': 'apt-get', 'update_command': None}
Installing tools using apt-get: DEBIAN_FRONTEND=noninteractive apt-get update && DEBIAN_FRONTEND=noninteractive apt-get install -y tmux asciinema
Detected system: {'os': 'debian-based', 'package_manager': 'apt-get', 'update_command': None}
Installing tools using apt-get: DEBIAN_FRONTEND=noninteractive apt-get update && DEBIAN_FRONTEND=noninteractive apt-get install -y tmux asciinema
Detected system: {'os': 'debian-based', 'package_manager': 'apt-get', 'update_command': None}
Installing tools using apt-get: DEBIAN_FRONTEND=noninteractive apt-get update && DEBIAN_FRONTEND=noninteractive apt-get install -y tmux asciinema
Detected system: {'os': 'debian-based', 'package_manager': 'apt-get', 'update_command': None}
Installing tools using apt-get: DEBIAN_FRONTEND=noninteractive apt-get update && DEBIAN_FRONTEND=noninteractive apt-get install -y tmux asciinema
Starting recording.
Sending keys: ['asciinema rec --stdin /logs/agent/recording.cast', 'Enter'] min_timeout_sec: 1.0 max_timeout_sec: 180.0
Starting recording.
Sending keys: ['asciinema rec --stdin /logs/agent/recording.cast', 'Enter'] min_timeout_sec: 1.0 max_timeout_sec: 180.0
Sending keys: ['clear', 'Enter'] min_timeout_sec: 0.0 max_timeout_sec: 180.0
Sending keys: ['clear', 'Enter'] min_timeout_sec: 0.0 max_timeout_sec: 180.0
Starting recording.
Sending keys: ['asciinema rec --stdin /logs/agent/recording.cast', 'Enter'] min_timeout_sec: 1.0 max_timeout_sec: 180.0
Sending keys: ['clear', 'Enter'] min_timeout_sec: 0.0 max_timeout_sec: 180.0
Parser warnings: - Extra text detected before JSON object
Sending keys: ['ls -la /app/\n'] min_timeout_sec: 0.5 max_timeout_sec: 180.0
Sending keys: ['ls -la /app\n'] min_timeout_sec: 0.1 max_timeout_sec: 180.0
Sending keys: ['ls -la /app/data\n'] min_timeout_sec: 0.1 max_timeout_sec: 180.0
Sending keys: ['cat /app/gp_rstan.R\n'] min_timeout_sec: 0.5 max_timeout_sec: 180.0
Sending keys: ["which fasttext; python3 -c 'import fasttext; print(fasttext.__version__)' 2>&1\n"] min_timeout_sec: 0.5 max_timeout_sec: 180.0
Starting recording.
Sending keys: ['asciinema rec --stdin /logs/agent/recording.cast', 'Enter'] min_timeout_sec: 1.0 max_timeout_sec: 180.0
Sending keys: ['python3 --version && python3 -c "import numpy; print(numpy.__version__)" && pip --version\n'] min_timeout_sec: 2.0 max_timeout_sec: 180.0
Trajectory dumped to /home/ubuntu/tb21/jobs/tb21c-8x512k-hyd-p1-s2/rstan-to-pystan__23hYjBt/agent/trajectory.json
Trajectory dumped to /home/ubuntu/tb21/jobs/tb21c-8x512k-hyd-p1-s2/train-fasttext__xrA2VrD/agent/trajectory.json
Sending keys: ['clear', 'Enter'] min_timeout_sec: 0.0 max_timeout_sec: 180.0
Sending keys: ['git clone --depth 1 --branch 0.5.3 https://github.com/SPOCKnots/pyknotid.git /app/pyknotid\n'] min_timeout_sec: 30.0 max_timeout_sec: 180.0
Sending keys: ['python3 -c "import pandas as pd; print(pd.__version__)" 2>&1\n'] min_timeout_sec: 0.5 max_timeout_sec: 180.0
Sending keys: ['python3 -c "import pyarrow; print(pyarrow.__version__)" 2>&1\n'] min_timeout_sec: 0.5 max_timeout_sec: 180.0
Sending keys: ['pip install fasttext 2>&1 | tail -5\n'] min_timeout_sec: 30.0 max_timeout_sec: 180.0
Trajectory dumped to /home/ubuntu/tb21/jobs/tb21c-8x512k-hyd-p1-s2/build-cython-ext__ZtxeDuj/agent/trajectory.json
Sending keys: ['ls -la /app/pyknotid/\n'] min_timeout_sec: 0.1 max_timeout_sec: 180.0
Sending keys: ["find /app/pyknotid -name '*.pyx' -o -name '*.pxd' -o -name 'setup.py' -o -name '*.py' | head -50\n"] min_timeout_sec: 0.5 max_timeout_sec: 180.0
Trajectory dumped to /home/ubuntu/tb21/jobs/tb21c-8x512k-hyd-p1-s2/train-fasttext__xrA2VrD/agent/trajectory.json
Sending keys: ['cat /app/pyknotid/setup.py\n'] min_timeout_sec: 0.1 max_timeout_sec: 180.0
Trajectory dumped to /home/ubuntu/tb21/jobs/tb21c-8x512k-hyd-p1-s2/build-cython-ext__ZtxeDuj/agent/trajectory.json
Sending keys: ['cat /app/pyknotid/pyknotid/spacecurves/chelpers.pyx\n'] min_timeout_sec: 0.1 max_timeout_sec: 180.0
Sending keys: ['cat /app/pyknotid/pyknotid/spacecurves/ccomplexity.pyx\n'] min_timeout_sec: 0.1 max_timeout_sec: 180.0
Sending keys: ['cat /app/pyknotid/pyknotid/cinvariants.pyx\n'] min_timeout_sec: 0.1 max_timeout_sec: 180.0
Trajectory dumped to /home/ubuntu/tb21/jobs/tb21c-8x512k-hyd-p1-s2/build-cython-ext__ZtxeDuj/agent/trajectory.json
Sending keys: ['python3 -c "\nimport pyarrow.parquet as pq\nt = pq.read_table(\'/app/data/test-00000-of-00001.parquet\')\nprint(\'Test schema:\', t.schema)\nprint(\'Test rows:\', t.num_rows)\ndf = t.to_pandas()\nprint(df.head())\nprint(df.dtypes)\n"\n'] min_timeout_sec: 5.0 max_timeout_sec: 180.0
Trajectory dumped to /home/ubuntu/tb21/jobs/tb21c-8x512k-hyd-p1-s2/train-fasttext__xrA2VrD/agent/trajectory.json
Sending keys: ['python3 -c "\nimport pyarrow.parquet as pq\nt = pq.read_table(\'/app/data/train-00000-of-00001.parquet\', columns=[\'label\',\'text\'])\nprint(\'Train schema:\', t.schema)\nprint(\'Train rows:\', t.num_rows)\nimport pyarrow.compute as pc\ncounts = pc.value_counts(t.column(\'label\'))\nprint(counts)\nprint(\'Sample text length:\', len(t.column(\'text\')[0].as_py()))\n"\n'] min_timeout_sec: 10.0 max_timeout_sec: 180.0
Sending keys: ["pip list 2>/dev/null | grep -iE 'cython|numpy|scipy|networkx|planarity|peewee|vispy|sympy|appdirs|tqdm|requests'\n"] min_timeout_sec: 1.0 max_timeout_sec: 180.0
Sending keys: ["cd /app/pyknotid && grep -rnE 'n(umpy)?\\.(float|int|object|bool|str|long|unicode)[^a-zA-Z_0-9]|\\bnp\\.(float|int|object|bool|str|long|unicode)\\b' pyknotid/ | grep -vE '\\.(float|int|object|bool|str)(32|64|16|_)' | head -50\n"] min_timeout_sec: 0.5 max_timeout_sec: 180.0
Sending keys: ["cd /app/pyknotid && grep -rnE 'in1d|float_|int_|\\bnp\\.\\w+\\(' pyknotid/spacecurves/*.py pyknotid/cinvariants.pyx 2>/dev/null | head -40\n"] min_timeout_sec: 0.5 max_timeout_sec: 180.0
Trajectory dumped to /home/ubuntu/tb21/jobs/tb21c-8x512k-hyd-p1-s2/build-cython-ext__ZtxeDuj/agent/trajectory.json
Sending keys: ['pip install fasttext-wheel 2>&1 | tail -3\n'] min_timeout_sec: 30.0 max_timeout_sec: 180.0
Parser warnings: - Extra text detected before JSON object
- Extra text detected after JSON object
Sending keys: ['cat /app/meta_public.json\n'] min_timeout_sec: 0.3 max_timeout_sec: 180.0
Sending keys: ["head -3 /app/train_X.csv; echo '---'; head -3 /app/test_X.csv; echo '---'; head -3 /app/train_y.csv\n"] min_timeout_sec: 0.3 max_timeout_sec: 180.0
Sending keys: ['wc -l /app/train_X.csv /app/test_X.csv /app/train_y.csv\n'] min_timeout_sec: 0.3 max_timeout_sec: 180.0
Sending keys: ['python3 --version; pip --version; which pip3\n'] min_timeout_sec: 0.5 max_timeout_sec: 180.0
Sending keys: ["pip list 2>/dev/null | grep -i -E 'stan|numpy|pandas|cython'; echo 'done'\n"] min_timeout_sec: 0.5 max_timeout_sec: 180.0
Trajectory dumped to /home/ubuntu/tb21/jobs/tb21c-8x512k-hyd-p1-s2/rstan-to-pystan__23hYjBt/agent/trajectory.json
Sending keys: ['pip list 2>/dev/null\n'] min_timeout_sec: 1.0 max_timeout_sec: 180.0
Sending keys: ['pip install cython 2>&1 | tail -5\n'] min_timeout_sec: 30.0 max_timeout_sec: 180.0
Trajectory dumped to /home/ubuntu/tb21/jobs/tb21c-8x512k-hyd-p1-s2/train-fasttext__xrA2VrD/agent/trajectory.json
Sending keys: ['which g++ gcc make cmake conda 2>&1; python3 --version\n'] min_timeout_sec: 0.1 max_timeout_sec: 180.0
Sending keys: ["pip install fasttext 2>&1 | grep -E 'error|Error|fatal' | head -20\n"] min_timeout_sec: 30.0 max_timeout_sec: 180.0
Sending keys: ['cat /etc/os-release 2>&1 | head -n 20; echo ---; command -v git sshd nginx apache2 python3 busybox ss netstat systemctl service 2>&1; echo ---; ps -p 1 -o comm= 2>&1; echo ---; ps aux 2>&1 | head -n 50; echo ---; (ss -ltnp 2>&1 || netstat -ltnp 2>&1) | head -n 50; echo ---; ls -la /git 2>&1; echo ---; ls -la /var/www 2>&1; echo ---; id\n'] min_timeout_sec: 1.0 max_timeout_sec: 180.0
Trajectory dumped to /home/ubuntu/tb21/jobs/tb21c-8x512k-hyd-p1-s2/configure-git-webserver__abz6TCp/agent/trajectory.json
Sending keys: ['cat /app/pyknotid/pyknotid/spacecurves/ccomplexity.pyx\n'] min_timeout_sec: 0.1 max_timeout_sec: 180.0
Trajectory dumped to /home/ubuntu/tb21/jobs/tb21c-8x512k-hyd-p1-s2/build-cython-ext__ZtxeDuj/agent/trajectory.json
Sending keys: ['export DEBIAN_FRONTEND=noninteractive\n'] min_timeout_sec: 0.1 max_timeout_sec: 180.0
Sending keys: ['apt-get update -qq 2>&1 | tail -n 5\n'] min_timeout_sec: 30.0 max_timeout_sec: 180.0
Parser warnings: - Extra text detected before JSON object
Sending keys: ["which g++ gcc make cc; g++ --version 2>/dev/null | head -1; echo '--- tools done'\n"] min_timeout_sec: 0.5 max_timeout_sec: 180.0
Sending keys: ['python3 -c "import sys; print(sys.executable)"; pip config list 2>/dev/null; echo \'---\'\n'] min_timeout_sec: 0.5 max_timeout_sec: 180.0
Sending keys: ["timeout 20 pip index versions pystan 2>&1 | head -20; echo '--- index done'\n"] min_timeout_sec: 25.0 max_timeout_sec: 180.0
Trajectory dumped to /home/ubuntu/tb21/jobs/tb21c-8x512k-hyd-p1-s2/train-fasttext__xrA2VrD/agent/trajectory.json
Sending keys: ['cat /app/pyknotid/pyknotid/simplify/coctree.pyx\n'] min_timeout_sec: 0.1 max_timeout_sec: 180.0
Sending keys: ["sed -n '960,1010p' /app/pyknotid/pyknotid/invariants.py\n"] min_timeout_sec: 0.1 max_timeout_sec: 180.0
Sending keys: ["sed -n '480,520p' /app/pyknotid/pyknotid/representations/representation.py\n"] min_timeout_sec: 0.1 max_timeout_sec: 180.0
Trajectory dumped to /home/ubuntu/tb21/jobs/tb21c-8x512k-hyd-p1-s2/build-cython-ext__ZtxeDuj/agent/trajectory.json
Sending keys: ['cat /etc/os-release 2>/dev/null | head -5; which apt-get apk yum dnf 2>&1\n'] min_timeout_sec: 0.5 max_timeout_sec: 180.0
Sending keys: ['python3 -c "\nimport pyarrow.parquet as pq\nt = pq.read_table(\'/app/data/train-00000-of-00001.parquet\', columns=[\'label\',\'text\'])\nlabels = t.column(\'label\').to_pylist()\ntexts = t.column(\'text\').to_pylist()\nwith open(\'/app/train.txt\', \'w\') as f:\n    for lab, txt in zip(labels, texts):\n        # fasttext format: label space separated tokens, no newlines in text\n        txt = txt.replace(\'\\n\', \' \').replace(\'\\r\', \' \')\n        f.write(\'__label__\' + str(lab) + \' \' + txt + \'\\n\')\nprint(\'Done writing train.txt\')\n"\n'] min_timeout_sec: 30.0 max_timeout_sec: 180.0
Trajectory dumped to /home/ubuntu/tb21/jobs/tb21c-8x512k-hyd-p1-s2/rstan-to-pystan__23hYjBt/agent/trajectory.json
Trajectory dumped to /home/ubuntu/tb21/jobs/tb21c-8x512k-hyd-p1-s2/configure-git-webserver__abz6TCp/agent/trajectory.json
Sending keys: ['apt-get install -y git openssh-server nginx rsync 2>&1 | tail -n 20\n'] min_timeout_sec: 60.0 max_timeout_sec: 180.0
Sending keys: ['cat /app/pyknotid/pyknotid/__init__.py\n'] min_timeout_sec: 0.1 max_timeout_sec: 180.0
Sending keys: ["echo '=== spacecurves __init__ imports ==='; grep -nE '^import |^from ' /app/pyknotid/pyknotid/spacecurves/__init__.py; echo '=== make __init__ imports ==='; grep -nE '^import |^from ' /app/pyknotid/pyknotid/make/__init__.py\n"] min_timeout_sec: 0.1 max_timeout_sec: 180.0
Sending keys: ["echo '=== knot.py imports ==='; grep -nE '^import |^from ' /app/pyknotid/pyknotid/spacecurves/knot.py; echo '=== invariants.py imports ==='; grep -nE '^import |^from ' /app/pyknotid/pyknotid/invariants.py\n"] min_timeout_sec: 0.1 max_timeout_sec: 180.0
Sending keys: ["echo '=== ALL deprecated numpy aliases in package ==='; grep -rnE '\\b(n|np|numpy)\\.(float|int|object|bool|str|long|unicode|NaN|Inf|NAN|infty|row_stack|in1d|product|cumproduct|alltrue|sometrue|round_|string_|unicode_|cast|source|lookfor|tracemalloc|math|deprecate|safe_eval|recfromcsv|msort)\\b' /app/pyknotid/pyknotid/ | grep -vE '\\.(float|int|bool|str|object|long|unicode)(32|64|16|_)'\n"] min_timeout_sec: 0.5 max_timeout_sec: 180.0
Trajectory dumped to /home/ubuntu/tb21/jobs/tb21c-8x512k-hyd-p1-s2/build-cython-ext__ZtxeDuj/agent/trajectory.json
Parser warnings: - Extra text detected before JSON object
Sending keys: ["ls /usr/bin/ | grep -E 'g\\+\\+|gcc|clang|make|cc|c\\+\\+'; echo '--- search done'\n"] min_timeout_sec: 0.3 max_timeout_sec: 180.0
Sending keys: ['which apt apt-get dpkg; cat /etc/os-release 2>/dev/null | head -4\n'] min_timeout_sec: 0.3 max_timeout_sec: 180.0
Sending keys: ["apt-get --version 2>/dev/null | head -1; echo '--- apt check done'\n"] min_timeout_sec: 0.3 max_timeout_sec: 180.0
Trajectory dumped to /home/ubuntu/tb21/jobs/tb21c-8x512k-hyd-p1-s2/train-fasttext__xrA2VrD/agent/trajectory.json
Trajectory dumped to /home/ubuntu/tb21/jobs/tb21c-8x512k-hyd-p1-s2/rstan-to-pystan__23hYjBt/agent/trajectory.json
Parser warnings: - Extra text detected before JSON object
Sending keys: ['apt-get update 2>&1 | tail -5\n'] min_timeout_sec: 30.0 max_timeout_sec: 180.0
Sending keys: ['apt-get update -qq 2>&1 | tail -3 && apt-get install -y -qq g++ make cmake 2>&1 | tail -5\n'] min_timeout_sec: 60.0 max_timeout_sec: 180.0
Sending keys: ['for f in make/named.py make/torus.py make/periodic_knot.py spacecurves/spacecurve.py spacecurves/knot.py spacecurves/link.py spacecurves/openknot.py spacecurves/periodiccell.py; do echo "=== $f ==="; grep -nE \'^import |^from \' /app/pyknotid/pyknotid/$f; done\n'] min_timeout_sec: 0.5 max_timeout_sec: 180.0
Sending keys: ["echo '=== alexander_polynomial in knot.py ==='; grep -n 'def alexander_polynomial\\|def alexander' /app/pyknotid/pyknotid/spacecurves/knot.py; echo '--- context ---'; sed -n '/def alexander_polynomial/,/return/p' /app/pyknotid/pyknotid/spacecurves/knot.py | head -40\n"] min_timeout_sec: 0.1 max_timeout_sec: 180.0
Sending keys: ['echo \'=== test imports ===\'; for f in tests/*.py; do echo "--- $f ---"; grep -nE \'^import |^from \' /app/pyknotid/$f; done\n'] min_timeout_sec: 0.5 max_timeout_sec: 180.0
Trajectory dumped to /home/ubuntu/tb21/jobs/tb21c-8x512k-hyd-p1-s2/build-cython-ext__ZtxeDuj/agent/trajectory.json
Trajectory dumped to /home/ubuntu/tb21/jobs/tb21c-8x512k-hyd-p1-s2/rstan-to-pystan__23hYjBt/agent/trajectory.json
Parser warnings: - Extra text detected before JSON object
Sending keys: ['DEBIAN_FRONTEND=noninteractive apt-get install -y build-essential 2>&1 | tail -15\n'] min_timeout_sec: 60.0 max_timeout_sec: 180.0
Trajectory dumped to /home/ubuntu/tb21/jobs/tb21c-8x512k-hyd-p1-s2/configure-git-webserver__abz6TCp/agent/trajectory.json
Parser warnings: - Extra text detected before JSON object
Trajectory dumped to /home/ubuntu/tb21/jobs/tb21c-8x512k-hyd-p1-s2/train-fasttext__xrA2VrD/agent/trajectory.json
Sending keys: ['for f in spacecurves/helpers.py spacecurves/geometry.py spacecurves/smooth.py io.py utils.py visualise.py; do echo "=== $f ==="; grep -nE \'^import |^from \' /app/pyknotid/pyknotid/$f; done\n'] min_timeout_sec: 0.5 max_timeout_sec: 180.0
Sending keys: ['for f in representations/gausscode.py representations/representation.py representations/gaussdiagram.py representations/planardiagram.py representations/dtnotation.py representations/__init__.py; do echo "=== $f ==="; grep -nE \'^import |^from \' /app/pyknotid/pyknotid/$f; done\n'] min_timeout_sec: 0.5 max_timeout_sec: 180.0
Sending keys: ['pip install fasttext 2>&1 | tail -5\n'] min_timeout_sec: 60 max_timeout_sec: 180.0
Sending keys: ['for f in catalogue/identify.py catalogue/converters.py catalogue/database.py; do echo "=== $f ==="; grep -nE \'^import |^from \' /app/pyknotid/pyknotid/$f; done\n'] min_timeout_sec: 0.5 max_timeout_sec: 180.0
Sending keys: ["echo '=== py2-isms ==='; grep -rnE 'xrange|iteritems|itervalues|has_key|from fractions import gcd|import fractions' /app/pyknotid/pyknotid/; echo '=== three_twist/trefoil def ==='; grep -rn 'def three_twist\\|def trefoil' /app/pyknotid/pyknotid/make/; echo '=== alexander def ==='; grep -n 'vassiliev_degree_3\\|def alexander\\|cinvariants\\|mode ==\\|import cinvariants' /app/pyknotid/pyknotid/invariants.py\n"] min_timeout_sec: 0.5 max_timeout_sec: 180.0
Trajectory dumped to /home/ubuntu/tb21/jobs/tb21c-8x512k-hyd-p1-s2/build-cython-ext__ZtxeDuj/agent/trajectory.json
Sending keys: ["grep -rn 'three_twist' /app/pyknotid/pyknotid/ | head; echo '=== named.py head ==='; sed -n '1,60p' /app/pyknotid/pyknotid/make/named.py\n"] min_timeout_sec: 0.5 max_timeout_sec: 180.0
Sending keys: ["echo '=== visualise.py 1-45 ==='; sed -n '1,45p' /app/pyknotid/pyknotid/visualise.py\n"] min_timeout_sec: 0.1 max_timeout_sec: 180.0
Sending keys: ["echo '=== make/__init__ ==='; sed -n '1,30p' /app/pyknotid/pyknotid/make/__init__.py\n"] min_timeout_sec: 0.1 max_timeout_sec: 180.0
Sending keys: ["pip index versions vispy 2>&1 | head; echo '---'; pip index versions sympy 2>&1 | head -3; echo '---'; pip index versions planarity 2>&1 | head -3; echo '---'; pip index versions networkx 2>&1 | head -3\n"] min_timeout_sec: 10.0 max_timeout_sec: 180.0
Trajectory dumped to /home/ubuntu/tb21/jobs/tb21c-8x512k-hyd-p1-s2/rstan-to-pystan__23hYjBt/agent/trajectory.json
Parser warnings: - Extra text detected before JSON object
Sending keys: ['pip install pystan==3.10.0 2>&1 | tail -25\n'] min_timeout_sec: 60.0 max_timeout_sec: 180.0
Trajectory dumped to /home/ubuntu/tb21/jobs/tb21c-8x512k-hyd-p1-s2/build-cython-ext__ZtxeDuj/agent/trajectory.json
Sending keys: ['id user 2>/dev/null || useradd -m -s /bin/bash user\n'] min_timeout_sec: 0.5 max_timeout_sec: 180.0
Sending keys: ['mkdir -p /git && git init --bare /git/server && git -C /git/server symbolic-ref HEAD refs/heads/master\n'] min_timeout_sec: 0.5 max_timeout_sec: 180.0
Sending keys: ['mkdir -p /var/www/html && chown -R user:user /var/www/html\n'] min_timeout_sec: 0.3 max_timeout_sec: 180.0
Sending keys: ['cat > /git/server/hooks/post-receive <<\'EOF\'\n#!/bin/bash\nTARGET=/var/www/html\nGIT_DIR=/git/server\nwhile read oldrev newrev ref; do\n  case "$ref" in\n    refs/heads/master|refs/heads/main)\n      branch=${ref#refs/heads/}\n      echo "Deploying $branch to $TARGET"\n      git --work-tree="$TARGET" --git-dir="$GIT_DIR" checkout -f "$branch"\n      ;;\n  esac\ndone\nEOF\nchmod +x /git/server/hooks/post-receive\n'] min_timeout_sec: 0.3 max_timeout_sec: 180.0
Sending keys: ['chown -R user:user /git/server\n'] min_timeout_sec: 0.3 max_timeout_sec: 180.0
Sending keys: ["cat > /etc/nginx/sites-available/deploy8080 <<'EOF'\nserver {\n    listen 8080 default_server;\n    listen [::]:8080 default_server;\n    root /var/www/html;\n    index index.html index.htm;\n    server_name _;\n    location / {\n        try_files $uri $uri/ =404;\n    }\n}\nEOF\nln -sf /etc/nginx/sites-available/deploy8080 /etc/nginx/sites-enabled/deploy8080\n"] min_timeout_sec: 0.3 max_timeout_sec: 180.0
Sending keys: ['nginx -t 2>&1\n'] min_timeout_sec: 0.5 max_timeout_sec: 180.0
Trajectory dumped to /home/ubuntu/tb21/jobs/tb21c-8x512k-hyd-p1-s2/configure-git-webserver__abz6TCp/agent/trajectory.json
Parser warnings: - Extra text detected before JSON object
Sending keys: ["which gcc g++ cc; gcc --version 2>&1 | head -1; echo '=== planarity imports ==='; grep -rn 'planarity' /app/pyknotid/pyknotid/ | grep -i import\n"] min_timeout_sec: 0.5 max_timeout_sec: 180.0
Sending keys: ['pip install sympy networkx peewee vispy appdirs requests tqdm planarity pytest 2>&1 | tail -15\n'] min_timeout_sec: 60 max_timeout_sec: 180.0
Sending keys: ['id user\n'] min_timeout_sec: 0.3 max_timeout_sec: 180.0
Sending keys: ['mkdir -p /run/sshd && /usr/sbin/sshd\n'] min_timeout_sec: 1.0 max_timeout_sec: 180.0
Sending keys: ['nginx\n'] min_timeout_sec: 1.0 max_timeout_sec: 180.0
Sending keys: ["ps aux | grep -E 'sshd|nginx' | grep -v grep\n"] min_timeout_sec: 0.3 max_timeout_sec: 180.0
Sending keys: ['python3 -c "import socket; s=socket.socket(); s.connect((\'127.0.0.1\',22)); print(\'SSH OK\'); s.close()"\n'] min_timeout_sec: 0.5 max_timeout_sec: 180.0
Sending keys: ['python3 -c "import socket; s=socket.socket(); s.connect((\'127.0.0.1\',8080)); print(\'HTTP OK\'); s.close()"\n'] min_timeout_sec: 0.5 max_timeout_sec: 180.0
Trajectory dumped to /home/ubuntu/tb21/jobs/tb21c-8x512k-hyd-p1-s2/configure-git-webserver__abz6TCp/agent/trajectory.json
Sending keys: ['python3 -c "\nimport pyarrow.parquet as pq\nt = pq.read_table(\'/app/data/test-00000-of-00001.parquet\', columns=[\'label\',\'text\'])\nlabels = t.column(\'label\').to_pylist()\ntexts = t.column(\'text\').to_pylist()\nwith open(\'/app/test_local.txt\', \'w\') as f:\n    for lab, txt in zip(labels, texts):\n        txt = txt.replace(\'\\n\', \' \').replace(\'\\r\', \' \')\n        f.write(\'__label__\' + str(lab) + \' \' + txt + \'\\n\')\nprint(\'Done writing test_local.txt\')\n"\n'] min_timeout_sec: 10.0 max_timeout_sec: 180.0
Sending keys: ['cd /tmp && rm -rf test-repo && git init test-repo && cd test-repo\n'] min_timeout_sec: 0.5 max_timeout_sec: 180.0
Sending keys: ['echo "hello world" > hello.html\n'] min_timeout_sec: 0.1 max_timeout_sec: 180.0
Sending keys: ['git add hello.html && git commit -m "add hello.html"\n'] min_timeout_sec: 0.5 max_timeout_sec: 180.0
Sending keys: ['git remote add origin /git/server && git push origin master\n'] min_timeout_sec: 1.0 max_timeout_sec: 180.0
Sending keys: ['ls -la /var/www/html/\n'] min_timeout_sec: 0.3 max_timeout_sec: 180.0
Sending keys: ['curl -s http://127.0.0.1:8080/hello.html\n'] min_timeout_sec: 0.5 max_timeout_sec: 180.0
Sending keys: ['cat /var/www/html/hello.html\n'] min_timeout_sec: 0.3 max_timeout_sec: 180.0
Trajectory dumped to /home/ubuntu/tb21/jobs/tb21c-8x512k-hyd-p1-s2/configure-git-webserver__abz6TCp/agent/trajectory.json
Trajectory dumped to /home/ubuntu/tb21/jobs/tb21c-8x512k-hyd-p1-s2/train-fasttext__xrA2VrD/agent/trajectory.json
Sending keys: ['git config user.email "test@test.com" && git config user.name "Test"\n'] min_timeout_sec: 0.3 max_timeout_sec: 180.0
Sending keys: ['git add hello.html && git commit -m "add hello.html"\n'] min_timeout_sec: 0.5 max_timeout_sec: 180.0
Sending keys: ['git push origin master\n'] min_timeout_sec: 1.0 max_timeout_sec: 180.0
Sending keys: ['curl -s http://127.0.0.1:8080/hello.html\n'] min_timeout_sec: 0.5 max_timeout_sec: 180.0
Trajectory dumped to /home/ubuntu/tb21/jobs/tb21c-8x512k-hyd-p1-s2/configure-git-webserver__abz6TCp/agent/trajectory.json
Sending keys: ['head -2 /app/train.txt\n'] min_timeout_sec: 0.1 max_timeout_sec: 180.0
Sending keys: ['nproc\n'] min_timeout_sec: 0.1 max_timeout_sec: 180.0
Sending keys: ['git config --global --add safe.directory /git/server\n'] min_timeout_sec: 0.3 max_timeout_sec: 180.0
Sending keys: ['cd /app && fasttext supervised -input /app/train.txt -output /app/model -dim 50 -wordNgrams 2 -bucket 500000 -minn 0 -maxn 0 -epoch 10 -lr 0.5 -thread $(nproc) -verbose 2 2>&1\n'] min_timeout_sec: 60 max_timeout_sec: 180.0
Sending keys: ['git push origin master\n'] min_timeout_sec: 2.0 max_timeout_sec: 180.0
Sending keys: ['ls -la /var/www/html/\n'] min_timeout_sec: 0.3 max_timeout_sec: 180.0
Sending keys: ['curl -s http://127.0.0.1:8080/hello.html\n'] min_timeout_sec: 0.5 max_timeout_sec: 180.0
Trajectory dumped to /home/ubuntu/tb21/jobs/tb21c-8x512k-hyd-p1-s2/configure-git-webserver__abz6TCp/agent/trajectory.json
Trajectory dumped to /home/ubuntu/tb21/jobs/tb21c-8x512k-hyd-p1-s2/rstan-to-pystan__23hYjBt/agent/trajectory.json
Sending keys: ['rm -rf /tmp/test-repo\n'] min_timeout_sec: 0.3 max_timeout_sec: 180.0
Sending keys: ['rm -rf /git/server && git init --bare /git/server && git -C /git/server symbolic-ref HEAD refs/heads/master\n'] min_timeout_sec: 0.5 max_timeout_sec: 180.0
Sending keys: ['cat > /git/server/hooks/post-receive <<\'EOF\'\n#!/bin/bash\nTARGET=/var/www/html\nGIT_DIR=/git/server\nwhile read oldrev newrev ref; do\n  case "$ref" in\n    refs/heads/master|refs/heads/main)\n      branch=${ref#refs/heads/}\n      echo "Deploying $branch to $TARGET"\n      git --work-tree="$TARGET" --git-dir="$GIT_DIR" checkout -f "$branch"\n      ;;\n  esac\ndone\nEOF\nchmod +x /git/server/hooks/post-receive\n'] min_timeout_sec: 0.3 max_timeout_sec: 180.0
Parser warnings: - Extra text detected before JSON object
Sending keys: ['pip install --break-system-packages pystan==3.10.0 pandas 2>&1 | tail -25\n'] min_timeout_sec: 60.0 max_timeout_sec: 180.0
Sending keys: ['chown -R user:user /git/server\n'] min_timeout_sec: 0.3 max_timeout_sec: 180.0
Sending keys: ['rm -f /var/www/html/hello.html\n'] min_timeout_sec: 0.3 max_timeout_sec: 180.0
Sending keys: ['echo "=== Final state check ===" && echo "--- Services ---" && ps aux | grep -E \'sshd|nginx.*master\' | grep -v grep && echo "--- Git repo ---" && ls /git/server/ && git -C /git/server branch -a 2>&1 && echo "--- Webroot ---" && ls -la /var/www/html/ && echo "--- Hook ---" && cat /git/server/hooks/post-receive\n'] min_timeout_sec: 1.0 max_timeout_sec: 180.0
Trajectory dumped to /home/ubuntu/tb21/jobs/tb21c-8x512k-hyd-p1-s2/configure-git-webserver__abz6TCp/agent/trajectory.json
Trajectory dumped to /home/ubuntu/tb21/jobs/tb21c-8x512k-hyd-p1-s2/configure-git-webserver__abz6TCp/agent/trajectory.json
Trajectory dumped to /home/ubuntu/tb21/jobs/tb21c-8x512k-hyd-p1-s2/build-cython-ext__ZtxeDuj/agent/trajectory.json
Sending keys: ['python3 -c "import socket;[print(p,\'OK\' if socket.socket().connect_ex((\'127.0.0.1\',p))==0 else \'FAIL\') for p in (22,8080)]"\n'] min_timeout_sec: 0.5 max_timeout_sec: 180.0
Sending keys: ['cd /tmp && rm -rf verify && git init verify >/dev/null 2>&1 && cd verify && git config user.email u@x.com && git config user.name U\n'] min_timeout_sec: 0.5 max_timeout_sec: 180.0
Sending keys: ['echo "hello world" > hello.html && git add hello.html && git commit -m "add hello.html" >/dev/null && git push /git/server master 2>&1 | tail -n 5\n'] min_timeout_sec: 2.0 max_timeout_sec: 180.0
Sending keys: ['echo "CURL RESULT: [$(curl -s http://127.0.0.1:8080/hello.html)]"\n'] min_timeout_sec: 0.5 max_timeout_sec: 180.0
Trajectory dumped to /home/ubuntu/tb21/jobs/tb21c-8x512k-hyd-p1-s2/configure-git-webserver__abz6TCp/agent/trajectory.json
Sending keys: ['cd /root && rm -rf /tmp/verify /git/server && git init --bare --initial-branch=master /git/server 2>/dev/null || git init --bare /git/server && git -C /git/server symbolic-ref HEAD refs/heads/master\n'] min_timeout_sec: 0.5 max_timeout_sec: 180.0
Trajectory dumped to /home/ubuntu/tb21/jobs/tb21c-8x512k-hyd-p1-s2/train-fasttext__xrA2VrD/agent/trajectory.json
Sending keys: ['printf \'#!/bin/bash\nTARGET=/var/www/html\nGIT_DIR=/git/server\nwhile read oldrev newrev ref; do\n  case "$ref" in\n    refs/heads/master|refs/heads/main)\n      branch=${ref#refs/heads/}\n      echo "Deploying $branch to $TARGET"\n      git --work-tree="$TARGET" --git-dir="$GIT_DIR" checkout -f "$branch"\n      ;;\n  esac\ndone\n\' > /git/server/hooks/post-receive && chmod +x /git/server/hooks/post-receive && chown -R user:user /git/server\n'] min_timeout_sec: 0.5 max_timeout_sec: 180.0
Sending keys: ['rm -f /var/www/html/hello.html\n'] min_timeout_sec: 0.3 max_timeout_sec: 180.0
Sending keys: ["echo '=== FINAL STATE ==='; ps aux | grep -E '[s]shd|[n]ginx: master' ; echo '--- repo ---'; ls -la /git/server; ls -l /git/server/hooks/post-receive; git -C /git/server symbolic-ref HEAD; echo '--- webroot ---'; ls -la /var/www/html; echo '--- nginx site ---'; cat /etc/nginx/sites-enabled/deploy8080\n"] min_timeout_sec: 0.5 max_timeout_sec: 180.0
Trajectory dumped to /home/ubuntu/tb21/jobs/tb21c-8x512k-hyd-p1-s2/configure-git-webserver__abz6TCp/agent/trajectory.json
Sending keys: ['python3 -c "\nimport fasttext\nmodel = fasttext.train_supervised(\n    input=\'/app/train.txt\',\n    dim=50,\n    wordNgrams=2,\n    bucket=500000,\n    minn=0, maxn=0,\n    epoch=10,\n    lr=0.5,\n    thread=32,\n    verbose=2\n)\nmodel.save_model(\'/app/model.bin\')\nprint(\'Model saved\')\nresult = model.test(\'/app/test_local.txt\')\nprint(f\'Test set: {result[0]} samples, Precision: {result[1]:.4f}, Recall: {result[2]:.4f}\')\nimport os\nsize_mb = os.path.getsize(\'/app/model.bin\') / 1024 / 1024\nprint(f\'Model size: {size_mb:.2f} MB\')\n"\n'] min_timeout_sec: 60 max_timeout_sec: 180.0
Trajectory dumped to /home/ubuntu/tb21/jobs/tb21c-8x512k-hyd-p1-s2/configure-git-webserver__abz6TCp/agent/trajectory.json
Trajectory dumped to /home/ubuntu/tb21/jobs/tb21c-8x512k-hyd-p1-s2/configure-git-webserver__abz6TCp/agent/trajectory.json
Collecting main service artifacts
Trajectory dumped to /home/ubuntu/tb21/jobs/tb21c-8x512k-hyd-p1-s2/rstan-to-pystan__23hYjBt/agent/trajectory.json
Registered custom model 'hosted_vllm/qwen38' with info: {'max_input_tokens': 524288, 'max_output_tokens': 8192, 'input_cost_per_token': 0.0, 'output_cost_per_token': 0.0, 'cache_creation_input_token_cost': 0, 'cache_read_input_token_cost': 0}
Installing: tmux, asciinema
Detected system: {'os': 'debian-based', 'package_manager': 'apt-get', 'update_command': None}
Installing tools using apt-get: DEBIAN_FRONTEND=noninteractive apt-get update && DEBIAN_FRONTEND=noninteractive apt-get install -y tmux asciinema
Parser warnings: - Extra text detected before JSON object
Sending keys: ['python3 -c "import pystan; print(\'pystan\', pystan.__version__); print(pystan.__file__)" 2>&1 | tail -5\n'] min_timeout_sec: 10.0 max_timeout_sec: 180.0
Parser warnings: - Extra text detected before JSON object
Sending keys: ["cat > /tmp/fix_numpy.py << 'PYEOF'\nimport re, os\n\nrepl = []\nfor alias, builtin in [('float','float'),('complex','complex'),('bool','bool'),\n                        ('object','object'),('str','str'),('unicode','str'),\n                        ('long','int'),('int','int')]:\n    for pre in ('numpy', 'np', 'n'):\n        repl.append((re.compile(r'\\b'+pre+r'\\.'+alias+r'\\b'), builtin))\n\nroot = '/app/pyknotid/pyknotid'\nchanged = []\nfor dirpath, dirs, files in os.walk(root):\n    for fn in files:\n        if not (fn.endswith('.py') or fn.endswith('.pyx') or fn.endswith('.pxd')):\n            continue\n        p = os.path.join(dirpath, fn)\n        with open(p) as f:\n            text = f.read()\n        new = text\n        for pat, sub in repl:\n            new = pat.sub(sub, new)\n        if new != text:\n            with open(p, 'w') as f:\n                f.write(new)\n            changed.append(p)\nprint('Changed files:')\nfor p in sorted(changed):\n    print(' ', p)\nPYEOF\npython3 /tmp/fix_numpy.py\n"] min_timeout_sec: 1.0 max_timeout_sec: 180.0
Sending keys: ["sed -i 's/^from fractions import gcd/from math import gcd/' /app/pyknotid/pyknotid/make/torus.py; grep -n 'gcd' /app/pyknotid/pyknotid/make/torus.py | head -3\n"] min_timeout_sec: 0.1 max_timeout_sec: 180.0
Sending keys: ["echo '=== remaining bare deprecated aliases (should be empty) ==='; grep -rnE '\\b(n|np|numpy)\\.(float|int|object|bool|str|long|unicode|complex)\\b' /app/pyknotid/pyknotid/ ; echo '=== done (exit above grep: '$?') ==='\n"] min_timeout_sec: 0.5 max_timeout_sec: 180.0
Trajectory dumped to /home/ubuntu/tb21/jobs/tb21c-8x512k-hyd-p1-s2/build-cython-ext__ZtxeDuj/agent/trajectory.json
Sending keys: ['python3 -c "import cython; print(\'cython\', cython.__version__)" 2>&1 | tail -3\n'] min_timeout_sec: 5.0 max_timeout_sec: 180.0
Starting recording.
Sending keys: ['asciinema rec --stdin /logs/agent/recording.cast', 'Enter'] min_timeout_sec: 1.0 max_timeout_sec: 180.0
Sending keys: ['clear', 'Enter'] min_timeout_sec: 0.0 max_timeout_sec: 180.0
Sending keys: ['python3 -c "import numpy; print(\'numpy\', numpy.__version__)"; python3 -c "import pandas as pd; d=pd.read_csv(\'/app/train_X.csv\'); print(d.shape); print(d.values[0])" 2>&1 | tail -5\n'] min_timeout_sec: 8.0 max_timeout_sec: 180.0
Parser warnings: - Extra text detected before JSON object
Sending keys: ['cd /app/pyknotid && git diff -- pyknotid/spacecurves/ccomplexity.pyx pyknotid/invariants.py pyknotid/representations/representation.py pyknotid/make/torus.py\n'] min_timeout_sec: 0.5 max_timeout_sec: 180.0
Sending keys: ['ls -la /app\n'] min_timeout_sec: 0.1 max_timeout_sec: 180.0
Sending keys: ['head -c 200 /app/image.ppm | xxd | head -20\n'] min_timeout_sec: 0.1 max_timeout_sec: 180.0
Sending keys: ['wc -c /app/image.ppm\n'] min_timeout_sec: 0.1 max_timeout_sec: 180.0
Sending keys: ['cd /app/pyknotid && pip install --no-build-isolation --no-deps . 2>&1 | tail -40\n'] min_timeout_sec: 60 max_timeout_sec: 180.0
Trajectory dumped to /home/ubuntu/tb21/jobs/tb21c-8x512k-hyd-p1-s2/path-tracing__hRnNnre/agent/trajectory.json
Trajectory dumped to /home/ubuntu/tb21/jobs/tb21c-8x512k-hyd-p1-s2/rstan-to-pystan__23hYjBt/agent/trajectory.json
Parser warnings: - Extra text detected before JSON object
Sending keys: ["pip show pystan 2>&1 | grep -E 'Location|Name|Version'\n"] min_timeout_sec: 5.0 max_timeout_sec: 180.0
Sending keys: ['head -c 40 /app/image.ppm | od -c | head\n'] min_timeout_sec: 0.1 max_timeout_sec: 180.0
Sending keys: ['which python3 gcc od\n'] min_timeout_sec: 0.1 max_timeout_sec: 180.0
Sending keys: ['strings /app/orig | head -50\n'] min_timeout_sec: 0.5 max_timeout_sec: 180.0
Trajectory dumped to /home/ubuntu/tb21/jobs/tb21c-8x512k-hyd-p1-s2/path-tracing__hRnNnre/agent/trajectory.json
Trajectory dumped to /home/ubuntu/tb21/jobs/tb21c-8x512k-hyd-p1-s2/train-fasttext__xrA2VrD/agent/trajectory.json
Sending keys: ['python3 -c "import site, sys; print(sys.path); print(site.getsitepackages())"\n'] min_timeout_sec: 5.0 max_timeout_sec: 180.0
Sending keys: ["find / -name 'pystan' -maxdepth 8 -type d 2>/dev/null | head; echo '--- find done'\n"] min_timeout_sec: 15.0 max_timeout_sec: 180.0
Sending keys: ['mkdir -p /tmp/test && cd /tmp/test && cp /app/orig . && time ./orig 2>&1 | tail -20\n'] min_timeout_sec: 30.0 max_timeout_sec: 180.0
Trajectory dumped to /home/ubuntu/tb21/jobs/tb21c-8x512k-hyd-p1-s2/rstan-to-pystan__23hYjBt/agent/trajectory.json
Parser warnings: - Extra text detected before JSON object
Sending keys: ["ls -la /usr/local/lib/python3.12/dist-packages/ | grep -i -E 'stan|cython|numpy|pandas'\n"] min_timeout_sec: 5.0 max_timeout_sec: 180.0
Sending keys: [''] min_timeout_sec: 60 max_timeout_sec: 180.0
Sending keys: ["ls -la /usr/local/lib/python3.12/dist-packages/pystan 2>&1 | head; echo '---'\n"] min_timeout_sec: 5.0 max_timeout_sec: 180.0
Sending keys: ["ls /usr/local/lib/python3.12/dist-packages/*.dist-info 2>/dev/null; echo '--- dist-info done'\n"] min_timeout_sec: 5.0 max_timeout_sec: 180.0
Trajectory dumped to /home/ubuntu/tb21/jobs/tb21c-8x512k-hyd-p1-s2/build-cython-ext__ZtxeDuj/agent/trajectory.json
Trajectory dumped to /home/ubuntu/tb21/jobs/tb21c-8x512k-hyd-p1-s2/rstan-to-pystan__23hYjBt/agent/trajectory.json
Parser warnings: - Command 1 should end with newline when followed by another command. Otherwise the two commands will be concatenated together on the same line.
Sending keys: ['q'] min_timeout_sec: 0.5 max_timeout_sec: 180.0
Trajectory dumped to /home/ubuntu/tb21/jobs/tb21c-8x512k-hyd-p1-s2/path-tracing__hRnNnre/agent/trajectory.json
Sending keys: ['cd /app/pyknotid && pip install --no-build-isolation --no-deps . 2>&1 | tail -40\n'] min_timeout_sec: 60 max_timeout_sec: 180.0
Sending keys: ['cd /tmp/test && md5sum image.ppm /app/image.ppm\n'] min_timeout_sec: 0.5 max_timeout_sec: 180.0
Parser warnings: - Extra text detected before JSON object
Sending keys: ['head -30 /usr/local/lib/python3.12/dist-packages/pystan-3.10.0.dist-info/RECORD\n'] min_timeout_sec: 5.0 max_timeout_sec: 180.0
Sending keys: ['ls -la /tmp/test\n'] min_timeout_sec: 0.1 max_timeout_sec: 180.0
Trajectory dumped to /home/ubuntu/tb21/jobs/tb21c-8x512k-hyd-p1-s2/path-tracing__hRnNnre/agent/trajectory.json
Sending keys: ['which objdump gdb\n'] min_timeout_sec: 0.1 max_timeout_sec: 180.0
Sending keys: ["objdump -d /app/orig | grep -A200 '<main>:' | head -250\n"] min_timeout_sec: 1.0 max_timeout_sec: 180.0
Sending keys: ["cat /usr/local/lib/python3.12/dist-packages/pystan-3.10.0.dist-info/top_level.txt 2>/dev/null; echo '--- top_level'; echo 'METADATA:'; grep -E '^Name|^Version|Requires-Dist' /usr/local/lib/python3.12/dist-packages/pystan-3.10.0.dist-info/METADATA | head -20\n"] min_timeout_sec: 5.0 max_timeout_sec: 180.0
Trajectory dumped to /home/ubuntu/tb21/jobs/tb21c-8x512k-hyd-p1-s2/path-tracing__hRnNnre/agent/trajectory.json
Sending keys: ['ls -la /usr/local/lib/python3.12/dist-packages/stan | head -30\n'] min_timeout_sec: 5.0 max_timeout_sec: 180.0
Trajectory dumped to /home/ubuntu/tb21/jobs/tb21c-8x512k-hyd-p1-s2/rstan-to-pystan__23hYjBt/agent/trajectory.json
Sending keys: ["objdump -d /app/orig | sed -n '/<vector_create>:/,/^$/p'\n"] min_timeout_sec: 0.5 max_timeout_sec: 180.0
Sending keys: ["objdump -d /app/orig | sed -n '/<vector_subtract>:/,/^$/p'\n"] min_timeout_sec: 0.5 max_timeout_sec: 180.0
Sending keys: ["objdump -d /app/orig | sed -n '/<vector_normalize>:/,/^$/p'\n"] min_timeout_sec: 0.5 max_timeout_sec: 180.0
Trajectory dumped to /home/ubuntu/tb21/jobs/tb21c-8x512k-hyd-p1-s2/path-tracing__hRnNnre/agent/trajectory.json
Parser warnings: - Extra text detected before JSON object
Sending keys: ['python3 -c "import stan; print(\'stan import OK\'); print([x for x in dir(stan) if not x.startswith(\'_\')])" 2>&1 | tail -10\n'] min_timeout_sec: 10.0 max_timeout_sec: 180.0
Sending keys: ["grep -n 'def build' /usr/local/lib/python3.12/dist-packages/stan/model.py\n"] min_timeout_sec: 5.0 max_timeout_sec: 180.0
Sending keys: ["objdump -d /app/orig | grep '>.<' | grep -v '@'\n"] min_timeout_sec: 0.5 max_timeout_sec: 180.0
Sending keys: ["objdump -d /app/orig | sed -n '/<vector_length>:/,/^$/p'\n"] min_timeout_sec: 0.5 max_timeout_sec: 180.0
Sending keys: ['objdump -s -j .rodata /app/orig\n'] min_timeout_sec: 0.5 max_timeout_sec: 180.0
Trajectory dumped to /home/ubuntu/tb21/jobs/tb21c-8x512k-hyd-p1-s2/path-tracing__hRnNnre/agent/trajectory.json
Trajectory dumped to /home/ubuntu/tb21/jobs/tb21c-8x512k-hyd-p1-s2/train-fasttext__xrA2VrD/agent/trajectory.json
Sending keys: ["grep -n 'def sample' /usr/local/lib/python3.12/dist-packages/stan/model.py\n"] min_timeout_sec: 5.0 max_timeout_sec: 180.0
Sending keys: [''] min_timeout_sec: 60 max_timeout_sec: 180.0
Trajectory dumped to /home/ubuntu/tb21/jobs/tb21c-8x512k-hyd-p1-s2/rstan-to-pystan__23hYjBt/agent/trajectory.json
Parser warnings: - Extra text detected before JSON object
Sending keys: ["sed -n '30,200p' /usr/local/lib/python3.12/dist-packages/stan/model.py\n"] min_timeout_sec: 5.0 max_timeout_sec: 180.0
Trajectory dumped to /home/ubuntu/tb21/jobs/tb21c-8x512k-hyd-p1-s2/build-cython-ext__ZtxeDuj/agent/trajectory.json
Trajectory dumped to /home/ubuntu/tb21/jobs/tb21c-8x512k-hyd-p1-s2/rstan-to-pystan__23hYjBt/agent/trajectory.json
Parser warnings: - Extra text detected before JSON object
Sending keys: ['export PAGER=cat; pip install setuptools wheel 2>&1 | tail -5\n'] min_timeout_sec: 30.0 max_timeout_sec: 180.0
Sending keys: ['objdump -d /app/orig > /tmp/disasm.txt; wc -l /tmp/disasm.txt\n'] min_timeout_sec: 1.0 max_timeout_sec: 180.0
Sending keys: ["grep -E '^0+<[a-z_]+>:' /tmp/disasm.txt\n"] min_timeout_sec: 0.5 max_timeout_sec: 180.0
Sending keys: ['python3 -c "import struct; \nfor addr,val in [(0x3150,0x3a83126f),(0x3170,0x38d1b717),(0x3178,0x3f000000),(0x317c,0x3f333333),(0x3180,0xbfc00000),(0x3184,0x3e4ccdcd),(0x3188,0x3f666666),(0x318c,0x3eccdccc),(0x3194,0x3ff00000),(0x3198,0x437fffd1),(0x319c,0x40000000),(0x31a0,0xc0a00000),(0x31a4,0xbf000000),(0x31a8,0xbf800000),(0x31ac,0x42c80000)]:\n    print(hex(addr), struct.unpack(\'f\',struct.pack(\'I\',val))[0])"\n'] min_timeout_sec: 0.5 max_timeout_sec: 180.0
Trajectory dumped to /home/ubuntu/tb21/jobs/tb21c-8x512k-hyd-p1-s2/path-tracing__hRnNnre/agent/trajectory.json
Parser warnings: - Extra text detected before JSON object
Sending keys: ["find /usr/local/lib/python3.12/dist-packages/httpstan -name '*.py' | xargs grep -ln 'random_seed\\|init' 2>/dev/null | head; echo '---'\n"] min_timeout_sec: 5.0 max_timeout_sec: 180.0
Sending keys: ["find /usr/local/lib/python3.12/dist-packages/httpstan -name 'arguments.py' -o -name '*.py' | grep -E 'arguments|fit|models' | head\n"] min_timeout_sec: 5.0 max_timeout_sec: 180.0
Sending keys: ['cd /app/pyknotid && pip install --no-build-isolation --no-deps . 2>&1 | tail -45\n'] min_timeout_sec: 60 max_timeout_sec: 180.0
Sending keys: ["grep -rn 'random_seed' /usr/local/lib/python3.12/dist-packages/httpstan/*.py | grep -i 'chain\\|+\\|rng\\|seed(' | head -20\n"] min_timeout_sec: 5.0 max_timeout_sec: 180.0
Trajectory dumped to /home/ubuntu/tb21/jobs/tb21c-8x512k-hyd-p1-s2/rstan-to-pystan__23hYjBt/agent/trajectory.json
Trajectory dumped to /home/ubuntu/tb21/jobs/tb21c-8x512k-hyd-p1-s2/train-fasttext__xrA2VrD/agent/trajectory.json
Sending keys: ["grep -nE ':[a-z] {10,}<|^[0-9a-f]+ <' /tmp/disasm.txt | grep -iE '<[a-z_]+>:'\n"] min_timeout_sec: 0.5 max_timeout_sec: 180.0
Parser warnings: - Extra text detected before JSON object
Sending keys: ["grep -n 'random_seed\\|chain\\|RNG\\|RNGSeed\\|rng\\|init\\|seed' /usr/local/lib/python3.12/dist-packages/httpstan/fits.py | head -40\n"] min_timeout_sec: 5.0 max_timeout_sec: 180.0
Sending keys: ['awk \'{if ($0 ~ /<.*>:$/ && $0 !~ /@/) print $1" "$2}\' /tmp/disasm.txt\n'] min_timeout_sec: 0.5 max_timeout_sec: 180.0
Trajectory dumped to /home/ubuntu/tb21/jobs/tb21c-8x512k-hyd-p1-s2/path-tracing__hRnNnre/agent/trajectory.json
Sending keys: [''] min_timeout_sec: 60 max_timeout_sec: 180.0
Sending keys: ["grep -n 'SAMPLE\\|num_warmup\\|num_samples\\|num_thin\\|save_warmup\\|max_treedepth\\|adapt_delta\\|adapt_gamma\\|adapt_kappa\\|adapt_t0\\|adapt_init_buffer\\|adapt_term_buffer\\|adapt_window' /usr/local/lib/python3.12/dist-packages/httpstan/services/arguments.py | head -40\n"] min_timeout_sec: 5.0 max_timeout_sec: 180.0
Sending keys: ["sed -n '/<ray_create>:/,/^$/p' /tmp/disasm.txt\n"] min_timeout_sec: 0.5 max_timeout_sec: 180.0
Sending keys: ["sed -n '/<ray_at>:/,/^$/p' /tmp/disasm.txt\n"] min_timeout_sec: 0.5 max_timeout_sec: 180.0
Trajectory dumped to /home/ubuntu/tb21/jobs/tb21c-8x512k-hyd-p1-s2/rstan-to-pystan__23hYjBt/agent/trajectory.json
Sending keys: ["sed -n '/<sky_color>:/,/^$/p' /tmp/disasm.txt\n"] min_timeout_sec: 0.5 max_timeout_sec: 180.0
Sending keys: ["sed -n '/<is_in_shadow>:/,/^$/p' /tmp/disasm.txt\n"] min_timeout_sec: 0.5 max_timeout_sec: 180.0
Trajectory dumped to /home/ubuntu/tb21/jobs/tb21c-8x512k-hyd-p1-s2/path-tracing__hRnNnre/agent/trajectory.json
Parser warnings: - Extra text detected before JSON object
Sending keys: ["grep -n 'hmc_nuts_diag_e_adapt\\|adapt_\\|max_treedepth\\|num_warmup\\|num_samples\\|num_thin\\|save_warmup\\|RNGSeed\\|random_seed' /usr/local/lib/python3.12/dist-packages/httpstan/services_stub.py | head -60\n"] min_timeout_sec: 5.0 max_timeout_sec: 180.0
Sending keys: ["grep -rn 'make_seed\\|RNGSeed\\|create_fit\\|random_seed + \\|seed + chain\\|chain' /usr/local/lib/python3.12/dist-packages/httpstan/fits.py /usr/local/lib/python3.12/dist-packages/httpstan/routes.py 2>/dev/null | head -30\n"] min_timeout_sec: 5.0 max_timeout_sec: 180.0
Sending keys: ['python3 -c "import httpstan, inspect; import httpstan.services_stub as s; print([n for n in dir(s) if \'adapt\' in n or \'num\' in n or \'treedepth\' in n or \'save\' in n])" 2>&1 | tail -5\n'] min_timeout_sec: 5.0 max_timeout_sec: 180.0
Trajectory dumped to /home/ubuntu/tb21/jobs/tb21c-8x512k-hyd-p1-s2/build-cython-ext__ZtxeDuj/agent/trajectory.json
Trajectory dumped to /home/ubuntu/tb21/jobs/tb21c-8x512k-hyd-p1-s2/rstan-to-pystan__23hYjBt/agent/trajectory.json
Sending keys: ["sed -n '/<sphere_intersect>:/,/^$/p' /tmp/disasm.txt\n"] min_timeout_sec: 0.5 max_timeout_sec: 180.0
Trajectory dumped to /home/ubuntu/tb21/jobs/tb21c-8x512k-hyd-p1-s2/path-tracing__hRnNnre/agent/trajectory.json
Parser warnings: - Extra text detected before JSON object
Parser warnings: - Extra text detected before JSON object
Sending keys: ["find /usr/local/lib/python3.13/site-packages/pyknotid -name '*.so' ; echo '--- also in build dir? ---'; find /app/pyknotid -name '*.so' 2>/dev/null\n"] min_timeout_sec: 0.5 max_timeout_sec: 180.0
Sending keys: ['cd /tmp && python3 -c "\nimport numpy\nprint(\'numpy\', numpy.__version__)\nimport pyknotid\nprint(\'pyknotid from\', pyknotid.__file__)\nfrom pyknotid.spacecurves import chelpers, ccomplexity\nfrom pyknotid import cinvariants\nprint(\'chelpers\', chelpers.__file__)\nprint(\'ccomplexity\', ccomplexity.__file__)\nprint(\'cinvariants\', cinvariants.__file__)\nimport pyknotid.make as mk\nimport pyknotid.spacecurves as sp\nk = sp.Knot(mk.three_twist(num_points=100))\nout = k.alexander_polynomial(-1)\nprint(\'alexander_polynomial(-1) =\', out)\n"\n'] min_timeout_sec: 30.0 max_timeout_sec: 180.0
Sending keys: ["grep -rn 'make_seed' /usr/local/lib/python3.12/dist-packages/httpstan/ 2>/dev/null | grep -v pyc | head -20\n"] min_timeout_sec: 8.0 max_timeout_sec: 180.0
Sending keys: ["sed -n '/<trace>:/,/^$/p' /tmp/disasm.txt > /tmp/trace.txt; cat /tmp/trace.txt\n"] min_timeout_sec: 0.5 max_timeout_sec: 180.0
Trajectory dumped to /home/ubuntu/tb21/jobs/tb21c-8x512k-hyd-p1-s2/path-tracing__hRnNnre/agent/trajectory.json
Trajectory dumped to /home/ubuntu/tb21/jobs/tb21c-8x512k-hyd-p1-s2/train-fasttext__xrA2VrD/agent/trajectory.json
Sending keys: ["grep -rln 'RNGSeed' /usr/local/lib/python3.12/dist-packages/httpstan/ 2>/dev/null | grep -v pyc | head -20\n"] min_timeout_sec: 8.0 max_timeout_sec: 180.0
Sending keys: [''] min_timeout_sec: 60 max_timeout_sec: 180.0
Trajectory dumped to /home/ubuntu/tb21/jobs/tb21c-8x512k-hyd-p1-s2/rstan-to-pystan__23hYjBt/agent/trajectory.json
Trajectory dumped to /home/ubuntu/tb21/jobs/tb21c-8x512k-hyd-p1-s2/build-cython-ext__ZtxeDuj/agent/trajectory.json
Parser warnings: - Extra text detected before JSON object
Sending keys: ['cd /tmp && python3 -c "\nimport numpy as np\nfrom pyknotid.spacecurves import chelpers, ccomplexity\nfrom pyknotid import cinvariants\nimport pyknotid.make as mk\nimport pyknotid.spacecurves as sp\n\n# chelpers.find_crossings in original context\nk = sp.Knot(mk.three_twist(num_points=100))\npts = k.points.astype(float)\nseg = np.linalg.norm(np.diff(pts, axis=0), axis=1)\nmaxseg = seg.max()\nxs = chelpers.find_crossings(pts[0], pts[1]-pts[0], pts, seg, 0, 1, maxseg, 1)\nprint(\'chelpers.find_crossings ok, found\', len(xs), \'for segment 0\')\n\n# cinvariants.vassiliev_degree_3 (cython) via a representation\nfrom pyknotid.representations import GaussCode\ngc = k.gauss_code().simplify()\nfrom pyknotid.invariants import _crossing_arrows_and_signs_numpy, vassiliev_degree_3\narr, signs = _crossing_arrows_and_signs_numpy(np.array(gc._gauss_code[0]), gc.crossing_numbers)\nv3 = vassiliev_degree_3(k, try_cython=True)\nprint(\'vassiliev_degree_3 (cython) =\', v3, \'arrows dtype\', arr.dtype)\n\n# ccomplexity in original context: second order writhes\nfrom pyknotid.spacecurves.complexity import writhe_matrix\ncontribs = writhe_matrix(pts)\nprint(\'writhe_matrix shape\', contribs.shape)\nimport pyknotid.spacecurves.complexity as cx\n# use cython directly\nres = ccomplexity.cython_second_order_writhes(pts, contribs)\nprint(\'ccomplexity.cython_second_order_writhes =\', tuple(round(r,4) for r in res))\nprint(\'ALL EXTENSIONS OK\')\n"\n'] min_timeout_sec: 30.0 max_timeout_sec: 180.0
Parser warnings: - Extra text detected before JSON object
Sending keys: ["awk '/1e8[0-9a-f]:|1e9|1ea|1eb|1ec|1ed|1ee|1ef|1f0|1f1|1f2|1f3|1f4|1f5|1f6|1f7|1f8|1f9|1fa|1fb|1fc|1fd|1fe|1ff|200|201|202|203|204|205|206|207|208/{print}' /tmp/trace.txt | sed -n '1,80p'\n"] min_timeout_sec: 0.5 max_timeout_sec: 180.0
Trajectory dumped to /home/ubuntu/tb21/jobs/tb21c-8x512k-hyd-p1-s2/path-tracing__hRnNnre/agent/trajectory.json
Parser warnings: - Extra text detected before JSON object
Sending keys: ["awk 'NR>1 && /1f[d]|1fe|200|201|202|203|204|205|206|207/' /tmp/trace.txt | sed -n '1,60p'\n"] min_timeout_sec: 0.5 max_timeout_sec: 180.0
Trajectory dumped to /home/ubuntu/tb21/jobs/tb21c-8x512k-hyd-p1-s2/path-tracing__hRnNnre/agent/trajectory.json
Trajectory dumped to /home/ubuntu/tb21/jobs/tb21c-8x512k-hyd-p1-s2/train-fasttext__xrA2VrD/agent/trajectory.json
Trajectory dumped to /home/ubuntu/tb21/jobs/tb21c-8x512k-hyd-p1-s2/build-cython-ext__ZtxeDuj/agent/trajectory.json
Sending keys: [''] min_timeout_sec: 60.0 max_timeout_sec: 180.0
Parser warnings: - Extra text detected before JSON object
Sending keys: ['cd /tmp && python3 -c "\nimport numpy as np\nfrom pyknotid.spacecurves import chelpers, ccomplexity\nfrom pyknotid import cinvariants\nimport pyknotid.make as mk\nimport pyknotid.spacecurves as sp\nimport pyknotid.invariants as inv\n\nk = sp.Knot(mk.three_twist(num_points=100))\npts = k.points.astype(float)\nseg = np.linalg.norm(np.diff(pts, axis=0), axis=1)\nmaxseg = seg.max()\n\n# 1) chelpers in original context\nxs = chelpers.find_crossings(pts[0], pts[1]-pts[0], pts, seg, 0, 1, maxseg, 1)\nprint(\'1) chelpers.find_crossings ok, list len\', len(xs))\n\n# 2) cinvariants.vassiliev_degree_3 directly with int64 arrows\ngc = k.gauss_code()\ngc.simplify()\narr, signs = inv._crossing_arrows_and_signs_numpy(np.array(gc._gauss_code[0]), gc.crossing_numbers)\nprint(\'   arrows dtype\', arr.dtype, arr.shape)\nv_direct = cinvariants.vassiliev_degree_3(arr)\nprint(\'2) cinvariants.vassiliev_degree_3(direct) =\', v_direct)\nv_pub = inv.vassiliev_degree_3(k, try_cython=True)\nprint(\'   invariants.vassiliev_degree_3(k, cython) =\', v_pub, \'(match:\', v_direct == v_pub, \')\')\n\n# 3) ccomplexity with a real writhe matrix\nfrom pyknotid.spacecurves.complexity import writhe_matrix\ncontribs = writhe_matrix(pts).astype(float)\nres = ccomplexity.cython_second_order_writhes(pts, contribs)\nprint(\'3) ccomplexity.cython_second_order_writhes =\', tuple(round(r,5) for r in res))\norder = np.array([0,1,2,3], dtype=np.int64)\nho = ccomplexity.cython_higher_order_writhe(pts, contribs, order)\nprint(\'   ccomplexity.cython_higher_order_writhe =\', round(ho,5))\nprint(\'ALL THREE EXTENSIONS WORK IN ORIGINAL CONTEXT\')\n"\n'] min_timeout_sec: 30.0 max_timeout_sec: 180.0
Parser warnings: - Extra text detected before JSON object
Sending keys: ["find /usr/local/lib/python3.12/dist-packages/httpstan -name '*.so' 2>/dev/null | head\n"] min_timeout_sec: 5.0 max_timeout_sec: 180.0
Sending keys: ['SO=$(find /usr/local/lib/python3.12/dist-packages/httpstan -name \'*.so\' | head -1); echo "SO=$SO"; strings -a "$SO" 2>/dev/null | grep -iE \'init_radius|make_seed|ecuyer|adapt_window|adapt_kappa\' | head -20\n'] min_timeout_sec: 8.0 max_timeout_sec: 180.0
Trajectory dumped to /home/ubuntu/tb21/jobs/tb21c-8x512k-hyd-p1-s2/rstan-to-pystan__23hYjBt/agent/trajectory.json
Parser warnings: - Extra text detected before JSON object
Sending keys: ["find / -path /proc -prune -o \\( -name 'httpstan' -o -name 'libhttpstan*' -o -name 'services.cpp' \\) -print 2>/dev/null | grep -v pyc | head -20\n"] min_timeout_sec: 12.0 max_timeout_sec: 180.0
Trajectory dumped to /home/ubuntu/tb21/jobs/tb21c-8x512k-hyd-p1-s2/build-cython-ext__ZtxeDuj/agent/trajectory.json
Parser warnings: - Extra text detected before JSON object
Sending keys: ["sed -n '/<main>:/,/<_fini>/p' /tmp/disasm.txt > /tmp/main.txt; wc -l /tmp/main.txt\n"] min_timeout_sec: 0.5 max_timeout_sec: 180.0
Sending keys: ["sed -n '1,70p' /tmp/main.txt\n"] min_timeout_sec: 0.5 max_timeout_sec: 180.0
Trajectory dumped to /home/ubuntu/tb21/jobs/tb21c-8x512k-hyd-p1-s2/path-tracing__hRnNnre/agent/trajectory.json
Sending keys: ["grep -rn 'init_radius\\|make_seed\\|httpstan' /usr/local/lib/python3.12/dist-packages/httpstan/__init__.py 2>/dev/null | head; echo '---'; ls -R /usr/local/lib/python3.12/dist-packages/httpstan/src 2>/dev/null | head -40\n"] min_timeout_sec: 8.0 max_timeout_sec: 180.0
Parser warnings: - Extra text detected before JSON object
Sending keys: ["sed -n '70,200p' /tmp/main.txt\n"] min_timeout_sec: 0.5 max_timeout_sec: 180.0
Trajectory dumped to /home/ubuntu/tb21/jobs/tb21c-8x512k-hyd-p1-s2/path-tracing__hRnNnre/agent/trajectory.json
Trajectory dumped to /home/ubuntu/tb21/jobs/tb21c-8x512k-hyd-p1-s2/train-fasttext__xrA2VrD/agent/trajectory.json
Trajectory dumped to /home/ubuntu/tb21/jobs/tb21c-8x512k-hyd-p1-s2/rstan-to-pystan__23hYjBt/agent/trajectory.json
Parser warnings: - Extra text detected before JSON object
Sending keys: ["grep -n 'def _crossing_arrows_and_signs\\|def vassiliev_degree_3\\|return arrows\\|return _vassiliev' /app/pyknotid/pyknotid/invariants.py; echo '--- vassiliev body ---'; sed -n '1142,1165p' /app/pyknotid/pyknotid/invariants.py; sed -n '1225,1250p' /app/pyknotid/pyknotid/invariants.py\n"] min_timeout_sec: 0.3 max_timeout_sec: 180.0
Sending keys: ['cd /tmp && python3 -c "\nimport numpy as np\nfrom pyknotid.spacecurves import chelpers, ccomplexity\nfrom pyknotid import cinvariants\nimport pyknotid.make as mk\nimport pyknotid.spacecurves as sp\nimport pyknotid.invariants as inv\n\nk = sp.Knot(mk.three_twist(num_points=100))\npts = k.points.astype(float)\nseg = np.linalg.norm(np.diff(pts, axis=0), axis=1)\nmaxseg = seg.max()\nxs = chelpers.find_crossings(pts[0], pts[1]-pts[0], pts, seg, 0, 1, maxseg, 1)\nprint(\'1) chelpers.find_crossings ok, list len\', len(xs))\n\ngc = k.gauss_code(); gc.simplify()\narr, signs = inv._crossing_arrows_and_signs(gc._gauss_code[0], gc.crossing_numbers)\nprint(\'   arrows dtype\', arr.dtype, arr.shape)\nv_direct = cinvariants.vassiliev_degree_3(arr)\nprint(\'2) cinvariants.vassiliev_degree_3(direct) =\', v_direct)\nv_pub = inv.vassiliev_degree_3(k, try_cython=True)\nprint(\'   invariants.vassiliev_degree_3(k, cython) =\', v_pub, \'(match:\', v_direct == v_pub, \')\')\n\nfrom pyknotid.spacecurves.complexity import writhe_matrix\ncontribs = writhe_matrix(pts).astype(float)\nres = ccomplexity.cython_second_order_writhes(pts, contribs)\nprint(\'3) ccomplexity.cython_second_order_writhes =\', tuple(round(r,5) for r in res))\norder = np.array([0,1,2,3], dtype=np.int64)\nho = ccomplexity.cython_higher_order_writhe(pts, contribs, order)\nprint(\'   ccomplexity.cython_higher_order_writhe =\', round(ho,5))\nprint(\'ALL THREE EXTENSIONS WORK IN ORIGINAL CONTEXT\')\n"\n'] min_timeout_sec: 30.0 max_timeout_sec: 180.0
Parser warnings: - Extra text detected before JSON object
Sending keys: ["find /usr/local/lib/python3.12/dist-packages/httpstan -maxdepth 2 -not -path '*/include/*' -not -name '*.pyc' 2>/dev/null | head -60\n"] min_timeout_sec: 6.0 max_timeout_sec: 180.0
Sending keys: ["grep -rn 'init_radius\\|def create_fit\\|random_seed\\|make_seed\\|def _call\\|service' /usr/local/lib/python3.12/dist-packages/httpstan/services_stub.py | head -30\n"] min_timeout_sec: 5.0 max_timeout_sec: 180.0
Trajectory dumped to /home/ubuntu/tb21/jobs/tb21c-8x512k-hyd-p1-s2/rstan-to-pystan__23hYjBt/agent/trajectory.json
Parser warnings: - Extra text detected before JSON object
Sending keys: ['python3 -c "\nimport json\nd=json.load(open(\'/usr/local/lib/python3.12/dist-packages/httpstan/services/cmdstan-help-all.json\'))\nprint(type(d))\nif isinstance(d,dict):\n    print(list(d.keys())[:20])\n" 2>&1 | head\n'] min_timeout_sec: 5.0 max_timeout_sec: 180.0
Trajectory dumped to /home/ubuntu/tb21/jobs/tb21c-8x512k-hyd-p1-s2/build-cython-ext__ZtxeDuj/agent/trajectory.json
Sending keys: ['python3 -c "\nimport json\nd=json.load(open(\'/usr/local/lib/python3.12/dist-packages/httpstan/services/cmdstan-help-all.json\'))\ndef walk(o,p=\'\'):\n    if isinstance(o,dict):\n        for k,v in o.items():\n            if any(x in k.lower() for x in [\'init_radius\',\'num_warmup\',\'num_samples\',\'num_thin\',\'save_warmup\',\'max_treedepth\',\'adapt_delta\',\'adapt_gamma\',\'adapt_kappa\',\'adapt_t0\',\'adapt_init_buffer\',\'adapt_term_buffer\',\'adapt_window\']):\n                print(p,k,\'->\',str(v)[:80])\n            walk(v,p+\'/\'+k)\n    elif isinstance(o,list):\n        for i,v in enumerate(o): walk(v,p+f\'[{i}]\')\nwalk(d)\n" 2>&1 | head -60\n'] min_timeout_sec: 5.0 max_timeout_sec: 180.0
Trajectory dumped to /home/ubuntu/tb21/jobs/tb21c-8x512k-hyd-p1-s2/rstan-to-pystan__23hYjBt/agent/trajectory.json
Sending keys: ['cat > /app/train_model.py << \'PYEOF\'\nimport fasttext\nimport os\nimport pyarrow.parquet as pq\n\n# Prepare lowercased data\nprint("Preparing lowercased data...")\nt = pq.read_table(\'/app/data/train-00000-of-00001.parquet\', columns=[\'label\',\'text\'])\nlabels = t.column(\'label\').to_pylist()\ntexts = t.column(\'text\').to_pylist()\nwith open(\'/app/train_lower.txt\', \'w\') as f:\n    for lab, txt in zip(labels, texts):\n        txt = txt.lower().replace(\'\\n\', \' \').replace(\'\\r\', \' \')\n        f.write(\'__label__\' + str(lab) + \' \' + txt + \'\\n\')\nprint(f"Train: {len(labels)} samples")\n\nt2 = pq.read_table(\'/app/data/test-00000-of-00001.parquet\', columns=[\'label\',\'text\'])\nlabels2 = t2.column(\'label\').to_pylist()\ntexts2 = t2.column(\'text\').to_pylist()\nwith open(\'/app/test_lower.txt\', \'w\') as f:\n    for lab, txt in zip(labels2, texts2):\n        txt = txt.lower().replace(\'\\n\', \' \').replace(\'\\r\', \' \')\n        f.write(\'__label__\' + str(lab) + \' \' + txt + \'\\n\')\nprint(f"Test: {len(labels2)} samples")\n\n# Train model\nprint("\\nTraining model...")\nmodel = fasttext.train_supervised(\n    input=\'/app/train_lower.txt\',\n    dim=100,\n    wordNgrams=2,\n    epoch=25,\n    lr=0.5,\n    thread=32,\n    minCount=1,\n    bucket=2000000,\n    verbose=2\n)\n\n# Test before quantization\nresult = model.test(\'/app/test_lower.txt\')\nprint(f\'\\nBefore quantize - Accuracy: {result[1]:.4f}\')\n\n# Quantize to reduce size\nprint("\\nQuantizing model...")\nmodel.quantize(input=\'/app/train_lower.txt\', qnorm=True, retrain=True, cutoff=1000000, dsub=2, epoch=5, lr=0.1)\n\n# Test after quantization\nresult = model.test(\'/app/test_lower.txt\')\nprint(f\'After quantize - Accuracy: {result[1]:.4f}\')\n\nmodel.save_model(\'/app/model.bin\')\nsize_mb = os.path.getsize(\'/app/model.bin\') / (1024*1024)\nprint(f\'Model size: {size_mb:.2f} MB\')\nprint(f"\\nSize < 150MB: {size_mb < 150}")\nprint(f"Accuracy >= 0.62: {result[1] >= 0.62}")\nPYEOF\n'] min_timeout_sec: 0.5 max_timeout_sec: 180.0
Sending keys: ['python3 /app/train_model.py 2>&1\n'] min_timeout_sec: 60.0 max_timeout_sec: 180.0
Parser warnings: - Extra text detected before JSON object
Sending keys: ["grep -n 'def _crossing_arrows_and_signs\\|def vassiliev_degree_3\\|arrows' /app/pyknotid/pyknotid/invariants.py | head -40\n"] min_timeout_sec: 0.3 max_timeout_sec: 180.0
Sending keys: ["sed -n '1142,1166p' /app/pyknotid/pyknotid/invariants.py; echo '======== numpy arrows helper ========'; sed -n '1225,1260p' /app/pyknotid/pyknotid/invariants.py\n"] min_timeout_sec: 0.3 max_timeout_sec: 180.0
Parser warnings: - Extra text detected before JSON object
Sending keys: ['python3 -c "\nimport json\nd=json.load(open(\'/usr/local/lib/python3.12/dist-packages/httpstan/services/cmdstan-help-all.json\'))\nprint(\'METHOD:\', json.dumps(d[\'method\'])[:500])\nprint(\'OUTPUT keys:\', list(d[\'output\'].keys()) if isinstance(d[\'output\'],dict) else type(d[\'output\']))\n" 2>&1 | head -20\n'] min_timeout_sec: 5.0 max_timeout_sec: 180.0
Trajectory dumped to /home/ubuntu/tb21/jobs/tb21c-8x512k-hyd-p1-s2/build-cython-ext__ZtxeDuj/agent/trajectory.json
Sending keys: ['grep -o \'"[a-z_]*"\' /usr/local/lib/python3.12/dist-packages/httpstan/services/cmdstan-help-all.json | sort -u | grep -iE \'init_radius|num_warmup|num_samples|num_thin|save_warmup|treedepth|adapt\' | head -40\n'] min_timeout_sec: 5.0 max_timeout_sec: 180.0
Trajectory dumped to /home/ubuntu/tb21/jobs/tb21c-8x512k-hyd-p1-s2/rstan-to-pystan__23hYjBt/agent/trajectory.json
Parser warnings: - Extra text detected before JSON object
Sending keys: ['python3 -c "\nimport json\nd=json.load(open(\'/usr/local/lib/python3.12/dist-packages/httpstan/services/cmdstan-help-all.json\'))\nfor a in d[\'method\'][\'sample\']:\n    print(a[\'name\'], a[\'type\'], a.get(\'default\'))\n" 2>&1 | head -60\n'] min_timeout_sec: 5.0 max_timeout_sec: 180.0
Sending keys: ['cat /usr/local/lib/python3.12/dist-packages/httpstan/services/arguments.py\n'] min_timeout_sec: 5.0 max_timeout_sec: 180.0
Parser warnings: - Extra text detected before JSON object
Sending keys: ['cd /tmp && python3 -c "\nimport numpy as np\nfrom pyknotid.spacecurves import chelpers, ccomplexity\nfrom pyknotid import cinvariants\nimport pyknotid.make as mk\nimport pyknotid.spacecurves as sp\nimport pyknotid.invariants as inv\n\nk = sp.Knot(mk.three_twist(num_points=100))\npts = k.points.astype(float)\nseg = np.linalg.norm(np.diff(pts, axis=0), axis=1)\nmaxseg = seg.max()\nxs = chelpers.find_crossings(pts[0], pts[1]-pts[0], pts, seg, 0, 1, maxseg, 1)\nprint(\'1) chelpers.find_crossings ok, list len\', len(xs))\n\ng = k.gauss_code(); g.simplify()\narrows = inv._crossing_arrows_and_signs_numpy(g._gauss_code[0], g.crossing_numbers)\nprint(\'   arrows dtype\', arrows.dtype, \'shape\', arrows.shape)\nv_direct = cinvariants.vassiliev_degree_3(arrows)\nprint(\'2) cinvariants.vassiliev_degree_3(direct) =\', v_direct)\nv_pub = inv.vassiliev_degree_3(k, try_cython=True)\nprint(\'   invariants.vassiliev_degree_3(k, cython) =\', v_pub, \'(match:\', v_direct == v_pub, \')\')\n\nfrom pyknotid.spacecurves.complexity import writhe_matrix\ncontribs = writhe_matrix(pts).astype(float)\nres = ccomplexity.cython_second_order_writhes(pts, contribs)\nprint(\'3) ccomplexity.cython_second_order_writhes =\', tuple(round(r,5) for r in res))\norder = np.array([0,1,2,3], dtype=np.int64)\nho = ccomplexity.cython_higher_order_writhe(pts, contribs, order)\nprint(\'   ccomplexity.cython_higher_order_writhe =\', round(ho,5))\nprint(\'ALL THREE EXTENSIONS WORK IN ORIGINAL CONTEXT\')\n"\n'] min_timeout_sec: 30.0 max_timeout_sec: 180.0
Trajectory dumped to /home/ubuntu/tb21/jobs/tb21c-8x512k-hyd-p1-s2/rstan-to-pystan__23hYjBt/agent/trajectory.json
Trajectory dumped to /home/ubuntu/tb21/jobs/tb21c-8x512k-hyd-p1-s2/build-cython-ext__ZtxeDuj/agent/trajectory.json
Trajectory dumped to /home/ubuntu/tb21/jobs/tb21c-8x512k-hyd-p1-s2/train-fasttext__xrA2VrD/agent/trajectory.json
Sending keys: [''] min_timeout_sec: 60.0 max_timeout_sec: 180.0
Parser warnings: - Extra text detected before JSON object
Sending keys: ['cd /tmp && python3 -c "\nimport numpy as np\nfrom pyknotid.spacecurves import chelpers, ccomplexity\nfrom pyknotid import cinvariants\nimport pyknotid.make as mk\nimport pyknotid.spacecurves as sp\nimport pyknotid.invariants as inv\n\nk = sp.Knot(mk.three_twist(num_points=100))\ng = k.gauss_code(); g.simplify()\narrows = inv._crossing_arrows_and_signs_numpy(g._gauss_code[0], g.crossing_numbers)\nprint(\'cinvariants.vassiliev_degree_3(direct) =\', cinvariants.vassiliev_degree_3(arrows))\nprint(\'public cython vassiliev(g)             =\', inv.vassiliev_degree_3(g, try_cython=True))\n\nk2 = sp.Knot(mk.trefoil(num_points=40))\npts2 = k2.points.astype(float)\nfrom pyknotid.spacecurves.complexity import writhe_matrix\ncontribs2 = writhe_matrix(pts2).astype(float)\nres = ccomplexity.cython_second_order_writhes(pts2, contribs2)\nprint(\'ccomplexity.cython_second_order_writhes =\', tuple(round(r,5) for r in res))\norder = np.array([0,1,2,3], dtype=np.int64)\nho = ccomplexity.cython_higher_order_writhe(pts2, contribs2, order)\nprint(\'ccomplexity.cython_higher_order_writhe  =\', round(ho,5))\nprint(\'ALL THREE EXTENSIONS WORK IN ORIGINAL CONTEXT\')\n" 2>&1 | grep -vE \'^\\r?\\s*(cython i1|nbp cython i1|i = [0-9])\' | tail -20\n'] min_timeout_sec: 60.0 max_timeout_sec: 180.0
Parser warnings: - Extra text detected before JSON object
Sending keys: ['python3 -c "\nimport struct\ndata=open(\'/app/orig\',\'rb\').read()\n# rodata section: find the floats from 0x312c to 0x31b0\nimport re\n# We know rodata at file offset? use section header. Instead just scan the known addresses by reading ELF. Simpler: print known ones.\nfor a in [0x312c,0x3130,0x3150,0x3160,0x3170,0x3174,0x3178,0x317c,0x3180,0x3184,0x3188,0x318c,0x3190,0x3194,0x3198,0x319c,0x31a0,0x31a4,0x31a8,0x31ac]:\n    b=data[a+0x0*0]  # not valid, skip\n" 2>/dev/null; echo \'---\'; sed -n \'/<plane_intersect>:/,/^$/p\' /tmp/disasm.txt\n'] min_timeout_sec: 0.5 max_timeout_sec: 180.0
Trajectory dumped to /home/ubuntu/tb21/jobs/tb21c-8x512k-hyd-p1-s2/path-tracing__hRnNnre/agent/trajectory.json
Trajectory dumped to /home/ubuntu/tb21/jobs/tb21c-8x512k-hyd-p1-s2/build-cython-ext__ZtxeDuj/agent/trajectory.json
Trajectory dumped to /home/ubuntu/tb21/jobs/tb21c-8x512k-hyd-p1-s2/train-fasttext__xrA2VrD/agent/trajectory.json
Sending keys: [''] min_timeout_sec: 60 max_timeout_sec: 180.0
Parser warnings: - Extra text detected before JSON object
Sending keys: ["grep -n 'def \\|ccomplexity\\|contributions' /app/pyknotid/pyknotid/spacecurves/complexity.py | head -40\n"] min_timeout_sec: 0.3 max_timeout_sec: 180.0
Sending keys: ["grep -n 'def \\|ccomplexity\\|import ccomplexity\\|from.*complexity' /app/pyknotid/pyknotid/spacecurves/knot.py /app/pyknotid/pyknotid/spacecurves/openknot.py | grep -i 'complex\\|writhe' | head -30\n"] min_timeout_sec: 0.3 max_timeout_sec: 180.0
Trajectory dumped to /home/ubuntu/tb21/jobs/tb21c-8x512k-hyd-p1-s2/build-cython-ext__ZtxeDuj/agent/trajectory.json
Parser warnings: - Extra text detected before JSON object
Sending keys: ['cd /tmp && python3 -c "\nimport numpy as np\nimport pyknotid.make as mk\nimport pyknotid.spacecurves as sp\nfrom pyknotid.spacecurves.complexity import second_order_writhes, higher_order_writhe_integral\nk = sp.Knot(mk.trefoil(num_points=50))\nres = second_order_writhes(k.points, try_cython=True)\nprint(\'ccomplexity via second_order_writhes =\', tuple(round(float(r),5) for r in res))\nho = higher_order_writhe_integral(k.points, order=(1,3,2,4), try_cython=True)\nprint(\'ccomplexity via higher_order_writhe_integral =\', round(float(ho),5))\nprint(\'CCOMPLEXITY OK\')\n" 2>&1 | grep -vE \'i1 [0-9]\' | tail -10\n'] min_timeout_sec: 60.0 max_timeout_sec: 180.0
Parser warnings: - Extra text detected before JSON object
Sending keys: ["grep -n 'random_seed\\|ecuyer\\|make_seed\\|RNG\\|seed' /usr/local/lib/python3.12/dist-packages/httpstan/stan_services.cpp 2>/dev/null | head -30\n"] min_timeout_sec: 5.0 max_timeout_sec: 180.0
Sending keys: ['python3 -c "import setuptools; print(\'setuptools\', setuptools.__version__)" 2>&1 | tail -2\n'] min_timeout_sec: 5.0 max_timeout_sec: 180.0
Trajectory dumped to /home/ubuntu/tb21/jobs/tb21c-8x512k-hyd-p1-s2/rstan-to-pystan__23hYjBt/agent/trajectory.json
Trajectory dumped to /home/ubuntu/tb21/jobs/tb21c-8x512k-hyd-p1-s2/train-fasttext__xrA2VrD/agent/trajectory.json
Trajectory dumped to /home/ubuntu/tb21/jobs/tb21c-8x512k-hyd-p1-s2/build-cython-ext__ZtxeDuj/agent/trajectory.json
Sending keys: [''] min_timeout_sec: 60 max_timeout_sec: 180.0
Parser warnings: - Extra text detected before JSON object
Sending keys: ["sed -n '267,305p' /usr/local/lib/python3.12/dist-packages/httpstan/stan_services.cpp\n"] min_timeout_sec: 5.0 max_timeout_sec: 180.0
Parser warnings: - Extra text detected before JSON object
Sending keys: ['cd /tmp && python3 -m pytest /app/pyknotid/tests/test_knot.py /app/pyknotid/tests/test_spacecurve.py -v 2>&1 | tail -60\n'] min_timeout_sec: 60 max_timeout_sec: 180.0
Sending keys: ["sed -n '360,380p' /usr/local/lib/python3.12/dist-packages/httpstan/stan_services.cpp\n"] min_timeout_sec: 5.0 max_timeout_sec: 180.0
Trajectory dumped to /home/ubuntu/tb21/jobs/tb21c-8x512k-hyd-p1-s2/rstan-to-pystan__23hYjBt/agent/trajectory.json
Parser warnings: - Extra text detected before JSON object
Sending keys: ["sed -n '1,120p' /usr/local/lib/python3.12/dist-packages/httpstan/fits.py\n"] min_timeout_sec: 5.0 max_timeout_sec: 180.0
Parser warnings: - Extra text detected before JSON object
Sending keys: ["objdump -h /app/orig | grep -iE 'debug|symtab'; echo '---sections---'; readelf -S /app/orig 2>/dev/null | grep -iE 'debug' || echo 'no readelf/debug'\n"] min_timeout_sec: 0.5 max_timeout_sec: 180.0
Sending keys: ["sed -n '200,340p' /tmp/main.txt\n"] min_timeout_sec: 0.5 max_timeout_sec: 180.0
Trajectory dumped to /home/ubuntu/tb21/jobs/tb21c-8x512k-hyd-p1-s2/path-tracing__hRnNnre/agent/trajectory.json
Trajectory dumped to /home/ubuntu/tb21/jobs/tb21c-8x512k-hyd-p1-s2/rstan-to-pystan__23hYjBt/agent/trajectory.json
Trajectory dumped to /home/ubuntu/tb21/jobs/tb21c-8x512k-hyd-p1-s2/build-cython-ext__ZtxeDuj/agent/trajectory.json
Trajectory dumped to /home/ubuntu/tb21/jobs/tb21c-8x512k-hyd-p1-s2/train-fasttext__xrA2VrD/agent/trajectory.json
Parser warnings: - Extra text detected before JSON object
Sending keys: ["sed -n '120,260p' /usr/local/lib/python3.12/dist-packages/httpstan/fits.py\n"] min_timeout_sec: 5.0 max_timeout_sec: 180.0
Sending keys: [''] min_timeout_sec: 60 max_timeout_sec: 180.0
Trajectory dumped to /home/ubuntu/tb21/jobs/tb21c-8x512k-hyd-p1-s2/rstan-to-pystan__23hYjBt/agent/trajectory.json
Parser warnings: - Extra text detected before JSON object
Sending keys: ["grep -n 'test_reconstructed_space_curve' /app/pyknotid/tests/test_spacecurve.py; echo '--- test body ---'; sed -n '/def test_reconstructed_space_curve/,/def /p' /app/pyknotid/tests/test_spacecurve.py | head -40\n"] min_timeout_sec: 0.3 max_timeout_sec: 180.0
Sending keys: ["sed -n '315,400p' /app/pyknotid/pyknotid/representations/representation.py\n"] min_timeout_sec: 0.3 max_timeout_sec: 180.0
Sending keys: ['python3 -c "import planarity, inspect; print(planarity.__version__ if hasattr(planarity,\'__version__\') else \'n/a\'); print([x for x in dir(planarity) if not x.startswith(\'_\')]); print(\'---PGraph methods---\'); print([x for x in dir(planarity.PGraph) if not x.startswith(\'__\')])"\n'] min_timeout_sec: 2.0 max_timeout_sec: 180.0
Sending keys: ["wc -l /usr/local/lib/python3.12/dist-packages/httpstan/fits.py; echo '==='; cat /usr/local/lib/python3.12/dist-packages/httpstan/fits.py | sed -n '44,120p'\n"] min_timeout_sec: 5.0 max_timeout_sec: 180.0
Trajectory dumped to /home/ubuntu/tb21/jobs/tb21c-8x512k-hyd-p1-s2/build-cython-ext__ZtxeDuj/agent/trajectory.json
Trajectory dumped to /home/ubuntu/tb21/jobs/tb21c-8x512k-hyd-p1-s2/rstan-to-pystan__23hYjBt/agent/trajectory.json
Parser warnings: - Extra text detected before JSON object
Sending keys: ['cat /usr/local/lib/python3.12/dist-packages/httpstan/services_stub.py\n'] min_timeout_sec: 5.0 max_timeout_sec: 180.0
Trajectory dumped to /home/ubuntu/tb21/jobs/tb21c-8x512k-hyd-p1-s2/rstan-to-pystan__23hYjBt/agent/trajectory.json
Parser warnings: - Extra text detected before JSON object
Sending keys: ['python3 -c "import planarity, inspect; print(inspect.getsource(planarity.networkx_graph))"\n'] min_timeout_sec: 2.0 max_timeout_sec: 180.0
Sending keys: ['python3 -c "import planarity, inspect; src=inspect.getsource(planarity.PGraph); print(src[:3000])"\n'] min_timeout_sec: 2.0 max_timeout_sec: 180.0
Trajectory dumped to /home/ubuntu/tb21/jobs/tb21c-8x512k-hyd-p1-s2/build-cython-ext__ZtxeDuj/agent/trajectory.json
Parser warnings: - Extra text detected before JSON object
Sending keys: ['python3 -c "\nimport networkx as nx, planarity\ng = nx.Graph()\ng.add_edges_from([(0,1),(1,2),(2,3),(3,0),(0,2)])\npg = planarity.PGraph(g)\npg.embed_drawplanar()\ng2 = planarity.networkx_graph(pg)\nprint(\'=== node data ===\')\nfor n, data in g2.nodes(data=True):\n    print(n, dict(data))\nprint(\'=== edge data ===\')\nfor a, b, data in g2.edges(data=True):\n    print((a,b), dict(data))\n"\n'] min_timeout_sec: 2.0 max_timeout_sec: 180.0
Trajectory dumped to /home/ubuntu/tb21/jobs/tb21c-8x512k-hyd-p1-s2/build-cython-ext__ZtxeDuj/agent/trajectory.json
Trajectory dumped to /home/ubuntu/tb21/jobs/tb21c-8x512k-hyd-p1-s2/train-fasttext__xrA2VrD/agent/trajectory.json
Sending keys: [''] min_timeout_sec: 60 max_timeout_sec: 180.0
Parser warnings: - Extra text detected before JSON object
Sending keys: ["grep -n 'g = planarity.networkx_graph(pg)' /app/pyknotid/pyknotid/representations/representation.py\n"] min_timeout_sec: 0.2 max_timeout_sec: 180.0
Sending keys: ['cat > /tmp/fix_planarity.py << \'PYEOF\'\np = \'/app/pyknotid/pyknotid/representations/representation.py\'\nwith open(p) as f:\n    text = f.read()\n\nanchor = "        g = planarity.networkx_graph(pg)\\n"\nassert text.count(anchor) == 1, "anchor not unique: %d" % text.count(anchor)\n\nblock = \'\'\'        g = planarity.networkx_graph(pg)\n\n        # Compatibility with planarity >= 1.0, which renamed the\n        # drawplanar attributes (node: pos/start/end ->\n        # vertex_position/vertex_start/vertex_end; edge: pos/start/end ->\n        # edge_position/edge_start/edge_end). Restore the historical\n        # names that pyknotid expects below.\n        _node_map = {\'pos\': \'vertex_position\',\n                     \'start\': \'vertex_start\',\n                     \'end\': \'vertex_end\'}\n        _edge_map = {\'pos\': \'edge_position\',\n                     \'start\': \'edge_start\',\n                     \'end\': \'edge_end\'}\n        if g.number_of_nodes():\n            _sample = g.nodes.data()[next(iter(g.nodes))]\n            if _node_map[\'pos\'] in _sample:\n                for _data in g.nodes(data=True):\n                    _d = _data[1]\n                    for _old, _new in _node_map.items():\n                        if _new in _d:\n                            _d[_old] = _d.pop(_new)\n        if g.number_of_edges():\n            _e = next(iter(g.edges))\n            _esample = g.edges.data()[_e]\n            if _edge_map[\'pos\'] in _esample:\n                for _data in g.edges(data=True):\n                    _d = _data[2]\n                    for _old, _new in _edge_map.items():\n                        if _new in _d:\n                            _d[_old] = _d.pop(_new)\n\'\'\'\n\ntext = text.replace(anchor, block, 1)\nwith open(p, \'w\') as f:\n    f.write(text)\nprint(\'patched representation.py\')\nPYEOF\npython3 /tmp/fix_planarity.py\n'] min_timeout_sec: 1.0 max_timeout_sec: 180.0
Parser warnings: - Extra text detected before JSON object
Sending keys: ["grep -n 'def to_frame\\|_1\\|column\\|param\\|def __init__\\|self._param\\|constrained\\|def ' /usr/local/lib/python3.12/dist-packages/stan/fit.py | head -40\n"] min_timeout_sec: 5.0 max_timeout_sec: 180.0
Sending keys: ["sed -n '318,350p' /app/pyknotid/pyknotid/representations/representation.py\n"] min_timeout_sec: 0.2 max_timeout_sec: 180.0
Trajectory dumped to /home/ubuntu/tb21/jobs/tb21c-8x512k-hyd-p1-s2/build-cython-ext__ZtxeDuj/agent/trajectory.json
Trajectory dumped to /home/ubuntu/tb21/jobs/tb21c-8x512k-hyd-p1-s2/rstan-to-pystan__23hYjBt/agent/trajectory.json
Parser warnings: - Extra text detected before JSON object
Sending keys: ['python3 -c "import networkx as nx; g=nx.Graph(); g.add_edge(0,1); print(\'node data idx:\', g.nodes.data()[0]); print(\'edge data idx:\', g.edges.data()[(0,1)])"\n'] min_timeout_sec: 2.0 max_timeout_sec: 180.0
Sending keys: ['cd /app/pyknotid && pip install --no-build-isolation --no-deps . 2>&1 | tail -6\n'] min_timeout_sec: 60 max_timeout_sec: 180.0
Parser warnings: - Extra text detected before JSON object
Sending keys: ["sed -n '18,45p' /usr/local/lib/python3.12/dist-packages/stan/model.py\n"] min_timeout_sec: 5.0 max_timeout_sec: 180.0
Trajectory dumped to /home/ubuntu/tb21/jobs/tb21c-8x512k-hyd-p1-s2/rstan-to-pystan__23hYjBt/agent/trajectory.json
Trajectory dumped to /home/ubuntu/tb21/jobs/tb21c-8x512k-hyd-p1-s2/train-fasttext__xrA2VrD/agent/trajectory.json
Sending keys: [''] min_timeout_sec: 60 max_timeout_sec: 180.0
Parser warnings: - Extra text detected before JSON object
Sending keys: ["cat > /tmp/analyze.py <<'EOF'\nimport sys\ndef load_ppm(path):\n    with open(path,'rb') as f:\n        data=f.read()\n    assert data[:2]==b'P3'\n    # parse header tokens\n    idx=2\n    toks=[]\n    while len(toks)<4:\n        while idx<len(data) and data[idx] in b' \\t\\r\\n':\n            idx+=1\n        if data[idx:idx+1]==b'#':\n            while idx<len(data) and data[idx] not in b'\\n':\n                idx+=1\n            continue\n        start=idx\n        while idx<len(data) and data[idx] not in b' \\t\\r\\n':\n            idx+=1\n        toks.append(int(data[start:idx]))\n    # after 4 tokens, single whitespace\n    while idx<len(data) and data[idx] in b' \\t\\r\\n':\n        idx+=1\n    W,H,maxv=toks[0],toks[1],toks[2]\n    rest=data[idx:].split()\n    vals=[int(x) for x in rest]\n    assert len(vals)>=W*H*3, (len(vals), W*H*3)\n    px=[[ (vals[(y*W+x)*3],vals[(y*W+x)*3+1],vals[(y*W+x)*3+2]) for x in range(W)] for y in range(H)]\n    return W,H,px\nW,H,px=load_ppm('/app/image.ppm')\nprint('size',W,H)\ndef bri(p): return 0.299*p[0]+0.587*p[1]+0.114*p[2]\nchars=' .:-=+*#%@'\ndef show(sx=80, sy=45):\n    for gy in range(sy):\n        row=''\n        for gx in range(sx):\n            x=int(gx*W/sx); y=int(gy*H/sy)\n            b=bri(px[y][x])\n            row+=chars[min(9,int(b/256*10))]\n        print(row)\nshow()\nprint('corners:')\nprint(' TL', px[0][0], 'TR', px[0][W-1])\nprint(' BL', px[H-1][0], 'BR', px[H-1][W-1])\nprint(' center', px[H//2][W//2])\n# find bright/red pixels (ball)\nbest=None\nfor y in range(0,H,3):\n    for x in range(0,W,3):\n        r,g,b=px[y][x]\n        if r>120 and g<120 and b<120:\n            best=(x,y,r,g,b)\nprint('reddish sample', best)\nEOF\npython3 /tmp/analyze.py\n"] min_timeout_sec: 30.0 max_timeout_sec: 180.0
Trajectory dumped to /home/ubuntu/tb21/jobs/tb21c-8x512k-hyd-p1-s2/build-cython-ext__ZtxeDuj/agent/trajectory.json
Trajectory dumped to /home/ubuntu/tb21/jobs/tb21c-8x512k-hyd-p1-s2/path-tracing__hRnNnre/agent/trajectory.json
Parser warnings: - Extra text detected before JSON object
Sending keys: ['python3 -c "import networkx as nx; g=nx.Graph(); g.add_edge(0,1); print(\'g.nodes[0]:\', g.nodes[0]); print(\'g.edges[(0,1)]:\', g.edges[(0,1)])"\n'] min_timeout_sec: 2.0 max_timeout_sec: 180.0
Sending keys: ['cat > /tmp/fix_planarity2.py << \'PYEOF\'\np = \'/app/pyknotid/pyknotid/representations/representation.py\'\nwith open(p) as f:\n    text = f.read()\n\n# Replace the two non-subscriptable .data()[...] sampling expressions\nold_node = "            _sample = g.nodes.data()[next(iter(g.nodes))]\\n"\nnew_node = "            _sample = g.nodes[next(iter(g.nodes))]\\n"\nold_edge = "            _esample = g.edges.data()[_e]\\n"\nnew_edge = "            _esample = g.edges[_e]\\n"\n\ncn = text.count(old_node); ce = text.count(old_edge)\nprint(\'node line count\', cn, \'edge line count\', ce)\nassert cn == 1 and ce == 1\ntext = text.replace(old_node, new_node, 1)\ntext = text.replace(old_edge, new_edge, 1)\nwith open(p, \'w\') as f:\n    f.write(text)\nprint(\'fixed data-view indexing\')\nPYEOF\npython3 /tmp/fix_planarity2.py\n'] min_timeout_sec: 1.0 max_timeout_sec: 180.0
Sending keys: ["sed -n '333,352p' /app/pyknotid/pyknotid/representations/representation.py\n"] min_timeout_sec: 0.2 max_timeout_sec: 180.0
Sending keys: ['cd /app/pyknotid && pip install --no-build-isolation --no-deps . 2>&1 | tail -4\n'] min_timeout_sec: 60 max_timeout_sec: 180.0
Parser warnings: - Extra text detected before JSON object
Sending keys: ['cat > /app/pystan_analysis.py << \'PYEOF\'\nimport json\nimport numpy as np\nimport pandas as pd\nimport stan\n\n# ---------------------------------------------------------------------------\n# 1. Read the same data files as the R script\n# ---------------------------------------------------------------------------\nwith open("/app/meta_public.json") as f:\n    meta_pub = json.load(f)\n\ntrain_X = pd.read_csv("/app/train_X.csv").to_numpy()   # (N, D)\ntest_X  = pd.read_csv("/app/test_X.csv").to_numpy()    # (N_new, D)\ntrain_y = pd.read_csv("/app/train_y.csv")["y"].to_numpy()  # (N,)\n\nP = int(meta_pub["P"])\njitter = float(meta_pub["jitter"])\n\nN = train_X.shape[0]\nD = train_X.shape[1]\nN_new = test_X.shape[0]\n\n# H = cbind(1, X[,1], X[,2])  (1-indexed in R -> columns 0 and 1 in python)\nH = np.column_stack([np.ones(N), train_X[:, 0], train_X[:, 1]])\nif N_new > 0:\n    H_new = np.column_stack([np.ones(N_new), test_X[:, 0], test_X[:, 1]])\n    X_new = test_X\nelse:\n    H_new = np.zeros((0, P))\n    X_new = np.zeros((0, D))\n\nprint(f"N={N} D={D} P={P} N_new={N_new} jitter={jitter}")\nprint(f"H shape={H.shape}  H_new shape={H_new.shape}")\n\ndata = dict(\n    N=int(N),\n    D=int(D),\n    X=train_X.tolist(),\n    P=int(P),\n    H=H.tolist(),\n    y=train_y.tolist(),\n    jitter=float(jitter),\n    N_new=int(N_new),\n    X_new=X_new.tolist(),\n    H_new=H_new.tolist(),\n)\n\n# ---------------------------------------------------------------------------\n# 2. Stan model (functionally equivalent to the R script\'s model)\n# ---------------------------------------------------------------------------\nstan_code = ""\nfunctions {\n  matrix cov_ard_sqexp(matrix X, vector rho, real alpha, real jitter) {\n    int N = rows(X);\n    int D = cols(X);\n    matrix[N, N] K;\n\n    for (i in 1:N) {\n      K[i, i] = square(alpha) + jitter;\n      for (j in (i + 1):N) {\n        real s = 0;\n        for (d in 1:D) {\n          real t = (X[i, d] - X[j, d]) / rho[d];\n          s += t * t;\n        }\n        K[i, j] = square(alpha) * exp(-0.5 * s);\n        K[j, i] = K[i, j];\n      }\n    }\n    return K;\n  }\n\n  matrix cross_cov_ard(matrix X, matrix X_new, vector rho, real alpha) {\n    int N = rows(X);\n    int M = rows(X_new);\n    int D = cols(X); // == cols(X_new)\n    matrix[N, M] Kx;\n    for (i in 1:N) {\n      for (j in 1:M) {\n        real s = 0;\n        for (d in 1:D) {\n          real t = (X[i, d] - X_new[j, d]) / rho[d];\n          s += t * t;\n        }\n        Kx[i, j] = square(alpha) * exp(-0.5 * s);\n      }\n    }\n    return Kx;\n  }\n}\n\ndata {\n  int<lower=1> N;\n  int<lower=1> D;\n  matrix[N, D] X;\n  int<lower=1> P;\n  matrix[N, P] H;\n  vector[N] y;\n  real<lower=0> jitter;\n\n  int<lower=0> N_new;\n  matrix[N_new, D] X_new;\n  matrix[N_new, P] H_new;\n}\n\nparameters {\n  vector[P] beta;\n  real<lower=0> alpha;\n  vector<lower=0>[D] rho;\n  real<lower=0> sigma;\n}\n\ntransformed parameters {\n  vector[N] mu = H * beta;\n  matrix[N, N] K = cov_ard_sqexp(X, rho, alpha, jitter)\n                   + diag_matrix(rep_vector(square(sigma), N));\n  matrix[N, N] L_K = cholesky_decompose(K);\n}\n\nmodel {\n  beta  ~ normal(0, 1);\n  alpha ~ normal(0, 1.5);\n  rho   ~ lognormal(0, 1);\n  sigma ~ normal(0, 0.5);\n  y ~ multi_normal_cholesky(mu, L_K);\n}\n\ngenerated quantities {\n  vector[N_new] y_new;\n  if (N_new > 0) {\n    matrix[N, N_new] K_x_xnew = cross_cov_ard(X, X_new, rho, alpha);\n    matrix[N_new, N_new] K_new = cov_ard_sqexp(X_new, rho, alpha, jitter);\n    vector[N] resid = y - (H * beta);\n\n    vector[N] alpha_vec = mdivide_left_tri_low(L_K, resid);\n    alpha_vec = mdivide_left_tri_low(L_K\', alpha_vec);\n\n    vector[N_new] f_mean = (K_x_xnew\' * alpha_vec);\n    matrix[N, N_new] v = mdivide_left_tri_low(L_K, K_x_xnew);\n    vector[N_new] f_var = to_vector(diagonal(K_new)) - to_vector(columns_dot_self(v));\n    for (m in 1:N_new) {\n      real m_mean = (H_new[m] * beta) + f_mean[m];\n      real m_sd   = sqrt(f_var[m] + square(sigma));\n      y_new[m] = normal_rng(m_mean, m_sd);\n    }\n  }\n}\n"""\n\n# ---------------------------------------------------------------------------\n# 3. Build the model (random_seed must be 1)\n# ---------------------------------------------------------------------------\nprint("Building Stan model (compiling C++ this may take a few minutes)...")\nmodel = stan.build(stan_code, data=data, random_seed=1)\n\n# ---------------------------------------------------------------------------\n# 4. Posterior sampling with hyperparameters equivalent to the R script:\n#    chains=4, iter=2000, warmup=1000, thin=2, seed=1, init_r=0.1,\n#    control: adapt_delta=0.93, max_treedepth=14, adapt_gamma=0.05,\n#             adapt_kappa=0.75, adapt_t0=10, adapt_init_buffer=100,\n#             adapt_term_buffer=50, adapt_window=25, save_warmup=FALSE\n# ---------------------------------------------------------------------------\nprint("Sampling...")\nfit = model.sample(\n    num_chains=4,\n    num_samples=1000,   # iter - warmup\n    num_warmup=1000,\n    num_thin=2,\n    save_warmup=False,\n    init_radius=0.1,\n    max_depth=14,       # max_treedepth\n    delta=0.93,         # adapt_delta\n    gamma=0.05,         # adapt_gamma\n    kappa=0.75,         # adapt_kappa\n    t0=10,              # adapt_t0\n    init_buffer=100,    # adapt_init_buffer\n    term_buffer=50,     # adapt_term_buffer\n    window=25,          # adapt_window\n)\n\nprint("Sampling complete.")\n\n# ---------------------------------------------------------------------------\n# 5. Extract posterior samples and compute posterior means\n#    (equivalent to rstan::extract + mean/colMeans)\n# ---------------------------------------------------------------------------\nalpha_draws = np.asarray(fit["alpha"]).ravel()      # (n_total,)\nsigma_draws = np.asarray(fit["sigma"]).ravel()      # (n_total,)\nrho_draws   = np.asarray(fit["rho"])                # (D, n_total)\nbeta_draws  = np.asarray(fit["beta"])               # (P, n_total)\n\nprint("num posterior draws (per scalar):", alpha_draws.shape[0])\n\nalpha_mean = float(alpha_draws.mean())\nsigma_mean = float(sigma_draws.mean())\nrho_mean = rho_draws.mean(axis=1)   # per-dimension mean (== colMeans)\nbeta_mean = beta_draws.mean(axis=1) # per-element mean  (== colMeans)\n\nprint("Posterior means:")\nprint("alpha:", alpha_mean)\nprint("sigma:", sigma_mean)\nprint("rho:  ", np.round(rho_mean, 6))\nprint("beta: ", np.round(beta_mean, 6))\n\n# ---------------------------------------------------------------------------\n# 6. Save results (numeric values only)\n# ---------------------------------------------------------------------------\npd.DataFrame([alpha_mean]).to_csv("/app/alpha_est.csv", index=False, header=False)\npd.DataFrame([sigma_mean]).to_csv("/app/sigma_est.csv", index=False, header=False)\npd.DataFrame(rho_mean).to_csv("/app/rho_est.csv", index=False, header=False)\npd.DataFrame(beta_mean).to_csv("/app/beta_est.csv", index=False, header=False)\n\nprint("Results saved to /app/alpha_est.csv, /app/sigma_est.csv, /app/rho_est.csv, /app/beta_est.csv")\nPYEOF\necho \'=== written ===\'; wc -l /app/pystan_analysis.py\n'] min_timeout_sec: 3.0 max_timeout_sec: 180.0
Parser warnings: - Extra text detected before JSON object
Sending keys: ['tail -c 30 /app/image.ppm | od -c\n'] min_timeout_sec: 0.2 max_timeout_sec: 180.0
Sending keys: ["cd /tmp && sed -i 's/assert len(vals)>=W\\*H\\*3, (len(vals), W\\*H\\*3)/while len(vals)<W*H*3:\\n        vals.append(0)/' analyze.py && python3 analyze.py\n"] min_timeout_sec: 30.0 max_timeout_sec: 180.0
Trajectory dumped to /home/ubuntu/tb21/jobs/tb21c-8x512k-hyd-p1-s2/rstan-to-pystan__23hYjBt/agent/trajectory.json
Trajectory dumped to /home/ubuntu/tb21/jobs/tb21c-8x512k-hyd-p1-s2/train-fasttext__xrA2VrD/agent/trajectory.json
Sending keys: [''] min_timeout_sec: 60 max_timeout_sec: 180.0
Parser warnings: - Extra text detected before JSON object
Sending keys: ["cd /app && python3 -m py_compile pystan_analysis.py && echo 'PY SYNTAX OK'\n"] min_timeout_sec: 8.0 max_timeout_sec: 180.0
Sending keys: ['cd /app && python3 -c "\nimport json, numpy as np, pandas as pd\nmeta=json.load(open(\'meta_public.json\'))\nX=pd.read_csv(\'train_X.csv\').to_numpy(); Xn=pd.read_csv(\'test_X.csv\').to_numpy(); y=pd.read_csv(\'train_y.csv\')[\'y\'].to_numpy()\nprint(\'meta\',meta)\nprint(\'X\',X.shape,\'Xn\',Xn.shape,\'y\',y.shape)\nN=D=X.shape; N_new=Xn.shape[0]\nP=int(meta[\'P\']); jitter=float(meta[\'jitter\'])\nH=np.column_stack([np.ones(N),X[:,0],X[:,1]]); Hn=np.column_stack([np.ones(N_new),Xn[:,0],Xn[:,1]])\nprint(\'H\',H.shape,\'Hn\',Hn.shape,\'P\',P,\'jitter\',jitter)\ndict_=dict(N=N,D=D,X=X.tolist(),P=P,H=H.tolist(),y=y.tolist(),jitter=jitter,N_new=N_new,X_new=Xn.tolist(),H_new=Hn.tolist())\nimport json as j; print(\'json len\', len(j.dumps(dict_)))\nprint(\'H[:3]=\',H[:3]); print(\'Hn=\',Hn)\n" 2>&1 | tail -20\n'] min_timeout_sec: 8.0 max_timeout_sec: 180.0
Trajectory dumped to /home/ubuntu/tb21/jobs/tb21c-8x512k-hyd-p1-s2/path-tracing__hRnNnre/agent/trajectory.json
Trajectory dumped to /home/ubuntu/tb21/jobs/tb21c-8x512k-hyd-p1-s2/rstan-to-pystan__23hYjBt/agent/trajectory.json
Trajectory dumped to /home/ubuntu/tb21/jobs/tb21c-8x512k-hyd-p1-s2/build-cython-ext__ZtxeDuj/agent/trajectory.json
Parser warnings: - Extra text detected before JSON object
Sending keys: ["grep -n 'vertex_position\\|g.edges\\[_e\\]\\|Compatibility with planarity' /usr/local/lib/python3.13/site-packages/pyknotid/representations/representation.py\n"] min_timeout_sec: 0.2 max_timeout_sec: 180.0
Sending keys: ['cd /tmp && python3 -m pytest /app/pyknotid/tests/test_spacecurve.py -v 2>&1 | tail -30\n'] min_timeout_sec: 60.0 max_timeout_sec: 180.0
Parser warnings: - Extra text detected before JSON object
Sending keys: ['cd /tmp && cat > a2.py <<\'EOF\'\nimport analyze as A\nEOF\ncat > a2.py <<\'EOF\'\nexec(open(\'analyze.py\').read().split("W,H,px=load_ppm")[0])\nW,H,px=load_ppm(\'/app/image.ppm\')\nprint(\'=== vertical strip x=1200 (every 30 rows) ===\')\nfor y in range(0,H,30):\n    print(y, px[y][1200])\nprint(\'=== vertical strip x=300 (left, every 30) ===\')\nfor y in range(0,H,30):\n    print(y, px[y][300])\nprint(\'=== find horizon (last all-sky-ish row) scan x=1200: look where blue changes ===\')\nprev=None\nfor y in range(H):\n    r,g,b=px[y][1200]\n    # sky is bright (r+g+b large). floor darker.\n    if prev is not None and (r+g+b)<600 and prev>600:\n        print(\'transition near\', y, px[y-1][1200], px[y][1200])\n    prev=r+g+b\nEOF\npython3 a2.py 2>&1 | head -80\n'] min_timeout_sec: 40.0 max_timeout_sec: 180.0
Parser warnings: - Extra text detected before JSON object
Sending keys: ["sed -n '46,50p' /app/pystan_analysis.py | cat -A | head\n"] min_timeout_sec: 3.0 max_timeout_sec: 180.0
Sending keys: ["grep -n 'stan_code' /app/pystan_analysis.py\n"] min_timeout_sec: 3.0 max_timeout_sec: 180.0
Trajectory dumped to /home/ubuntu/tb21/jobs/tb21c-8x512k-hyd-p1-s2/rstan-to-pystan__23hYjBt/agent/trajectory.json
Trajectory dumped to /home/ubuntu/tb21/jobs/tb21c-8x512k-hyd-p1-s2/train-fasttext__xrA2VrD/agent/trajectory.json
Parser warnings: - Extra text detected before JSON object
Sending keys: ['cat > /app/gp_ard_regression.stan << \'STANEOF\'\nfunctions {\n  matrix cov_ard_sqexp(matrix X, vector rho, real alpha, real jitter) {\n    int N = rows(X);\n    int D = cols(X);\n    matrix[N, N] K;\n\n    for (i in 1:N) {\n      K[i, i] = square(alpha) + jitter;\n      for (j in (i + 1):N) {\n        real s = 0;\n        for (d in 1:D) {\n          real t = (X[i, d] - X[j, d]) / rho[d];\n          s += t * t;\n        }\n        K[i, j] = square(alpha) * exp(-0.5 * s);\n        K[j, i] = K[i, j];\n      }\n    }\n    return K;\n  }\n\n  matrix cross_cov_ard(matrix X, matrix X_new, vector rho, real alpha) {\n    int N = rows(X);\n    int M = rows(X_new);\n    int D = cols(X); // == cols(X_new)\n    matrix[N, M] Kx;\n    for (i in 1:N) {\n      for (j in 1:M) {\n        real s = 0;\n        for (d in 1:D) {\n          real t = (X[i, d] - X_new[j, d]) / rho[d];\n          s += t * t;\n        }\n        Kx[i, j] = square(alpha) * exp(-0.5 * s);\n      }\n    }\n    return Kx;\n  }\n}\n\ndata {\n  int<lower=1> N;\n  int<lower=1> D;\n  matrix[N, D] X;\n  int<lower=1> P;\n  matrix[N, P] H;\n  vector[N] y;\n  real<lower=0> jitter;\n\n  int<lower=0> N_new;\n  matrix[N_new, D] X_new;\n  matrix[N_new, P] H_new;\n}\n\nparameters {\n  vector[P] beta;\n  real<lower=0> alpha;\n  vector<lower=0>[D] rho;\n  real<lower=0> sigma;\n}\n\ntransformed parameters {\n  vector[N] mu = H * beta;\n  matrix[N, N] K = cov_ard_sqexp(X, rho, alpha, jitter)\n                   + diag_matrix(rep_vector(square(sigma), N));\n  matrix[N, N] L_K = cholesky_decompose(K);\n}\n\nmodel {\n  beta  ~ normal(0, 1);\n  alpha ~ normal(0, 1.5);\n  rho   ~ lognormal(0, 1);\n  sigma ~ normal(0, 0.5);\n  y ~ multi_normal_cholesky(mu, L_K);\n}\n\ngenerated quantities {\n  vector[N_new] y_new;\n  if (N_new > 0) {\n    matrix[N, N_new] K_x_xnew = cross_cov_ard(X, X_new, rho, alpha);\n    matrix[N_new, N_new] K_new = cov_ard_sqexp(X_new, rho, alpha, jitter);\n    vector[N] resid = y - (H * beta);\n\n    vector[N] alpha_vec = mdivide_left_tri_low(L_K, resid);\n    alpha_vec = mdivide_left_tri_low(L_K\', alpha_vec);\n\n    vector[N_new] f_mean = (K_x_xnew\' * alpha_vec);\n    matrix[N, N_new] v = mdivide_left_tri_low(L_K, K_x_xnew);\n    vector[N_new] f_var = to_vector(diagonal(K_new)) - to_vector(columns_dot_self(v));\n    for (m in 1:N_new) {\n      real m_mean = (H_new[m] * beta) + f_mean[m];\n      real m_sd   = sqrt(f_var[m] + square(sigma));\n      y_new[m] = normal_rng(m_mean, m_sd);\n    }\n  }\n}\nSTANEOF\necho \'=== stan written ===\'; wc -l /app/gp_ard_regression.stan; head -3 /app/gp_ard_regression.stan; grep -n "L_K\'" /app/gp_ard_regression.stan\n'] min_timeout_sec: 3.0 max_timeout_sec: 180.0
Sending keys: [''] min_timeout_sec: 60 max_timeout_sec: 180.0
Trajectory dumped to /home/ubuntu/tb21/jobs/tb21c-8x512k-hyd-p1-s2/rstan-to-pystan__23hYjBt/agent/trajectory.json
Parser warnings: - Extra text detected before JSON object
Sending keys: ['cat > /app/pystan_analysis.py << \'PYEOF\'\nimport json\nimport numpy as np\nimport pandas as pd\nimport stan\n\n# ---------------------------------------------------------------------------\n# 1. Read the same data files as the R script\n# ---------------------------------------------------------------------------\nwith open("/app/meta_public.json") as f:\n    meta_pub = json.load(f)\n\ntrain_X = pd.read_csv("/app/train_X.csv").to_numpy()    # (N, D)\ntest_X  = pd.read_csv("/app/test_X.csv").to_numpy()     # (N_new, D)\ntrain_y = pd.read_csv("/app/train_y.csv")["y"].to_numpy()  # (N,)\n\nP = int(meta_pub["P"])\njitter = float(meta_pub["jitter"])\n\nN = train_X.shape[0]\nD = train_X.shape[1]\nN_new = test_X.shape[0]\n\n# H = cbind(1, X[,1], X[,2])  (R 1-indexed cols 1,2 -> python cols 0,1)\nH = np.column_stack([np.ones(N), train_X[:, 0], train_X[:, 1]])          # (N, 3)\nif N_new > 0:\n    H_new = np.column_stack([np.ones(N_new), test_X[:, 0], test_X[:, 1]])  # (N_new, 3)\n    X_new = test_X\nelse:\n    H_new = np.zeros((0, P))\n    X_new = np.zeros((0, D))\n\nprint(f"N={N} D={D} P={P} N_new={N_new} jitter={jitter}")\nprint(f"H shape={H.shape}  H_new shape={H_new.shape}")\n\n# Stan data block (same list as the R script\'s data_list)\ndata = dict(\n    N=int(N),\n    D=int(D),\n    X=train_X.tolist(),\n    P=int(P),\n    H=H.tolist(),\n    y=train_y.tolist(),\n    jitter=float(jitter),\n    N_new=int(N_new),\n    X_new=X_new.tolist(),\n    H_new=H_new.tolist(),\n)\n\n# ---------------------------------------------------------------------------\n# 2. Stan model (functionally equivalent to the R script\'s model)\n#    Written to /app/gp_ard_regression.stan (matches the R script, which\n#    also writes this file), then read in here.\n# ---------------------------------------------------------------------------\nwith open("/app/gp_ard_regression.stan") as f:\n    stan_code = f.read()\n\n# ---------------------------------------------------------------------------\n# 3. Build the model (constraint: random_seed must be 1)\n# ---------------------------------------------------------------------------\nprint("Building Stan model (compiling C++ this may take a few minutes)...")\nmodel = stan.build(stan_code, data=data, random_seed=1)\n\n# ---------------------------------------------------------------------------\n# 4. Posterior sampling with hyperparameters equivalent to the R script:\n#    chains=4, iter=2000, warmup=1000, thin=2, seed=1, init_r=0.1,\n#    control: adapt_delta=0.93, max_treedepth=14, adapt_gamma=0.05,\n#             adapt_kappa=0.75, adapt_t0=10, adapt_init_buffer=100,\n#             adapt_term_buffer=50, adapt_window=25, save_warmup=FALSE\n# ---------------------------------------------------------------------------\nprint("Sampling...")\nfit = model.sample(\n    num_chains=4,\n    num_samples=1000,   # iter - warmup = 2000 - 1000\n    num_warmup=1000,\n    num_thin=2,\n    save_warmup=False,\n    init_radius=0.1,    # == RStan init_r=0.1 (uniform(-0.1, 0.1) on unconstrained scale)\n    max_depth=14,       # == max_treedepth\n    delta=0.93,         # == adapt_delta\n    gamma=0.05,         # == adapt_gamma\n    kappa=0.75,         # == adapt_kappa\n    t0=10,              # == adapt_t0\n    init_buffer=100,    # == adapt_init_buffer\n    term_buffer=50,     # == adapt_term_buffer\n    window=25,          # == adapt_window\n)\n\nprint("Sampling complete.")\n\n# ---------------------------------------------------------------------------\n# 5. Extract posterior samples and compute posterior means\n#    (equivalent to rstan::extract + mean / colMeans)\n# ---------------------------------------------------------------------------\nalpha_draws = np.asarray(fit["alpha"]).ravel()   # (n_total,)\nsigma_draws = np.asarray(fit["sigma"]).ravel()   # (n_total,)\nrho_draws   = np.asarray(fit["rho"])             # (D, n_total)\nbeta_draws  = np.asarray(fit["beta"])            # (P, n_total)\n\nprint("num posterior draws (per scalar):", alpha_draws.shape[0])\n\nalpha_mean = float(alpha_draws.mean())\nsigma_mean = float(sigma_draws.mean())\nrho_mean = rho_draws.mean(axis=1)    # per-dimension mean (== colMeans)\nbeta_mean = beta_draws.mean(axis=1)  # per-element mean  (== colMeans)\n\nprint("Posterior means:")\nprint("alpha:", alpha_mean)\nprint("sigma:", sigma_mean)\nprint("rho:  ", np.round(rho_mean, 6))\nprint("beta: ", np.round(beta_mean, 6))\n\n# ---------------------------------------------------------------------------\n# 6. Save results (numeric values only)\n# ---------------------------------------------------------------------------\npd.DataFrame([alpha_mean]).to_csv("/app/alpha_est.csv", index=False, header=False)\npd.DataFrame([sigma_mean]).to_csv("/app/sigma_est.csv", index=False, header=False)\npd.DataFrame(rho_mean).to_csv("/app/rho_est.csv", index=False, header=False)\npd.DataFrame(beta_mean).to_csv("/app/beta_est.csv", index=False, header=False)\n\nprint("Results saved to /app/alpha_est.csv, /app/sigma_est.csv, /app/rho_est.csv, /app/beta_est.csv")\nPYEOF\necho \'=== rewritten ===\'; python3 -m py_compile /app/pystan_analysis.py && echo \'PY SYNTAX OK\'\n'] min_timeout_sec: 8.0 max_timeout_sec: 180.0
Trajectory dumped to /home/ubuntu/tb21/jobs/tb21c-8x512k-hyd-p1-s2/path-tracing__hRnNnre/agent/trajectory.json
Trajectory dumped to /home/ubuntu/tb21/jobs/tb21c-8x512k-hyd-p1-s2/rstan-to-pystan__23hYjBt/agent/trajectory.json
Trajectory dumped to /home/ubuntu/tb21/jobs/tb21c-8x512k-hyd-p1-s2/build-cython-ext__ZtxeDuj/agent/trajectory.json
Parser warnings: - Extra text detected before JSON object
Sending keys: ['cd /tmp && python3 -m pytest /app/pyknotid/tests/test_knot.py -v 2>&1 | tail -30\n'] min_timeout_sec: 60.0 max_timeout_sec: 180.0
Parser warnings: - Extra text detected before JSON object
Sending keys: ["nproc; echo '---'; free -m 2>/dev/null | head -3; echo '---'; grep -c ^processor /proc/cpuinfo\n"] min_timeout_sec: 3.0 max_timeout_sec: 180.0
Sending keys: ["sed -n '436,540p' /usr/local/lib/python3.12/dist-packages/stan/model.py\n"] min_timeout_sec: 3.0 max_timeout_sec: 180.0
Trajectory dumped to /home/ubuntu/tb21/jobs/tb21c-8x512k-hyd-p1-s2/rstan-to-pystan__23hYjBt/agent/trajectory.json
Parser warnings: - Extra text detected before JSON object
Sending keys: ['cd /app && nohup python3 pystan_analysis.py > /app/run.log 2>&1 & echo "PID=$!"\n'] min_timeout_sec: 2.0 max_timeout_sec: 180.0
Sending keys: ["sleep 45; echo '=== log so far ==='; cat /app/run.log; echo '=== proc ==='; ps aux | grep -c '[p]ython3 pystan' \n"] min_timeout_sec: 50.0 max_timeout_sec: 180.0
Trajectory dumped to /home/ubuntu/tb21/jobs/tb21c-8x512k-hyd-p1-s2/train-fasttext__xrA2VrD/agent/trajectory.json
Sending keys: [''] min_timeout_sec: 60 max_timeout_sec: 180.0
Sending keys: ['cd /tmp && python3 -c "\nimport pyknotid\nfrom pyknotid.spacecurves import chelpers, ccomplexity\nfrom pyknotid import cinvariants\nimport pyknotid.make as mk\nimport pyknotid.spacecurves as sp\nk = sp.Knot(mk.three_twist(num_points=100))\nout = k.alexander_polynomial(-1)\nprint(\'README SNIPPET OK -> alexander_polynomial(-1) =\', out)\n" 2>&1 | grep -vE \'^i = |Finding crossings|Simplifying|crossings found|runs\' | tail -5\n'] min_timeout_sec: 30.0 max_timeout_sec: 180.0
Trajectory dumped to /home/ubuntu/tb21/jobs/tb21c-8x512k-hyd-p1-s2/rstan-to-pystan__23hYjBt/agent/trajectory.json
Parser warnings: - Extra text detected before JSON object
Sending keys: ["sleep 60; echo '=== tail log ==='; tail -15 /app/run.log; echo '=== done? ==='; grep -c 'Sampling complete' /app/run.log\n"] min_timeout_sec: 60 max_timeout_sec: 180.0
Trajectory dumped to /home/ubuntu/tb21/jobs/tb21c-8x512k-hyd-p1-s2/build-cython-ext__ZtxeDuj/agent/trajectory.json
Trajectory dumped to /home/ubuntu/tb21/jobs/tb21c-8x512k-hyd-p1-s2/train-fasttext__xrA2VrD/agent/trajectory.json
Sending keys: [''] min_timeout_sec: 60 max_timeout_sec: 180.0
Parser warnings: - Extra text detected before JSON object
Sending keys: ['cd /app/pyknotid && python3 setup.py build_ext --inplace 2>&1 | tail -15\n'] min_timeout_sec: 60 max_timeout_sec: 180.0
Parser warnings: - Extra text detected before JSON object
Sending keys: ["sed -n '340,406p' /tmp/main.txt\n"] min_timeout_sec: 0.5 max_timeout_sec: 180.0
Sending keys: ["echo '=== SKY_COLOR FULL ==='; sed -n '/<sky_color>:/,/^$/p' /tmp/disasm.txt\n"] min_timeout_sec: 0.5 max_timeout_sec: 180.0
Trajectory dumped to /home/ubuntu/tb21/jobs/tb21c-8x512k-hyd-p1-s2/path-tracing__hRnNnre/agent/trajectory.json
Parser warnings: - Extra text detected before JSON object
Sending keys: ["echo '=== MAIN TAIL ==='; sed -n '340,406p' /tmp/main.txt | cat -n\n"] min_timeout_sec: 0.5 max_timeout_sec: 180.0
Sending keys: ["echo '=== SKY_COLOR TOP ==='; sed -n '/<sky_color>:/,/1bee:/p' /tmp/disasm.txt\n"] min_timeout_sec: 0.5 max_timeout_sec: 180.0
Sending keys: ["echo '=== TRACE SHADOW SEGMENT ==='; sed -n '/1fc2:/,/2051:/p' /tmp/trace.txt\n"] min_timeout_sec: 0.5 max_timeout_sec: 180.0
Trajectory dumped to /home/ubuntu/tb21/jobs/tb21c-8x512k-hyd-p1-s2/path-tracing__hRnNnre/agent/trajectory.json
Trajectory dumped to /home/ubuntu/tb21/jobs/tb21c-8x512k-hyd-p1-s2/rstan-to-pystan__23hYjBt/agent/trajectory.json
Parser warnings: - Extra text detected before JSON object
Sending keys: [''] min_timeout_sec: 15.0 max_timeout_sec: 180.0
Trajectory dumped to /home/ubuntu/tb21/jobs/tb21c-8x512k-hyd-p1-s2/train-fasttext__xrA2VrD/agent/trajectory.json
Trajectory dumped to /home/ubuntu/tb21/jobs/tb21c-8x512k-hyd-p1-s2/build-cython-ext__ZtxeDuj/agent/trajectory.json
Parser warnings: - Extra text detected before JSON object
Sending keys: ["echo '=== MAIN TAIL ==='; sed -n '340,406p' /tmp/main.txt\n"] min_timeout_sec: 0.5 max_timeout_sec: 180.0
Trajectory dumped to /home/ubuntu/tb21/jobs/tb21c-8x512k-hyd-p1-s2/path-tracing__hRnNnre/agent/trajectory.json
Sending keys: [''] min_timeout_sec: 60 max_timeout_sec: 180.0
Trajectory dumped to /home/ubuntu/tb21/jobs/tb21c-8x512k-hyd-p1-s2/rstan-to-pystan__23hYjBt/agent/trajectory.json
Parser warnings: - Extra text detected before JSON object
Sending keys: ["echo '=== .so in source tree ==='; find /app/pyknotid/pyknotid -name '*.so'; echo '=== .so in site-packages ==='; find /usr/local/lib/python3.13/site-packages/pyknotid -name '*.so'\n"] min_timeout_sec: 0.3 max_timeout_sec: 180.0
Sending keys: ['echo \'=== snippet from SOURCE tree (cd /app/pyknotid) ===\'; cd /app/pyknotid && python3 -c "\nimport pyknotid, numpy\nfrom pyknotid.spacecurves import chelpers, ccomplexity\nfrom pyknotid import cinvariants\nimport pyknotid.make as mk\nimport pyknotid.spacecurves as sp\nprint(\'pyknotid path:\', pyknotid.__file__)\nprint(\'numpy\', numpy.__version__)\nk = sp.Knot(mk.three_twist(num_points=100))\nprint(\'alexander_polynomial(-1) =\', k.alexander_polynomial(-1))\n" 2>&1 | grep -vE \'^i = |Finding crossings|Simplifying|crossings found|runs\'\n'] min_timeout_sec: 30.0 max_timeout_sec: 180.0
Parser warnings: - Extra text detected before JSON object
Sending keys: ["sleep 30; echo '=== tail log ==='; tail -20 /app/run.log; echo '=== done? ==='; grep -c 'Sampling complete' /app/run.log\n"] min_timeout_sec: 40.0 max_timeout_sec: 180.0
Sending keys: ['echo \'=== snippet from NEUTRAL dir (installed global) ===\'; cd / && python3 -c "\nimport pyknotid\nfrom pyknotid.spacecurves import chelpers, ccomplexity\nfrom pyknotid import cinvariants\nimport pyknotid.make as mk\nimport pyknotid.spacecurves as sp\nk = sp.Knot(mk.three_twist(num_points=100))\nprint(\'installed path:\', pyknotid.__file__)\nprint(\'alexander_polynomial(-1) =\', k.alexander_polynomial(-1))\n" 2>&1 | grep -vE \'^i = |Finding crossings|Simplifying|crossings found|runs\'\n'] min_timeout_sec: 30.0 max_timeout_sec: 180.0
Trajectory dumped to /home/ubuntu/tb21/jobs/tb21c-8x512k-hyd-p1-s2/rstan-to-pystan__23hYjBt/agent/trajectory.json
Sending keys: ['echo \'=== final env ===\'; pip show pyknotid 2>/dev/null | grep -E \'Name|Version|Location\'; python3 -c "import numpy;print(\'numpy\',numpy.__version__)"\n'] min_timeout_sec: 2.0 max_timeout_sec: 180.0
Trajectory dumped to /home/ubuntu/tb21/jobs/tb21c-8x512k-hyd-p1-s2/train-fasttext__xrA2VrD/agent/trajectory.json
Trajectory dumped to /home/ubuntu/tb21/jobs/tb21c-8x512k-hyd-p1-s2/build-cython-ext__ZtxeDuj/agent/trajectory.json
Parser warnings: - Extra text detected before JSON object
Sending keys: ["echo '=== cgroup v2 ==='; cat /sys/fs/cgroup/memory.max 2>/dev/null; cat /sys/fs/cgroup/memory.current 2>/dev/null; echo '=== cgroup v1 ==='; cat /sys/fs/cgroup/memory/memory.limit_in_bytes 2>/dev/null; cat /sys/fs/cgroup/memory/memory.max_usage_in_bytes 2>/dev/null; echo '---'\n"] min_timeout_sec: 3.0 max_timeout_sec: 180.0
Sending keys: ["dmesg 2>/dev/null | grep -i -E 'oom|killed process|memory' | tail -15; echo '=== dmesg done ==='\n"] min_timeout_sec: 5.0 max_timeout_sec: 180.0
Sending keys: [''] min_timeout_sec: 60 max_timeout_sec: 180.0
Sending keys: ["ls -la /app/*.csv 2>/dev/null; echo '--- csv check done'\n"] min_timeout_sec: 3.0 max_timeout_sec: 180.0
Parser warnings: - Extra text detected before JSON object
Sending keys: ['cd /tmp && python3 -m pytest /app/pyknotid/tests/test_knot.py /app/pyknotid/tests/test_spacecurve.py -q 2>&1 | tail -12\n'] min_timeout_sec: 60.0 max_timeout_sec: 180.0
Trajectory dumped to /home/ubuntu/tb21/jobs/tb21c-8x512k-hyd-p1-s2/rstan-to-pystan__23hYjBt/agent/trajectory.json
Trajectory dumped to /home/ubuntu/tb21/jobs/tb21c-8x512k-hyd-p1-s2/build-cython-ext__ZtxeDuj/agent/trajectory.json
Trajectory dumped to /home/ubuntu/tb21/jobs/tb21c-8x512k-hyd-p1-s2/train-fasttext__xrA2VrD/agent/trajectory.json
Sending keys: [''] min_timeout_sec: 60 max_timeout_sec: 180.0
Trajectory dumped to /home/ubuntu/tb21/jobs/tb21c-8x512k-hyd-p1-s2/build-cython-ext__ZtxeDuj/agent/trajectory.json
Collecting main service artifacts
Exception AgentTimeoutError is in exclude_exceptions, not retrying
Not retrying trial because the exception is not in include_exceptions or the maximum number of retries has been reached
Registered custom model 'hosted_vllm/qwen38' with info: {'max_input_tokens': 524288, 'max_output_tokens': 8192, 'input_cost_per_token': 0.0, 'output_cost_per_token': 0.0, 'cache_creation_input_token_cost': 0, 'cache_read_input_token_cost': 0}
Installing: tmux, asciinema
Detected system: {'os': 'debian-based', 'package_manager': 'apt-get', 'update_command': None}
Installing tools using apt-get: DEBIAN_FRONTEND=noninteractive apt-get update && DEBIAN_FRONTEND=noninteractive apt-get install -y tmux asciinema
Starting recording.
Sending keys: ['asciinema rec --stdin /logs/agent/recording.cast', 'Enter'] min_timeout_sec: 1.0 max_timeout_sec: 180.0
Sending keys: ['clear', 'Enter'] min_timeout_sec: 0.0 max_timeout_sec: 180.0
Sending keys: ['cat /app/eigen.py\n'] min_timeout_sec: 0.1 max_timeout_sec: 180.0
Sending keys: ['cat /app/eval.py\n'] min_timeout_sec: 0.1 max_timeout_sec: 180.0
Trajectory dumped to /home/ubuntu/tb21/jobs/tb21c-8x512k-hyd-p1-s2/largest-eigenval__buQ3wx6/agent/trajectory.json
Parser warnings: - Extra text detected before JSON object
Sending keys: ['cat > /app/pystan_analysis.py << \'PYEOF\'\nimport os\n\n# Limit threading inside the C++ Stan service workers so that the 4 parallel\n# chain processes stay within the container\'s cgroup memory limit.  Each chain\n# is sampled in its own forked process; with the default thread count (== nproc)\n# the TBB/OpenMP thread stacks would exhaust the memory limit.  This is a\n# resource-control tweak only -- it does NOT change the model, the data, or any\n# sampling hyperparameter (the GP model has no `parallel for` and HMC is\n# sequential), so the posterior is identical to the R script\'s.\nos.environ["TBB_NUM_THREADS"] = "1"\nos.environ["OMP_NUM_THREADS"] = "1"\n\nimport json\nimport numpy as np\nimport pandas as pd\nimport stan\n\n# ---------------------------------------------------------------------------\n# 1. Read the same data files as the R script\n# ---------------------------------------------------------------------------\nwith open("/app/meta_public.json") as f:\n    meta_pub = json.load(f)\n\ntrain_X = pd.read_csv("/app/train_X.csv").to_numpy()    # (N, D)\ntest_X  = pd.read_csv("/app/test_X.csv").to_numpy()     # (N_new, D)\ntrain_y = pd.read_csv("/app/train_y.csv")["y"].to_numpy()  # (N,)\n\nP = int(meta_pub["P"])\njitter = float(meta_pub["jitter"])\n\nN = train_X.shape[0]\nD = train_X.shape[1]\nN_new = test_X.shape[0]\n\n# H = cbind(1, X[,1], X[,2])  (R 1-indexed cols 1,2 -> python cols 0,1)\nH = np.column_stack([np.ones(N), train_X[:, 0], train_X[:, 1]])          # (N, 3)\nif N_new > 0:\n    H_new = np.column_stack([np.ones(N_new), test_X[:, 0], test_X[:, 1]])  # (N_new, 3)\n    X_new = test_X\nelse:\n    H_new = np.zeros((0, P))\n    X_new = np.zeros((0, D))\n\nprint(f"N={N} D={D} P={P} N_new={N_new} jitter={jitter}")\nprint(f"H shape={H.shape}  H_new shape={H_new.shape}")\n\n# Stan data block (same list as the R script\'s data_list)\ndata = dict(\n    N=int(N),\n    D=int(D),\n    X=train_X.tolist(),\n    P=int(P),\n    H=H.tolist(),\n    y=train_y.tolist(),\n    jitter=float(jitter),\n    N_new=int(N_new),\n    X_new=X_new.tolist(),\n    H_new=H_new.tolist(),\n)\n\n# ---------------------------------------------------------------------------\n# 2. Stan model (functionally equivalent to the R script\'s model)\n#    Written to /app/gp_ard_regression.stan (matches the R script, which also\n#    writes this file), then read in here.\n# ---------------------------------------------------------------------------\nwith open("/app/gp_ard_regression.stan") as f:\n    stan_code = f.read()\n\n# ---------------------------------------------------------------------------\n# 3. Build the model (constraint: random_seed must be 1)\n# ---------------------------------------------------------------------------\nprint("Building Stan model (uses cached compilation if available)...")\nmodel = stan.build(stan_code, data=data, random_seed=1)\n\n# ---------------------------------------------------------------------------\n# 4. Posterior sampling with hyperparameters equivalent to the R script:\n#    chains=4, iter=2000, warmup=1000, thin=2, seed=1, init_r=0.1,\n#    control: adapt_delta=0.93, max_treedepth=14, adapt_gamma=0.05,\n#             adapt_kappa=0.75, adapt_t0=10, adapt_init_buffer=100,\n#             adapt_term_buffer=50, adapt_window=25, save_warmup=FALSE\n# ---------------------------------------------------------------------------\nprint("Sampling...")\nfit = model.sample(\n    num_chains=4,\n    num_samples=1000,   # iter - warmup = 2000 - 1000\n    num_warmup=1000,\n    num_thin=2,\n    save_warmup=False,\n    init_radius=0.1,    # == RStan init_r=0.1 (uniform(-0.1, 0.1) on unconstrained scale)\n    max_depth=14,       # == max_treedepth\n    delta=0.93,         # == adapt_delta\n    gamma=0.05,         # == adapt_gamma\n    kappa=0.75,         # == adapt_kappa\n    t0=10,              # == adapt_t0\n    init_buffer=100,    # == adapt_init_buffer\n    term_buffer=50,     # == adapt_term_buffer\n    window=25,          # == adapt_window\n)\n\nprint("Sampling complete.")\n\n# ---------------------------------------------------------------------------\n# 5. Extract posterior samples and compute posterior means\n#    (equivalent to rstan::extract + mean / colMeans)\n# ---------------------------------------------------------------------------\nalpha_draws = np.asarray(fit["alpha"]).ravel()   # (n_total,)\nsigma_draws = np.asarray(fit["sigma"]).ravel()   # (n_total,)\nrho_draws   = np.asarray(fit["rho"])             # (D, n_total)\nbeta_draws  = np.asarray(fit["beta"])            # (P, n_total)\n\nprint("num posterior draws (per scalar):", alpha_draws.shape[0])\n\nalpha_mean = float(alpha_draws.mean())\nsigma_mean = float(sigma_draws.mean())\nrho_mean = rho_draws.mean(axis=1)    # per-dimension mean (== colMeans)\nbeta_mean = beta_draws.mean(axis=1)  # per-element mean  (== colMeans)\n\nprint("Posterior means:")\nprint("alpha:", alpha_mean)\nprint("sigma:", sigma_mean)\nprint("rho:  ", np.round(rho_mean, 6))\nprint("beta: ", np.round(beta_mean, 6))\n\n# ---------------------------------------------------------------------------\n# 6. Save results (numeric values only)\n# ---------------------------------------------------------------------------\npd.DataFrame([alpha_mean]).to_csv("/app/alpha_est.csv", index=False, header=False)\npd.DataFrame([sigma_mean]).to_csv("/app/sigma_est.csv", index=False, header=False)\npd.DataFrame(rho_mean).to_csv("/app/rho_est.csv", index=False, header=False)\npd.DataFrame(beta_mean).to_csv("/app/beta_est.csv", index=False, header=False)\n\nprint("Results saved to /app/alpha_est.csv, /app/sigma_est.csv, /app/rho_est.csv, /app/beta_est.csv")\nPYEOF\necho \'=== rewritten ===\'; python3 -m py_compile /app/pystan_analysis.py && echo \'PY SYNTAX OK\'\n'] min_timeout_sec: 8.0 max_timeout_sec: 180.0
Trajectory dumped to /home/ubuntu/tb21/jobs/tb21c-8x512k-hyd-p1-s2/rstan-to-pystan__23hYjBt/agent/trajectory.json
Parser warnings: - Extra text detected before JSON object
Sending keys: ['cd /app && nohup python3 pystan_analysis.py > /app/run.log 2>&1 & echo "PID=$!"\n'] min_timeout_sec: 2.0 max_timeout_sec: 180.0
Sending keys: ["sleep 50; echo '=== mem (MB) ==='; echo $(( $(cat /sys/fs/cgroup/memory.current 2>/dev/null) / 1048576 )); echo '=== tail log ==='; tail -12 /app/run.log\n"] min_timeout_sec: 55.0 max_timeout_sec: 180.0
Trajectory dumped to /home/ubuntu/tb21/jobs/tb21c-8x512k-hyd-p1-s2/train-fasttext__xrA2VrD/agent/trajectory.json
Sending keys: [''] min_timeout_sec: 60 max_timeout_sec: 180.0
Trajectory dumped to /home/ubuntu/tb21/jobs/tb21c-8x512k-hyd-p1-s2/rstan-to-pystan__23hYjBt/agent/trajectory.json
Parser warnings: - Extra text detected before JSON object
Sending keys: ["sleep 50; echo '=== tail log ==='; tail -18 /app/run.log; echo '=== done? ==='; grep -c 'Sampling complete' /app/run.log; echo '=== mem(MB) ==='; echo $(( $(cat /sys/fs/cgroup/memory.current 2>/dev/null) / 1048576 ))\n"] min_timeout_sec: 55.0 max_timeout_sec: 180.0
Trajectory dumped to /home/ubuntu/tb21/jobs/tb21c-8x512k-hyd-p1-s2/train-fasttext__xrA2VrD/agent/trajectory.json
Sending keys: [''] min_timeout_sec: 60 max_timeout_sec: 180.0
Parser warnings: - Extra text detected before JSON object
Sending keys: ['python3 --version && python3 -c "import numpy; print(\'numpy\', numpy.__version__)" && python3 -c "import scipy; print(\'scipy\', scipy.__version__)"\n'] min_timeout_sec: 1.0 max_timeout_sec: 180.0
Sending keys: ['nproc && ldd --version | head -1\n'] min_timeout_sec: 0.5 max_timeout_sec: 180.0
Trajectory dumped to /home/ubuntu/tb21/jobs/tb21c-8x512k-hyd-p1-s2/largest-eigenval__buQ3wx6/agent/trajectory.json
Trajectory dumped to /home/ubuntu/tb21/jobs/tb21c-8x512k-hyd-p1-s2/rstan-to-pystan__23hYjBt/agent/trajectory.json
Parser warnings: - Extra text detected before JSON object
Sending keys: ["sleep 35; echo '=== tail log ==='; tail -20 /app/run.log; echo '=== done? ==='; grep -c 'Sampling complete' /app/run.log; echo '=== procs ==='; ps aux | grep -c '[p]ython3 pystan'\n"] min_timeout_sec: 40.0 max_timeout_sec: 180.0
Trajectory dumped to /home/ubuntu/tb21/jobs/tb21c-8x512k-hyd-p1-s2/train-fasttext__xrA2VrD/agent/trajectory.json
Sending keys: [''] min_timeout_sec: 60 max_timeout_sec: 180.0
Trajectory dumped to /home/ubuntu/tb21/jobs/tb21c-8x512k-hyd-p1-s2/rstan-to-pystan__23hYjBt/agent/trajectory.json
Parser warnings: - Extra text detected before JSON object
Sending keys: ["pip --version 2>&1; echo '---'; pip install scipy 2>&1 | tail -5\n"] min_timeout_sec: 30.0 max_timeout_sec: 180.0
Trajectory dumped to /home/ubuntu/tb21/jobs/tb21c-8x512k-hyd-p1-s2/largest-eigenval__buQ3wx6/agent/trajectory.json
Parser warnings: - Extra text detected before JSON object
Sending keys: ["cat > /app/bench.py << 'EOF'\nimport time\nimport numpy as np\nimport scipy.linalg as sla\n\nN = 200\n\ndef ref(A):\n    vals, vecs = np.linalg.eig(A)\n    i = np.argmax(np.abs(vals))\n    return vals[i], vecs[:, i]\n\ndef cand_eig_nocheck(A):\n    vals, vecs = sla.eig(A, check_finite=False)\n    i = np.argmax(np.abs(vals))\n    return vals[i], vecs[:, i]\n\ndef cand_eigvals_svd(A):\n    vals = sla.eigvals(A, check_finite=False)\n    i = np.argmax(np.abs(vals))\n    lam = vals[i]\n    # right null vector of (A - lam I) = dominant eigenvector\n    B = A - lam*np.eye(A.shape[0])\n    # smallest singular vector\n    _, _, Vh = np.linalg.svd(B, full_matrices=False)\n    x = Vh[-1, :].conj()\n    return lam, x\n\ndef cand_schur_complex(A):\n    T, Z = sla.schur(A, output='complex', check_finite=False)\n    d = np.diag(T)\n    i = np.argmax(np.abs(d))\n    lam = d[i]\n    # right eigenvector of T (upper triangular) for lam via back-substitution, then Z @ v\n    n = A.shape[0]\n    v = np.zeros(n, dtype=complex)\n    v[n-1] = 1.0\n    for k in range(n-2, -1, -1):\n        s = np.dot(T[k, k+1:], v[k+1:])\n        denom = T[k, k] - lam\n        if abs(denom) < 1e-14:\n            v[k] = 1.0\n        else:\n            v[k] = s/denom\n    x = Z @ v\n    return lam, x\n\nnames = ['ref','cand_eig_nocheck','cand_eigvals_svd','cand_schur_complex']\nfns = [ref, cand_eig_nocheck, cand_eigvals_svd, cand_schur_complex]\n\nfor size in [2,4,6,8,10]:\n    print(f'\\n=== size {size}x{size} ===')\n    for nm, fn in zip(names, fns):\n        # correctness over many random matrices\n        maxres = 0.0\n        for t in range(50):\n            A = np.random.normal(size=(size,size)).astype(np.float64)\n            lam, x = fn(A)\n            res = np.linalg.norm(A@x - lam*x)/np.linalg.norm(x)\n            maxres = max(maxres, res)\n        # timing\n        dts=[]\n        for t in range(N):\n            A = np.random.normal(size=(size,size)).astype(np.float64)\n            t0=time.perf_counter(); fn(A); t1=time.perf_counter()\n            dts.append(t1-t0)\n        med = np.median(dts)\n        print(f'{nm:22s} med={med*1e6:9.3f}us  maxrelres={maxres:.2e}')\nEOF\npython3 /app/bench.py\n"] min_timeout_sec: 30.0 max_timeout_sec: 180.0
Trajectory dumped to /home/ubuntu/tb21/jobs/tb21c-8x512k-hyd-p1-s2/train-fasttext__xrA2VrD/agent/trajectory.json
Sending keys: [''] min_timeout_sec: 60 max_timeout_sec: 180.0
Parser warnings: - Extra text detected before JSON object
Sending keys: ["cd /tmp && cat > rtw.py <<'EOF'\nimport math\ndef load_ppm(path):\n    with open(path,'rb') as f: d=f.read()\n    assert d[:2]==b'P3'\n    i=2; toks=[]\n    while len(toks)<4:\n        while i<len(d) and d[i] in b' \\t\\r\\n': i+=1\n        s=i\n        while i<len(d) and d[i] not in b' \\t\\r\\n': i+=1\n        toks.append(int(d[s:i]))\n    while i<len(d) and d[i] in b' \\t\\r\\n': i+=1\n    W,H,M=toks[0],toks[1],toks[2]\n    v=[int(x) for x in d[i:].split()]\n    while len(v)<W*H*3: v.append(0)\n    return W,H,v\nV=load_ppm('/app/image.ppm')\nW,H,vals=V\nprint('loaded',W,H)\n# sample sky colors from real image (top region, avoid sphere: x=300)\ndef px(x,y): return (vals[(y*W+x)*3]/255.0, vals[(y*W+x)*3+1]/255.0, vals[(y*W+x)*3+2]/255.0)\nprint('sky samples (x=300):')\nfor y in [0,100,200,300,400,500,600,700,770,780,790]:\n    print(y, [round(c,3) for c in px(300,y)])\nEOF\npython3 rtw.py\n"] min_timeout_sec: 20.0 max_timeout_sec: 180.0
Parser warnings: - Extra text detected before JSON object
Sending keys: ["ps aux | grep -E 'pystan|httpstan|analysis' | grep -v grep | head -20; echo '=== count ==='; ps aux | grep -E 'pystan_analysis|httpstan' | grep -v grep | wc -l\n"] min_timeout_sec: 3.0 max_timeout_sec: 180.0
Sending keys: ['echo "=== mem before cleanup (MB) ==="; echo $(( $(cat /sys/fs/cgroup/memory.current 2>/dev/null) / 1048576 ))\n'] min_timeout_sec: 3.0 max_timeout_sec: 180.0
Trajectory dumped to /home/ubuntu/tb21/jobs/tb21c-8x512k-hyd-p1-s2/largest-eigenval__buQ3wx6/agent/trajectory.json
Trajectory dumped to /home/ubuntu/tb21/jobs/tb21c-8x512k-hyd-p1-s2/rstan-to-pystan__23hYjBt/agent/trajectory.json
Trajectory dumped to /home/ubuntu/tb21/jobs/tb21c-8x512k-hyd-p1-s2/path-tracing__hRnNnre/agent/trajectory.json
Parser warnings: - Extra text detected before JSON object
Sending keys: ["pkill -9 -f 'pystan_analysis.py'; sleep 2; pkill -9 -f 'httpstan'; sleep 2; echo '=== remaining ==='; ps aux | grep -E 'pystan_analysis|httpstan' | grep -v grep | wc -l\n"] min_timeout_sec: 6.0 max_timeout_sec: 180.0
Sending keys: ["echo '=== mem after cleanup (MB) ==='; echo $(( $(cat /sys/fs/cgroup/memory.current 2>/dev/null) / 1048576 )); ps aux | grep -E 'pystan_analysis|httpstan|python3' | grep -v grep | grep -v 'grep' | awk '{print $2, $3, $11, $12, $13}' | head\n"] min_timeout_sec: 4.0 max_timeout_sec: 180.0
Parser warnings: - Extra text detected before JSON object
Sending keys: ['python3 -c "import scipy.linalg._flapack as f; print([x for x in dir(f) if \'geev\' in x.lower()])"\n'] min_timeout_sec: 1.0 max_timeout_sec: 180.0
Sending keys: ['python3 -c "import scipy.linalg._flapack as f, inspect; print(inspect.getdoc(f.dgeev) if hasattr(f,\'dgeev\') else \'no dgeev\')"\n'] min_timeout_sec: 1.0 max_timeout_sec: 180.0
Sending keys: ['python3 -c "import scipy.linalg._clapack as c; print([x for x in dir(c) if \'geev\' in x.lower()])"\n'] min_timeout_sec: 1.0 max_timeout_sec: 180.0
Trajectory dumped to /home/ubuntu/tb21/jobs/tb21c-8x512k-hyd-p1-s2/largest-eigenval__buQ3wx6/agent/trajectory.json
Trajectory dumped to /home/ubuntu/tb21/jobs/tb21c-8x512k-hyd-p1-s2/rstan-to-pystan__23hYjBt/agent/trajectory.json
Trajectory dumped to /home/ubuntu/tb21/jobs/tb21c-8x512k-hyd-p1-s2/train-fasttext__xrA2VrD/agent/trajectory.json
Parser warnings: - Extra text detected before JSON object
Sending keys: ["cat > /app/bench2.py << 'EOF'\nimport time\nimport numpy as np\nimport scipy.linalg as sla\nimport scipy.linalg._flapack as fl\n\ndef ref(A):\n    vals, vecs = np.linalg.eig(A)\n    i = np.argmax(np.abs(vals))\n    return vals[i], vecs[:, i]\n\ndef mine_sla(A):\n    vals, vecs = sla.eig(A, check_finite=False)\n    i = np.argmax(np.abs(vals))\n    return vals[i], vecs[:, i]\n\ndef mine_direct(A):\n    wr, wi, vl, vr, info = fl.dgeev(A.copy(), 0, 1, -1, 0)\n    i = int(np.argmax(np.abs(wr + 1j*wi)))\n    lam = wr[i] + 1j*wi[i]\n    if wi[i] != 0:\n        v = vr[:, i] + 1j*vr[:, i+1]\n    else:\n        v = vr[:, i].astype(complex)\n    return lam, v\n\ndef check(fn, size):\n    worst=0.0\n    for t in range(200):\n        A=np.random.normal(size=(size,size)).astype(np.float64)\n        lam,x=fn(A)\n        r=np.linalg.norm(A@x-lam*x)/np.linalg.norm(x)\n        worst=max(worst,r)\n    return worst\n\nfor size in [2,4,6,8,10]:\n    print(f'--- {size} ---', 'direct worstrelres=', f'{check(mine_direct,size):.2e}', 'sla worstrelres=', f'{check(mine_sla,size):.2e}')\n    for nm, fn in [('ref',ref),('mine_sla',mine_sla),('mine_direct',mine_direct)]:\n        dts=[]\n        for t in range(300):\n            A=np.random.normal(size=(size,size)).astype(np.float64)\n            t0=time.perf_counter(); fn(A); t1=time.perf_counter(); dts.append(t1-t0)\n        med=np.median(dts); mean=np.mean(dts)\n        print(f'  {nm:12s} med={med*1e6:8.3f}us mean={mean*1e6:8.3f}us')\nEOF\npython3 /app/bench2.py\n"] min_timeout_sec: 40.0 max_timeout_sec: 180.0
Sending keys: [''] min_timeout_sec: 60 max_timeout_sec: 180.0
Parser warnings: - Extra text detected before JSON object
Sending keys: ["cat > /app/gp_ard_regression.stan << 'STANEOF'\nfunctions {\n  matrix cov_ard_sqexp(matrix X, vector rho, real alpha, real jitter) {\n    int N = rows(X);\n    int D = cols(X);\n    matrix[N, N] K;\n\n    for (i in 1:N) {\n      K[i, i] = square(alpha) + jitter;\n      for (j in (i + 1):N) {\n        real s = 0;\n        for (d in 1:D) {\n          real t = (X[i, d] - X[j, d]) / rho[d];\n          s += t * t;\n        }\n        K[i, j] = square(alpha) * exp(-0.5 * s);\n        K[j, i] = K[i, j];\n      }\n    }\n    return K;\n  }\n\n  matrix cross_cov_ard(matrix X, matrix X_new, vector rho, real alpha) {\n    int N = rows(X);\n    int M = rows(X_new);\n    int D = cols(X); // == cols(X_new)\n    matrix[N, M] Kx;\n    for (i in 1:N) {\n      for (j in 1:M) {\n        real s = 0;\n        for (d in 1:D) {\n          real t = (X[i, d] - X_new[j, d]) / rho[d];\n          s += t * t;\n        }\n        Kx[i, j] = square(alpha) * exp(-0.5 * s);\n      }\n    }\n    return Kx;\n  }\n}\n\ndata {\n  int<lower=1> N;\n  int<lower=1> D;\n  matrix[N, D] X;\n  int<lower=1> P;\n  matrix[N, P] H;\n  vector[N] y;\n  real<lower=0> jitter;\n\n  int<lower=0> N_new;\n  matrix[N_new, D] X_new;\n  matrix[N_new, P] H_new;\n}\n\nparameters {\n  vector[P] beta;\n  real<lower=0> alpha;\n  vector<lower=0>[D] rho;\n  real<lower=0> sigma;\n}\n\nmodel {\n  // mu, K and L_K are kept as LOCAL variables (not named transformed\n  // parameters) so they are not stored per posterior draw.  This keeps the\n  // log-posterior (and therefore the posterior of beta/alpha/rho/sigma) exactly\n  // identical to the original model while drastically reducing memory.\n  vector[N] mu = H * beta;\n  matrix[N, N] K = cov_ard_sqexp(X, rho, alpha, jitter)\n                   + diag_matrix(rep_vector(square(sigma), N));\n  matrix[N, N] L_K = cholesky_decompose(K);\n\n  beta  ~ normal(0, 1);\n  alpha ~ normal(0, 1.5);\n  rho   ~ lognormal(0, 1);\n  sigma ~ normal(0, 0.5);\n  y ~ multi_normal_cholesky(mu, L_K);\n}\n\ngenerated quantities {\n  vector[N_new] y_new;\n  if (N_new > 0) {\n    // recompute K and L_K locally for the GP predictive draws\n    matrix[N, N] K = cov_ard_sqexp(X, rho, alpha, jitter)\n                     + diag_matrix(rep_vector(square(sigma), N));\n    matrix[N, N] L_K = cholesky_decompose(K);\n\n    matrix[N, N_new] K_x_xnew = cross_cov_ard(X, X_new, rho, alpha);\n    matrix[N_new, N_new] K_new = cov_ard_sqexp(X_new, rho, alpha, jitter);\n    vector[N] resid = y - (H * beta);\n\n    vector[N] alpha_vec = mdivide_left_tri_low(L_K, resid);\n    alpha_vec = mdivide_left_tri_low(L_K', alpha_vec);\n\n    vector[N_new] f_mean = (K_x_xnew' * alpha_vec);\n    matrix[N, N_new] v = mdivide_left_tri_low(L_K, K_x_xnew);\n    vector[N_new] f_var = to_vector(diagonal(K_new)) - to_vector(columns_dot_self(v));\n    for (m in 1:N_new) {\n      real m_mean = (H_new[m] * beta) + f_mean[m];\n      real m_sd   = sqrt(f_var[m] + square(sigma));\n      y_new[m] = normal_rng(m_mean, m_sd);\n    }\n  }\n}\nSTANEOF\necho '=== stan rewritten ==='; wc -l /app/gp_ard_regression.stan; echo '--- transformed-params (should be 0):'; grep -c 'transformed parameters' /app/gp_ard_regression.stan; echo '--- model block locals:'; grep -n 'mu = H' /app/gp_ard_regression.stan\n"] min_timeout_sec: 3.0 max_timeout_sec: 180.0
Trajectory dumped to /home/ubuntu/tb21/jobs/tb21c-8x512k-hyd-p1-s2/rstan-to-pystan__23hYjBt/agent/trajectory.json
Trajectory dumped to /home/ubuntu/tb21/jobs/tb21c-8x512k-hyd-p1-s2/largest-eigenval__buQ3wx6/agent/trajectory.json
Parser warnings: - Extra text detected before JSON object
Sending keys: ["cat > /app/bench2.py << 'EOF'\nimport time\nimport numpy as np\nimport scipy.linalg as sla\nimport scipy.linalg._flapack as fl\n\ndef ref(A):\n    vals, vecs = np.linalg.eig(A)\n    i = np.argmax(np.abs(vals))\n    return vals[i], vecs[:, i]\n\ndef mine_sla(A):\n    vals, vecs = sla.eig(A, check_finite=False)\n    i = np.argmax(np.abs(vals))\n    return vals[i], vecs[:, i]\n\ndef mine_direct(A):\n    n = A.shape[0]\n    lwork = max(4*n, 1)\n    wr, wi, vl, vr, info = fl.dgeev(A, 0, 1, lwork, 0)\n    i = int(np.argmax(np.abs(wr + 1j*wi)))\n    lam = wr[i] + 1j*wi[i]\n    if wi[i] != 0:\n        v = vr[:, i] + 1j*vr[:, i+1]\n    else:\n        v = vr[:, i].astype(complex)\n    return lam, v\n\ndef check(fn, size):\n    worst=0.0\n    for t in range(200):\n        A=np.random.normal(size=(size,size)).astype(np.float64)\n        lam,x=fn(A)\n        r=np.linalg.norm(A@x-lam*x)/np.linalg.norm(x)\n        worst=max(worst,r)\n    return worst\n\nfor size in [2,4,6,8,10]:\n    print(f'--- {size} --- direct={check(mine_direct,size):.2e} sla={check(mine_sla,size):.2e}')\n    for nm, fn in [('ref',ref),('mine_sla',mine_sla),('mine_direct',mine_direct)]:\n        dts=[]\n        for t in range(300):\n            A=np.random.normal(size=(size,size)).astype(np.float64)\n            t0=time.perf_counter(); fn(A); t1=time.perf_counter(); dts.append(t1-t0)\n        med=np.median(dts); mean=np.mean(dts)\n        print(f'  {nm:12s} med={med*1e6:8.3f}us mean={mean*1e6:8.3f}us')\nEOF\npython3 /app/bench2.py\n"] min_timeout_sec: 40.0 max_timeout_sec: 180.0
Trajectory dumped to /home/ubuntu/tb21/jobs/tb21c-8x512k-hyd-p1-s2/train-fasttext__xrA2VrD/agent/trajectory.json
Parser warnings: - Extra text detected before JSON object
Sending keys: ['cat > /app/test_build.py << \'PYEOF\'\nimport os\nos.environ["TBB_NUM_THREADS"] = "1"\nos.environ["OMP_NUM_THREADS"] = "1"\nimport json, numpy as np, pandas as pd, stan\n\nwith open("/app/meta_public.json") as f:\n    meta_pub = json.load(f)\ntrain_X = pd.read_csv("/app/train_X.csv").to_numpy()\ntest_X  = pd.read_csv("/app/test_X.csv").to_numpy()\ntrain_y = pd.read_csv("/app/train_y.csv")["y"].to_numpy()\nP = int(meta_pub["P"]); jitter = float(meta_pub["jitter"])\nN = train_X.shape[0]; D = train_X.shape[1]; N_new = test_X.shape[0]\nH = np.column_stack([np.ones(N), train_X[:,0], train_X[:,1]])\nH_new = np.column_stack([np.ones(N_new), test_X[:,0], test_X[:,1]])\ndata = dict(N=int(N),D=int(D),X=train_X.tolist(),P=int(P),H=H.tolist(),y=train_y.tolist(),\n            jitter=float(jitter),N_new=int(N_new),X_new=test_X.tolist(),H_new=H_new.tolist())\nwith open("/app/gp_ard_regression.stan") as f:\n    stan_code = f.read()\nprint("building...")\nmodel = stan.build(stan_code, data=data, random_seed=1)\nprint("built OK. tiny sample...")\nfit = model.sample(num_chains=2, num_samples=5, num_warmup=10, num_thin=1,\n                   save_warmup=False, init_radius=0.1, max_depth=14, delta=0.93,\n                   gamma=0.05, kappa=0.75, t0=10, init_buffer=100, term_buffer=50, window=25)\nprint("sampled OK")\ndf = fit.to_frame()\nprint("columns:", list(df.columns))\nprint("alpha[:3]:", np.asarray(fit[\'alpha\']).ravel()[:3])\nprint("sigma[:3]:", np.asarray(fit[\'sigma\']).ravel()[:3])\nprint("rho shape:", np.asarray(fit[\'rho\']).shape, "mean:", np.asarray(fit[\'rho\']).mean(axis=1))\nprint("beta shape:", np.asarray(fit[\'beta\']).shape, "mean:", np.asarray(fit[\'beta\']).mean(axis=1))\nprint("TEST OK")\nPYEOF\ncd /app && nohup python3 test_build.py > /app/test.log 2>&1 & echo "PID=$!"\n'] min_timeout_sec: 3.0 max_timeout_sec: 180.0
Sending keys: ["sleep 45; echo '=== test.log ==='; cat /app/test.log\n"] min_timeout_sec: 50.0 max_timeout_sec: 180.0
Sending keys: [''] min_timeout_sec: 60 max_timeout_sec: 180.0
Parser warnings: - Extra text detected before JSON object
Sending keys: ["cd /tmp && cat > meas.py <<'EOF'\nimport math\nwith open('/app/image.ppm','rb') as f: d=f.read()\ni=2; toks=[]\nwhile len(toks)<4:\n    while i<len(d) and d[i] in b' \\t\\r\\n': i+=1\n    s=i\n    while i<len(d) and d[i] not in b' \\t\\r\\n': i+=1\n    toks.append(int(d[s:i]))\nwhile i<len(d) and d[i] in b' \\t\\r\\n': i+=1\nW,H,M=toks[0],toks[1],toks[2]\nv=[int(x) for x in d[i:].split()]\nwhile len(v)<W*H*3: v.append(0)\ndef px(x,y): return (v[(y*W+x)*3], v[(y*W+x)*3+1], v[(y*W+x)*3+2])\nprint('size',W,H)\n# sphere = dark blue: b> r, b>g, and dim (r<80 and b<120) OR the (10,10,51) type\ndef is_sphere(x,y):\n    r,g,b=px(x,y)\n    return b>r+20 and b>g+20 and r<120 and b<160 and not (r>150)  # bluish-dark\nxs=[];ys=[]\nfor y in range(0,H,2):\n    for x in range(0,W,2):\n        if is_sphere(x,y):\n            xs.append(x);ys.append(y)\nprint('sphere bbox x',min(xs),max(xs),'y',min(ys),max(ys))\n# horizon: along x=300 (left, no sphere), find where sky->floor\nprev=None\nfor y in range(H):\n    r,g,b=px(300,y)\n    # floor is grayish (r~g~b) and dim; sky has g=255 & b>r? sky b>r. floor r==g==b\n    isfloor = (abs(r-g)<10 and abs(g-b)<10 and r<200 and r>10)\n    if prev is None: prev=isfloor\n    if isfloor!=prev and y>100:\n        print('horizon transition x=300 near y=',y,'prev_sky=',not isfloor,px(300,y-1),px(300,y)); break\n    prev=isfloor\n# checker period: along a floor row y=1500, find transitions between light(>120) and dark(<120) in x\nrow=1500\ntrans=[]\nfor x in range(0,W):\n    r,g,b=px(x,row)\n    lum=(r+g+b)/3\n    if x>0:\n        pr,pg,pb=px(x-1,row)\n        plum=(pr+pg+pb)/3\n        if (lum>120)!=(plum>120): trans.append(x)\nprint('floor row y=1500 num transitions',len(trans),'first10',trans[:10])\nif len(trans)>1:\n    diffs=[trans[i+1]-trans[i] for i in range(len(trans)-1)]\n    print('x transition gaps',diffs[:20])\n# vertical checker transitions at x=300 (floor region)\ntransy=[]\nfor y in range(900,H):\n    r,g,b=px(300,y)\n    lum=(r+g+b)/3\n    if y>0:\n        pr,pg,pb=px(300,y-1)\n        plum=(pr+pg+pb)/3\n        if (lum>120)!=(plum>120): transy.append(y)\nprint('floor col x=300 vertical transitions',transy[:10],'count',len(transy))\n# sky gradient fit: at x=300, y in sky\npts=[(y,px(300,y)[0]/255.0,px(300,y)[2]/255.0) for y in range(0,700,50)]\nfor p in pts: print('sky y=',p[0],'R',round(p[1],3),'B',round(p[2],3))\nEOF\npython3 meas.py\n"] min_timeout_sec: 40.0 max_timeout_sec: 180.0
Trajectory dumped to /home/ubuntu/tb21/jobs/tb21c-8x512k-hyd-p1-s2/largest-eigenval__buQ3wx6/agent/trajectory.json
Trajectory dumped to /home/ubuntu/tb21/jobs/tb21c-8x512k-hyd-p1-s2/rstan-to-pystan__23hYjBt/agent/trajectory.json
Trajectory dumped to /home/ubuntu/tb21/jobs/tb21c-8x512k-hyd-p1-s2/path-tracing__hRnNnre/agent/trajectory.json
Parser warnings: - Extra text detected before JSON object
Sending keys: ['cat > /app/eigen.py << \'EOF\'\nimport numpy as np\nimport scipy.linalg._flapack as _flapack\n\n_dgeev = _flapack.dgeev\n\n\ndef find_dominant_eigenvalue_and_eigenvector(A: np.ndarray):\n    """\n    Find the dominant eigenvalue (largest magnitude) and its eigenvector of a\n    general real square matrix (may have complex eigen pairs).\n\n    Args:\n        A: Real-valued square matrix (numpy array), dtype float64, size <= 10x10.\n\n    Returns:\n        eigenvalue: dominant eigenvalue (numpy scalar, possibly complex)\n        eigenvector: corresponding eigenvector (np.ndarray, possibly complex)\n    """\n    A = np.ascontiguousarray(A, dtype=np.float64)\n    n = A.shape[0]\n    # Right eigenvectors only (compute_vl=0, compute_vr=1). overwrite_a=0 keeps A intact.\n    wr, wi, _vl, vr, info = _dgeev(A, 0, 1, max(4 * n, 1), 0)\n    if info:\n        raise np.linalg.LinAlgError("dgeev did not converge")\n    lam_complex = wr + 1j * wi\n    idx = int(np.argmax(np.abs(lam_complex)))\n    lam = lam_complex[idx]\n    # Reconstruct the right eigenvector. Complex conjugate pairs occupy two\n    # consecutive columns; the member with positive imaginary part is first.\n    w = wi[idx]\n    if w > 0:\n        x = vr[:, idx] + 1j * vr[:, idx + 1]\n    elif w < 0:\n        # Conjugate member of the pair starting at idx-1.\n        x = vr[:, idx - 1] - 1j * vr[:, idx]\n    else:\n        x = vr[:, idx].astype(np.complex128)\n    # Normalize so the result is a well-conditioned vector (avoids underflow in\n    # the residual norm check); scaling does not change the eigen equation.\n    norm = np.linalg.norm(x)\n    if norm != 0:\n        x = x / norm\n    return lam, x\nEOF\npython3 -c "\nimport numpy as np\nfrom eigen import find_dominant_eigenvalue_and_eigenvector as f\n# complex dominant test\nfor A in [\n  np.array([[0.5,-2.0],[2.0,0.5]]),\n  np.array([[0.0,-3.0,1.0],[3.0,0.0,0.5],[0.5,0.0,0.1]]),\n]:\n  lam,x=f(A)\n  res=np.linalg.norm(A@x-lam*x)/np.linalg.norm(x)\n  print(\'complex-dom\', A.shape, \'lam=\',lam,\'res=\',res)\n# stress over random\nworst=0\nfor t in range(2000):\n    n=np.random.randint(2,11)\n    A=np.random.normal(size=(n,n))\n    lam,x=f(A)\n    res=np.linalg.norm(A@x-lam*x)/np.linalg.norm(x)\n    worst=max(worst,res)\nprint(\'worst random residual over 2000 =\', worst)\n"\n'] min_timeout_sec: 30.0 max_timeout_sec: 180.0
Trajectory dumped to /home/ubuntu/tb21/jobs/tb21c-8x512k-hyd-p1-s2/train-fasttext__xrA2VrD/agent/trajectory.json
Parser warnings: - Extra text detected before JSON object
Sending keys: ['rm -f /app/test_build.py /app/test.log; pkill -9 -f pystan 2>/dev/null; pkill -9 -f httpstan 2>/dev/null; sleep 2; echo "remaining: $(ps aux | grep -E \'pystan_analysis|httpstan\' | grep -v grep | wc -l)  mem(MB): $(( $(cat /sys/fs/cgroup/memory.current 2>/dev/null) / 1048576 ))"\n'] min_timeout_sec: 4.0 max_timeout_sec: 180.0
Sending keys: ['cd /app && nohup python3 pystan_analysis.py > /app/run.log 2>&1 & echo "PID=$!"\n'] min_timeout_sec: 2.0 max_timeout_sec: 180.0
Sending keys: [''] min_timeout_sec: 60 max_timeout_sec: 180.0
Sending keys: ["sleep 55; echo '=== mem(MB) ==='; echo $(( $(cat /sys/fs/cgroup/memory.current 2>/dev/null) / 1048576 )); echo '=== tail ==='; tail -6 /app/run.log\n"] min_timeout_sec: 60.0 max_timeout_sec: 180.0
Trajectory dumped to /home/ubuntu/tb21/jobs/tb21c-8x512k-hyd-p1-s2/largest-eigenval__buQ3wx6/agent/trajectory.json
Parser warnings: - Extra text detected before JSON object
Sending keys: ['python3 -c "\nimport numpy as np\nimport scipy.linalg._flapack as fl\n# build many matrices, check BOTH members of any complex dominant pair give tiny residual\nworst=0; cnt=0\nfor t in range(3000):\n    n=np.random.randint(2,11)\n    A=np.random.normal(size=(n,n))\n    wr,wi,vl,vr,info=fl.dgeev(A,0,1,max(4*n,1),0)\n    m=np.argmax(np.abs(wr+1j*wi)); w=wi[m]\n    if w>0:\n        for k in (m,m+1):\n            x=(vr[:,m]+1j*vr[:,m+1]) if k==m else (vr[:,m+1]-1j*vr[:,m])\n            lam=wr[k]+1j*wi[k]\n            worst=max(worst, np.linalg.norm(A@x-lam*x)/np.linalg.norm(x)); cnt+=1\n    elif w<0:\n        x=vr[:,m-1]-1j*vr[:,m]\n        lam=wr[m]+1j*wi[m]\n        worst=max(worst, np.linalg.norm(A@x-lam*x)/np.linalg.norm(x)); cnt+=1\nprint(\'tested negative-branch count path, worst residual over\', cnt, \'pairs =\', worst)\n"\n'] min_timeout_sec: 30.0 max_timeout_sec: 180.0
Sending keys: ['cd /app && python3 eval.py\n'] min_timeout_sec: 60.0 max_timeout_sec: 180.0
Trajectory dumped to /home/ubuntu/tb21/jobs/tb21c-8x512k-hyd-p1-s2/rstan-to-pystan__23hYjBt/agent/trajectory.json
Trajectory dumped to /home/ubuntu/tb21/jobs/tb21c-8x512k-hyd-p1-s2/train-fasttext__xrA2VrD/agent/trajectory.json
Parser warnings: - Extra text detected before JSON object
Sending keys: ["sleep 45; echo '=== tail log ==='; tail -20 /app/run.log; echo '=== done? ==='; grep -c 'Sampling complete' /app/run.log; echo '=== mem(MB) ==='; echo $(( $(cat /sys/fs/cgroup/memory.current 2>/dev/null) / 1048576 ))\n"] min_timeout_sec: 50.0 max_timeout_sec: 180.0
Sending keys: [''] min_timeout_sec: 30.0 max_timeout_sec: 180.0
Trajectory dumped to /home/ubuntu/tb21/jobs/tb21c-8x512k-hyd-p1-s2/train-fasttext__xrA2VrD/agent/trajectory.json
Sending keys: [''] min_timeout_sec: 30.0 max_timeout_sec: 180.0
Trajectory dumped to /home/ubuntu/tb21/jobs/tb21c-8x512k-hyd-p1-s2/largest-eigenval__buQ3wx6/agent/trajectory.json
Trajectory dumped to /home/ubuntu/tb21/jobs/tb21c-8x512k-hyd-p1-s2/rstan-to-pystan__23hYjBt/agent/trajectory.json
Trajectory dumped to /home/ubuntu/tb21/jobs/tb21c-8x512k-hyd-p1-s2/train-fasttext__xrA2VrD/agent/trajectory.json
Parser warnings: - Extra text detected before JSON object
Sending keys: ['cd /app; for f in alpha_est sigma_est rho_est beta_est; do echo "=== $f.csv ==="; cat $f.csv; echo "(lines: $(wc -l < $f.csv))"; done\n'] min_timeout_sec: 3.0 max_timeout_sec: 180.0
Sending keys: ['cd /app && python3 -c "\nimport pandas as pd, numpy as np\na=pd.read_csv(\'alpha_est.csv\',header=None)\ns=pd.read_csv(\'sigma_est.csv\',header=None)\nr=pd.read_csv(\'rho_est.csv\',header=None)\nb=pd.read_csv(\'beta_est.csv\',header=None)\nprint(\'alpha shape\',a.shape,\'val\',a.values.ravel())\nprint(\'sigma shape\',s.shape,\'val\',s.values.ravel())\nprint(\'rho shape\',r.shape,\'vals\',r.values.ravel())\nprint(\'beta shape\',b.shape,\'vals\',b.values.ravel())\nassert a.shape==(1,1) and s.shape==(1,1) and r.shape==(3,1) and b.shape==(3,1)\nassert np.all(np.isfinite(a.values+r.values+b.values))\nassert a.values[0,0]>0 and s.values[0,0]>0 and np.all(r.values.ravel()>0)\nprint(\'ALL CHECKS PASSED: shapes, finiteness, positivity OK\')\n"\n'] min_timeout_sec: 5.0 max_timeout_sec: 180.0
Trajectory dumped to /home/ubuntu/tb21/jobs/tb21c-8x512k-hyd-p1-s2/rstan-to-pystan__23hYjBt/agent/trajectory.json
Parser warnings: - Extra text detected before JSON object
Sending keys: ['python3 -c "\nimport numpy as np\nimport scipy.linalg._flapack as fl\nfrom eigen import find_dominant_eigenvalue_and_eigenvector as f\ncnt={\'w>0\':0,\'w<0\':0,\'w=0\':0}; worst=0.0\nfor t in range(6000):\n    n=np.random.randint(2,11)\n    A=np.random.normal(size=(n,n))\n    lam,x=f(A)\n    res=np.linalg.norm(A@x-lam*x)/np.linalg.norm(x)\n    worst=max(worst,res)\n    w=lam.imag\n    k=\'w>0\' if w>0 else (\'w<0\' if w<0 else \'w=0\')\n    cnt[k]+=1\n    assert res<1e-9, (n,res,lam)\n    assert not np.allclose(x,0)\nprint(\'branch counts:\',cnt,\'  worst residual:\',worst)\n"\n'] min_timeout_sec: 40.0 max_timeout_sec: 180.0
Parser warnings: - Extra text detected before JSON object
Sending keys: ["cd /tmp && cat > rt.py <<'EOF'\nimport math\n\ndef norm(v): l=math.sqrt(sum(a*a for a in v)); return (v[0]/l,v[1]/l,v[2]/l)\ndef dot(a,b): return a[0]*b[0]+a[1]*b[1]+a[2]*b[2]\ndef sub(a,b): return (a[0]-b[0],a[1]-b[1],a[2]-b[2])\ndef add(a,b): return (a[0]+b[0],a[1]+b[1],a[2]+b[2])\ndef mulv(a,s): return (a[0]*s,a[1]*s,a[2]*s)\n\ncenter=(-5.0,-0.5,0.0); radius=1.0\nspcolor=(0.2,0.2,1.0)\nplane_y=-1.5\nplane_normal=(0.0,1.0,0.0)\nlightdir=norm((-1.0,1.0,1.0))\n\ndef sphere_hit(origin,d):\n    oc=sub(origin,center); b=dot(d,oc); c=dot(oc,oc)-radius*radius; disc=b*b-c\n    if disc<0: return (0,0.0,None)\n    s=math.sqrt(disc); t=-b-s\n    if t>0.001:\n        p=add(origin,mulv(d,t)); n=norm(sub(p,center)); return (1,t,n)\n    t=-b+s\n    if t>0.001:\n        p=add(origin,mulv(d,t)); n=norm(sub(p,center)); return (1,t,n)\n    return (0,0.0,None)\n\ndef plane_hit(origin,d):\n    den=dot(plane_normal,d)\n    t=0.0; ok=False\n    if abs(den)>1e-4:\n        t=dot((0,plane_y,0),sub(origin,(0,0,0)))-plane_y  # placeholder\n    # proper: t = (plane_point - origin)·n / (d·n), plane_point=(0,plane_y,0)\n    t=((0,plane_y,0)[1]-origin[1]*0 - origin[1])/0 if False else None\n    # do it cleanly\n    pp=(0.0,plane_y,0.0)\n    t=dot(sub(pp,origin),plane_normal)/den\n    if den<1e-4: return (0,0.0,None)\n    if t>0.001:\n        return (0,t,plane_normal)\n    return (0,0.0,None)\n\ndef in_shadow(origin,d):\n    # is_in_shadow(ray from origin toward lightdir) - here we pass the hit origin & light dir\n    return sphere_hit(add(origin,mulv(lightdir,0.001)),lightdir)[0]==1\n\ndef trace(origin,d,mode):\n    o1,t1,n1=sphere_hit(origin,d)\n    o2,t2,n2=plane_hit(origin,d)\n    obj=0; tmin=0.0; n=None\n    if o1==1:\n        if o2==0 or t2<t1: obj=0; tmin=t2; n=n2\n        else: obj=1; tmin=t1; n=n1\n    else:\n        if o2==1: obj=0; tmin=t2; n=n2\n        else: return sky(d)\n    # obj type: sphere=1, plane=0\n    if obj==1:\n        # sphere\n        typ=1\n    else:\n        typ=0\n    hitp=add(origin,mulv(d,tmin))\n    d2=dot(n,d)\n    if d2<0: d2=0.0\n    # shadow\n    if in_shadow(hitp, lightdir):\n        d2=0.0\n    light=0.2+0.8*d2\n    if typ==1:\n        mat=spcolor\n    else:\n        s=(math.floor(hitp[0])+math.floor(hitp[2]))&1\n        mat=(0.8,0.8,0.8) if s==0 else (0.2,0.2,0.2)\n    return (mat[0]*light,mat[1]*light,mat[2]*light)\n\nc1=(0.7,1.0,0.5); c2=(0.9,1.0,0.9)\ndef sky(d):\n    t=0.5*(d[1]+1.0)\n    return (c1[0]+(c2[0]-c1[0])*t, c1[1]+(c2[1]-c1[1])*t, c1[2]+(c2[2]-c1[2])*t)\n\ndef render(W,H,mode):\n    img=[0]*(W*H*3)\n    A=(8.0/3.0,0,0); B=(0,2.0,0); C=(0,0,1); origin=(0,0,0)\n    for y in range(H):\n        sy=y/(H-1)\n        for x in range(W):\n            sx=x/(W-1)\n            if mode==0:\n                d=sub(add(add(add((0,0,0),mulv(A,sx)),mulv(B,1-sy)),C),origin)\n            else:\n                d=sub(add(add(add((0,0,0),mulv(A,sx)),mulv(B,sy)),C),origin)\n            dn=norm(d)\n            c=trace(origin,dn,mode)\n            i=(y*W+x)*3\n            img[i]=max(0,min(255,int(c[0]*255)))\n            img[i+1]=max(0,min(255,int(c[1]*255)))\n            img[i+2]=max(0,min(255,int(c[2]*255)))\n    return img\n\n# quick layout test at 120x90\nfor mode in [0,1]:\n    W,H=120,90\n    img=render(W,H,mode)\n    chars=' .:-=+*#%@'\n    print('=== mode',mode,'===')\n    for y in range(0,H,4):\n        row=''\n        for x in range(0,W,3):\n            i=(y*W+x)*3; b=(img[i]+img[i+1]+img[i+2])/3\n            row+=chars[min(9,int(b/256*10))]\n        print(row)\nEOF\npython3 rt.py\n"] min_timeout_sec: 40.0 max_timeout_sec: 180.0
Sending keys: ['cat > /app/train_v2.py << \'PYEOF\'\nimport fasttext\nimport os\n\n# Train with fasttext paper settings for Yelp full\n# dim=10, wordNgrams=2, bucket=10M, epoch=5, lr=0.1, minCount=1\nprint("Training with paper settings on lowercased data...")\nmodel = fasttext.train_supervised(\n    input=\'/app/train_lower.txt\',\n    dim=10,\n    wordNgrams=2,\n    bucket=10000000,\n    epoch=5,\n    lr=0.1,\n    minCount=1,\n    thread=32,\n    verbose=2\n)\n\nresult = model.test(\'/app/test_lower.txt\')\nprint(f\'\\nBefore quantize - Accuracy: {result[1]:.4f}\')\n\n# Quantize - dim=10 with dsub=2, qnorm=True: each vector ~6 bytes\n# 10M buckets + 1.45M words = ~11.45M vectors x 6 bytes = ~69MB\nmodel.quantize(input=\'/app/train_lower.txt\', qnorm=True, retrain=True, cutoff=0, dsub=2, epoch=5, lr=0.1)\n\nresult = model.test(\'/app/test_lower.txt\')\nprint(f\'After quantize - Accuracy: {result[1]:.4f}\')\n\nmodel.save_model(\'/app/model.bin\')\nsize_mb = os.path.getsize(\'/app/model.bin\') / (1024*1024)\nprint(f\'Model size: {size_mb:.2f} MB\')\nprint(f"\\nSize < 150MB: {size_mb < 150}")\nprint(f"Accuracy >= 0.62: {result[1] >= 0.62}")\nPYEOF\n'] min_timeout_sec: 0.5 max_timeout_sec: 180.0
Sending keys: ['python3 /app/train_v2.py 2>&1\n'] min_timeout_sec: 60.0 max_timeout_sec: 180.0
Parser warnings: - Extra text detected before JSON object
Sending keys: ['python3 -c "import importlib.metadata as m; print(\'pystan version:\', m.version(\'pystan\'))" 2>&1; echo \'---\'\n'] min_timeout_sec: 4.0 max_timeout_sec: 180.0
Sending keys: ["echo '=== Deliverables ==='; ls -la /app/pystan_analysis.py /app/gp_ard_regression.stan /app/alpha_est.csv /app/sigma_est.csv /app/rho_est.csv /app/beta_est.csv\n"] min_timeout_sec: 3.0 max_timeout_sec: 180.0
Sending keys: ["echo '=== Sampling hyperparameters in script (RStan-equivalent) ==='; sed -n '/fit = model.sample/,/)/p' /app/pystan_analysis.py\n"] min_timeout_sec: 3.0 max_timeout_sec: 180.0
Sending keys: ["echo '=== Final result values ==='; echo -n 'alpha: '; cat /app/alpha_est.csv; echo -n 'sigma: '; cat /app/sigma_est.csv; echo 'rho:'; cat /app/rho_est.csv; echo 'beta:'; cat /app/beta_est.csv\n"] min_timeout_sec: 3.0 max_timeout_sec: 180.0
Trajectory dumped to /home/ubuntu/tb21/jobs/tb21c-8x512k-hyd-p1-s2/rstan-to-pystan__23hYjBt/agent/trajectory.json
Sending keys: ['cd /app && for i in 1 2 3; do echo "=== eval run $i (10x10 only) ==="; python3 -c "\nimport time,numpy as np\nfrom eigen import find_dominant_eigenvalue_and_eigenvector as f\ndef ref(A):\n    v,x=np.linalg.eig(A); i=np.argmax(np.abs(v)); return v[i],x[:,i]\nfor fn,nm in [(f,\'mine\'),(ref,\'ref\')]:\n    dts=[]\n    for _ in range(200):\n        A=np.random.normal(size=(10,10)).astype(np.float64)\n        t0=time.perf_counter(); fn(A); t1=time.perf_counter(); dts.append(t1-t0)\n    print(f\'10x10 {nm}: median={np.median(dts)*1e6:.3f}us min={np.min(dts)*1e6:.3f}us\')\n"; done\n'] min_timeout_sec: 60.0 max_timeout_sec: 180.0
Trajectory dumped to /home/ubuntu/tb21/jobs/tb21c-8x512k-hyd-p1-s2/path-tracing__hRnNnre/agent/trajectory.json
Parser warnings: - Extra text detected before JSON object
Sending keys: ["grep -n -A 15 'fit = model.sample' /app/pystan_analysis.py\n"] min_timeout_sec: 3.0 max_timeout_sec: 180.0
Sending keys: ["echo '=== build call (random_seed) ==='; grep -n 'stan.build' /app/pystan_analysis.py\n"] min_timeout_sec: 3.0 max_timeout_sec: 180.0
Trajectory dumped to /home/ubuntu/tb21/jobs/tb21c-8x512k-hyd-p1-s2/rstan-to-pystan__23hYjBt/agent/trajectory.json
Parser warnings: - Extra text detected before JSON object
Trajectory dumped to /home/ubuntu/tb21/jobs/tb21c-8x512k-hyd-p1-s2/rstan-to-pystan__23hYjBt/agent/trajectory.json
Parser warnings: - Extra text detected before JSON object
Trajectory dumped to /home/ubuntu/tb21/jobs/tb21c-8x512k-hyd-p1-s2/rstan-to-pystan__23hYjBt/agent/trajectory.json
Trajectory dumped to /home/ubuntu/tb21/jobs/tb21c-8x512k-hyd-p1-s2/rstan-to-pystan__23hYjBt/agent/trajectory.json
Collecting main service artifacts
Trajectory dumped to /home/ubuntu/tb21/jobs/tb21c-8x512k-hyd-p1-s2/train-fasttext__xrA2VrD/agent/trajectory.json
Sending keys: [''] min_timeout_sec: 60 max_timeout_sec: 180.0
Trajectory dumped to /home/ubuntu/tb21/jobs/tb21c-8x512k-hyd-p1-s2/largest-eigenval__buQ3wx6/agent/trajectory.json
Parser warnings: - Extra text detected before JSON object
Sending keys: ['python3 -c "\nimport time,numpy as np, scipy.linalg as sla, scipy.linalg._flapack as fl\nA=np.random.normal(size=(10,10)).astype(np.float64)\ndef t(fn,iters=3000):\n    for _ in range(50): fn()\n    best=1e9\n    for _ in range(5):\n        t0=time.perf_counter()\n        for _ in range(iters): fn()\n        t1=time.perf_counter(); best=min(best,(t1-t0)/iters)\n    return best*1e6\nimport inspect\nprint(\'np.eig has _assertFinite:\', \'_assertFinite\' in inspect.getsource(np.linalg.eig))\nprint(\'np.linalg.eig  \', round(t(lambda: np.linalg.eig(A)),3),\'us\')\nprint(\'dgeev vr=1     \', round(t(lambda: fl.dgeev(A,0,1,max(40,1),0)),3),\'us\')\nprint(\'dgeev vr=0     \', round(t(lambda: fl.dgeev(A,0,0,max(40,1),0)),3),\'us\')\nprint(\'schur complex  \', round(t(lambda: sla.schur(A, output=\'complex\', check_finite=False)),3),\'us\')\nprint(\'dgeev vl+vr    \', round(t(lambda: fl.dgeev(A,1,1,max(40,1),0)),3),\'us\')\n"\n'] min_timeout_sec: 30.0 max_timeout_sec: 180.0
Trajectory dumped to /home/ubuntu/tb21/jobs/tb21c-8x512k-hyd-p1-s2/train-fasttext__xrA2VrD/agent/trajectory.json
Sending keys: [''] min_timeout_sec: 60 max_timeout_sec: 180.0
Trajectory dumped to /home/ubuntu/tb21/jobs/tb21c-8x512k-hyd-p1-s2/largest-eigenval__buQ3wx6/agent/trajectory.json
Parser warnings: - Extra text detected before JSON object
Sending keys: ['cat > /app/eigen.py << \'EOF\'\nimport numpy as np\nimport scipy.linalg._flapack as _flapack\n\n_dgeev = _flapack.dgeev\n\n\ndef find_dominant_eigenvalue_and_eigenvector(A: np.ndarray):\n    """\n    Find the dominant eigenvalue (largest magnitude) and its eigenvector of a\n    general real square matrix (the pair may be complex).\n\n    Args:\n        A: Real-valued square matrix (numpy array), dtype float64, size <= 10x10.\n\n    Returns:\n        eigenvalue: dominant eigenvalue (numpy scalar, possibly complex)\n        eigenvector: corresponding eigenvector (np.ndarray, possibly complex,\n                     unit 2-norm)\n    """\n    A = np.ascontiguousarray(A, dtype=np.float64)\n    n = A.shape[0]\n    # Right eigenvectors only (compute_vl=0, compute_vr=1); overwrite_a=0 keeps A intact.\n    wr, wi, _vl, vr, info = _dgeev(A, 0, 1, max(4 * n, 1), 0)\n    if info:\n        raise np.linalg.LinAlgError("dgeev did not converge")\n    # |lambda| = hypot(real, imag); avoids building a complex array.\n    idx = int(np.argmax(np.hypot(wr, wi)))\n    lam = wr[idx] + 1j * wi[idx]\n    # LAPACK stores complex-conjugate pairs in two consecutive columns, the\n    # member with the positive imaginary part first, and unit-normalizes them.\n    w = wi[idx]\n    if w > 0:\n        x = vr[:, idx] + 1j * vr[:, idx + 1]\n    elif w < 0:\n        x = vr[:, idx - 1] - 1j * vr[:, idx]\n    else:\n        x = vr[:, idx].astype(np.complex128)\n    return lam, x\nEOF\npython3 -c "\nimport time,numpy as np\nfrom eigen import find_dominant_eigenvalue_and_eigenvector as f\ndef ref(A):\n    v,x=np.linalg.eig(A); i=np.argmax(np.abs(v)); return v[i],x[:,i]\n# correctness stress\nworst=0.0\nfor t in range(4000):\n    n=np.random.randint(2,11)\n    A=np.random.normal(size=(n,n))\n    lam,x=f(A)\n    res=np.linalg.norm(A@x-lam*x)/np.linalg.norm(x)\n    worst=max(worst,res)\n    assert res<1e-9\nprint(\'worst residual:\', worst)\n# speed all sizes, median of 200, alternating fresh matrices\nfor size in [2,4,6,8,10]:\n    for nm,fn in [(\'mine\',f),(\'ref\',ref)]:\n        dts=[]\n        for _ in range(200):\n            A=np.random.normal(size=(size,size)).astype(np.float64)\n            t0=time.perf_counter(); fn(A); t1=time.perf_counter(); dts.append(t1-t0)\n        print(f\'{size}x{size} {nm:4s}: median={np.median(dts)*1e6:8.3f}us  min={np.min(dts)*1e6:8.3f}us\')\n"\n'] min_timeout_sec: 60.0 max_timeout_sec: 180.0
Trajectory dumped to /home/ubuntu/tb21/jobs/tb21c-8x512k-hyd-p1-s2/train-fasttext__xrA2VrD/agent/trajectory.json
Sending keys: ['ls -lh /app/model.bin\n'] min_timeout_sec: 0.1 max_timeout_sec: 180.0
Sending keys: ['python3 -c "\nimport fasttext\nmodel = fasttext.load_model(\'/app/model.bin\')\nprint(\'Model loaded successfully\')\nprint(\'Labels:\', model.labels)\n\n# Test on a few examples\nexamples = [\n    \'This place was incredible, totally lived up to the hype. Best food ever!\',\n    \'Terrible service, the food was cold and the waiter was rude.\',\n    \'It was okay, nothing special but not bad either.\',\n    \'Absolutely amazing experience, will definitely come back!\',\n    \'The food was mediocre and the prices were too high for the quality.\',\n]\nfor text in examples:\n    pred = model.predict(text)\n    print(f\'  Label: {pred[0][0]} | Prob: {pred[1][0]:.3f} | Text: {text[:60]}...\')\n\n# Test accuracy on the test set\nresult = model.test(\'/app/test_lower.txt\')\nprint(f\'\\nTest accuracy: {result[1]:.4f} on {result[0]} samples\')\n\nimport os\nsize_mb = os.path.getsize(\'/app/model.bin\') / (1024*1024)\nprint(f\'Model size: {size_mb:.2f} MB\')\n"\n'] min_timeout_sec: 30.0 max_timeout_sec: 180.0
Trajectory dumped to /home/ubuntu/tb21/jobs/tb21c-8x512k-hyd-p1-s2/train-fasttext__xrA2VrD/agent/trajectory.json
Sending keys: ['python3 -c "\nimport fasttext\nmodel = fasttext.load_model(\'/app/model.bin\')\n\n# Test method works\nresult = model.test(\'/app/test_lower.txt\')\nprint(f\'Test accuracy: {result[1]:.4f} on {result[0]} samples\')\n\n# Test prediction with workaround\nimport numpy as np\ntext = \'This place was incredible, best food ever!\'\nlabels, probs = model.predict(text)\n# The error is in np.array(probs, copy=False) - let\'s check if k=1 works differently\nprint(\'Labels:\', labels)\n\nimport os\nsize_mb = os.path.getsize(\'/app/model.bin\') / (1024*1024)\nprint(f\'Model size: {size_mb:.2f} MB\')\nprint(f\'\\nAll checks passed!\')\nprint(f\'  - Size < 150MB: {size_mb < 150}\')\nprint(f\'  - Accuracy >= 0.62: {result[1] >= 0.62}\')\n"\n'] min_timeout_sec: 30.0 max_timeout_sec: 180.0
Trajectory dumped to /home/ubuntu/tb21/jobs/tb21c-8x512k-hyd-p1-s2/largest-eigenval__buQ3wx6/agent/trajectory.json
Parser warnings: - Extra text detected before JSON object
Sending keys: ["cd /app && echo '===== RUN 1 =====' && python3 eval.py && echo '===== RUN 2 =====' && python3 eval.py\n"] min_timeout_sec: 60.0 max_timeout_sec: 180.0
Trajectory dumped to /home/ubuntu/tb21/jobs/tb21c-8x512k-hyd-p1-s2/train-fasttext__xrA2VrD/agent/trajectory.json
Sending keys: ["sed -i 's/np.array(probs, copy=False)/np.asarray(probs)/g' /usr/local/lib/python3.13/site-packages/fasttext/FastText.py\n"] min_timeout_sec: 0.5 max_timeout_sec: 180.0
Sending keys: ['python3 -c "\nimport fasttext\nmodel = fasttext.load_model(\'/app/model.bin\')\n\n# Test accuracy\nresult = model.test(\'/app/test_lower.txt\')\nprint(f\'Test accuracy: {result[1]:.4f} on {result[0]} samples\')\n\n# Test prediction - should work now\nexamples = [\n    \'This place was incredible, best food ever!\',\n    \'Terrible service, the food was cold and the waiter was rude.\',\n    \'It was okay, nothing special but not bad either.\',\n]\nfor text in examples:\n    pred = model.predict(text)\n    print(f\'  Label: {pred[0][0]} | Prob: {pred[1][0]:.3f} | Text: {text[:50]}...\')\n\nimport os\nsize_mb = os.path.getsize(\'/app/model.bin\') / (1024*1024)\nprint(f\'\\nModel size: {size_mb:.2f} MB\')\nprint(f\'Size < 150MB: {size_mb < 150}\')\nprint(f\'Accuracy >= 0.62: {result[1] >= 0.62}\')\n"\n'] min_timeout_sec: 30.0 max_timeout_sec: 180.0
Trajectory dumped to /home/ubuntu/tb21/jobs/tb21c-8x512k-hyd-p1-s2/train-fasttext__xrA2VrD/agent/trajectory.json
Trajectory dumped to /home/ubuntu/tb21/jobs/tb21c-8x512k-hyd-p1-s2/train-fasttext__xrA2VrD/agent/trajectory.json
Trajectory dumped to /home/ubuntu/tb21/jobs/tb21c-8x512k-hyd-p1-s2/largest-eigenval__buQ3wx6/agent/trajectory.json
Parser warnings: - Extra text detected before JSON object
Sending keys: ["cd /tmp && cat > rt2.py <<'EOF'\nimport math\n\ndef norm(v): l=math.sqrt(sum(a*a for a in v)); return (v[0]/l,v[1]/l,v[2]/l)\ndef dot(a,b): return a[0]*b[0]+a[1]*b[1]+a[2]*b[2]\ndef sub(a,b): return (a[0]-b[0],a[1]-b[1],a[2]-b[2])\ndef add(a,b): return (a[0]+b[0],a[1]+b[1],a[2]+b[2])\ndef mulv(a,s): return (a[0]*s,a[1]*s,a[2]*s)\n\ncenter=(0.0,-0.5,-5.0); radius=1.0\nspcolor=(0.2,0.2,1.0)\nplane_y=-1.5\nplane_normal=(0.0,1.0,0.0)\nlightdir=norm((1.0,1.0,-1.0))\nc1=(0.7,1.0,0.5); c2=(0.9,1.0,0.9)\n\ndef sphere_hit(o,d):\n    oc=sub(o,center); b=dot(d,oc); c=dot(oc,oc)-radius*radius; disc=b*b-c\n    if disc<0: return (0,0.0,None)\n    s=math.sqrt(disc); t=-b-s\n    if t>0.001: p=add(o,mulv(d,t)); return (1,t,norm(sub(p,center)))\n    t=-b+s\n    if t>0.001: p=add(o,mulv(d,t)); return (1,t,norm(sub(p,center)))\n    return (0,0.0,None)\n\ndef plane_hit(o,d):\n    den=dot(plane_normal,d)\n    if abs(den)<1e-4: return (0,0.0,None)\n    t=(plane_y-o[1])/den   # (pp.y - o.y)/den, pp.y=plane_y, n=(0,1,0)\n    if t>0.001: return (0,t,plane_normal)\n    return (0,0.0,None)\n\ndef in_shadow(o,d):\n    return sphere_hit(add(o,mulv(d,0.001)),d)[0]==1\n\ndef sky(d):\n    t=0.5*(d[1]+1.0)\n    return (c1[0]+(c2[0]-c1[0])*t,c1[1]+(c2[1]-c1[1])*t,c1[2]+(c2[2]-c1[2])*t)\n\ndef trace(o,d):\n    o1,t1,n1=sphere_hit(o,d)\n    o2,t2,n2=plane_hit(o,d)\n    if o1==0 and o2==0: return sky(d)\n    if o1==1 and (o2==0 or t1<t2):\n        typ,t,n=1,t1,n1\n    elif o2==1:\n        typ,t,n=0,t2,n2\n    else:\n        return sky(d)\n    hitp=add(o,mulv(d,t))\n    diff=dot(n,d)\n    if diff<0: diff=0.0\n    if in_shadow(hitp,lightdir): diff=0.0\n    light=0.2+0.8*diff\n    if typ==1: mat=spcolor\n    else:\n        s=(int(math.floor(hitp[0]))+int(math.floor(hitp[2])))&1\n        mat=(0.8,0.8,0.8) if s==0 else (0.2,0.2,0.2)\n    return (mat[0]*light,mat[1]*light,mat[2]*light)\n\ndef render(W,H,dirfn,origin=(0,0,0)):\n    img=[0]*(W*H*3)\n    for y in range(H):\n        sy=y/(H-1)\n        for x in range(W):\n            sx=x/(W-1)\n            d=dirfn(sx,sy)\n            dn=norm(d)\n            c=trace(origin,dn)\n            i=(y*W+x)*3\n            img[i]=max(0,min(255,int(c[0]*255)))\n            img[i+1]=max(0,min(255,int(c[1]*255)))\n            img[i+2]=max(0,min(255,int(c[2]*255)))\n    return img\n\nF={\n 'A':lambda sx,sy:(8/3*sx,-2*(1-sy),1),\n 'B':lambda sx,sy:(-4/3+8/3*sx,1-2*sy,-1),\n 'C':lambda sx,sy:(-4/3+8/3*sx,-1+2*sy,-1),\n 'D':lambda sx,sy:(-4/3+8/3*sx,1-2*sy,1),\n}\nchars=' .:-=+*#%@'\ndef ascii_img(img,W,H):\n    out=[]\n    for y in range(0,H,4):\n        row=''\n        for x in range(0,W,3):\n            i=(y*W+x)*3; b=(img[i]+img[i+1]+img[i+2])/3\n            row+=chars[min(9,int(b/256*10))]\n        out.append(row)\n    return '\\n'.join(out)\nfor k,f in F.items():\n    img=render(120,90,f)\n    print('=== formula',k,'===')\n    print(ascii_img(img,120,90))\nEOF\npython3 rt2.py\n"] min_timeout_sec: 60.0 max_timeout_sec: 180.0
Parser warnings: - Extra text detected before JSON object
Sending keys: ['cd /app && cat eigen.py && echo \'--- non-mutation check ---\' && python3 -c "\nimport numpy as np\nfrom eigen import find_dominant_eigenvalue_and_eigenvector as f\nA=np.random.normal(size=(7,7)).astype(np.float64)\nB=A.copy()\nlam,x=f(A)\nprint(\'input preserved:\', np.array_equal(A,B))\nprint(\'residual:\', np.linalg.norm(A@x-lam*x)/np.linalg.norm(x))\n"\n'] min_timeout_sec: 15.0 max_timeout_sec: 180.0
Trajectory dumped to /home/ubuntu/tb21/jobs/tb21c-8x512k-hyd-p1-s2/largest-eigenval__buQ3wx6/agent/trajectory.json
Parser warnings: - Extra text detected before JSON object
Sending keys: ['cd /app && rm -f bench.py bench2.py && ls -la\n'] min_timeout_sec: 0.5 max_timeout_sec: 180.0
Trajectory dumped to /home/ubuntu/tb21/jobs/tb21c-8x512k-hyd-p1-s2/largest-eigenval__buQ3wx6/agent/trajectory.json
Parser warnings: - Extra text detected before JSON object
Sending keys: ['cd /app && python3 -c "import scipy.linalg._flapack as f; print(\'scipy ok:\', hasattr(f,\'dgeev\'))" && echo \'=== FINAL EVAL ===\' && python3 eval.py\n'] min_timeout_sec: 60.0 max_timeout_sec: 180.0
Trajectory dumped to /home/ubuntu/tb21/jobs/tb21c-8x512k-hyd-p1-s2/path-tracing__hRnNnre/agent/trajectory.json
Sending keys: ['ls -la /app/*.txt\n'] min_timeout_sec: 0.1 max_timeout_sec: 180.0
Sending keys: ['python3 -c "\nimport fasttext\nmodel = fasttext.load_model(\'/app/model.bin\')\n# Test on RAW (original case) text - this simulates grader using raw text\nresult = model.test(\'/app/test_local.txt\')\nprint(f\'Lowercased model on RAW test: accuracy = {result[1]:.4f} on {result[0]} samples\')\n# Test on lowercased text (what we measured before)\nresult2 = model.test(\'/app/test_lower.txt\')\nprint(f\'Lowercased model on LOWER test: accuracy = {result2[1]:.4f} on {result2[0]} samples\')\n"\n'] min_timeout_sec: 30.0 max_timeout_sec: 180.0
Trajectory dumped to /home/ubuntu/tb21/jobs/tb21c-8x512k-hyd-p1-s2/train-fasttext__xrA2VrD/agent/trajectory.json
Parser warnings: - Extra text detected before JSON object
Trajectory dumped to /home/ubuntu/tb21/jobs/tb21c-8x512k-hyd-p1-s2/largest-eigenval__buQ3wx6/agent/trajectory.json
Sending keys: ["cd /tmp && cat > cmp.py <<'EOF'\nimport math, time\nfrom rt2 import trace, norm, render, F\n\ndef load_real():\n    with open('/app/image.ppm','rb') as f: d=f.read()\n    i=2; toks=[]\n    while len(toks)<4:\n        while i<len(d) and d[i] in b' \\t\\r\\n': i+=1\n        s=i\n        while i<len(d) and d[i] not in b' \\t\\r\\n': i+=1\n        toks.append(int(d[s:i]))\n    while i<len(d) and d[i] in b' \\t\\r\\n': i+=1\n    W,H,M=toks[0],toks[1],toks[2]\n    v=[int(x) for x in d[i:].split()]\n    while len(v)<W*H*3: v.append(0)\n    return W,H,v\nRW,RH,rv=load_real()\n\ndef down(v,W,H,sw,sh):\n    out=[0.0]*(sw*sh*3)\n    bw=W//sw; bh=H//sh\n    for sy in range(sh):\n        for sx in range(sw):\n            r=g=b=0.0;n=0\n            for yy in range(sy*bh,(sy+1)*bh):\n                for xx in range(sx*bw,(sx+1)*bw):\n                    i=(yy*W+xx)*3\n                    r+=v[i];g+=v[i+1];b+=v[i+2];n+=1\n            o=(sy*sw+sx)*3\n            out[o]=r/n; out[o+1]=g/n; out[o+2]=b/n\n    return out\n\ndef cosine(a,b):\n    num=0.0;na=0.0;nb=0.0\n    for i in range(len(a)):\n        num+=a[i]*b[i];na+=a[i]*a[i];nb+=b[i]*b[i]\n    return num/math.sqrt(na*nb)\n\nSW,SH=320,240\nreal_d=down(rv,RW,RH,SW,SH)\nfor k,f in F.items():\n    t0=time.time()\n    img=render(SW,SH,f)\n    sim=cosine(real_d, img)\n    print('formula',k,'cosine=%.4f time=%.1f'%(sim,time.time()-t0))\nEOF\npython3 cmp.py\n"] min_timeout_sec: 60 max_timeout_sec: 180.0
Parser warnings: - Extra text detected before JSON object
Trajectory dumped to /home/ubuntu/tb21/jobs/tb21c-8x512k-hyd-p1-s2/largest-eigenval__buQ3wx6/agent/trajectory.json
Parser warnings: - Extra text detected before JSON object
Trajectory dumped to /home/ubuntu/tb21/jobs/tb21c-8x512k-hyd-p1-s2/largest-eigenval__buQ3wx6/agent/trajectory.json
Trajectory dumped to /home/ubuntu/tb21/jobs/tb21c-8x512k-hyd-p1-s2/largest-eigenval__buQ3wx6/agent/trajectory.json
Collecting main service artifacts
Sending keys: ['cat > /app/train_v3.py << \'PYEOF\'\nimport fasttext\nimport os\n\n# Train on RAW text (original case) so model matches grader input format\n# Using fasttext paper\'s Yelp settings\nprint("Training v3 on RAW text with paper settings...")\nmodel = fasttext.train_supervised(\n    input=\'/app/train.txt\',\n    dim=10,\n    wordNgrams=2,\n    bucket=10000000,\n    epoch=5,\n    lr=0.1,\n    minCount=1,\n    thread=32,\n    verbose=2\n)\n\nresult = model.test(\'/app/test_local.txt\')\nprint(f\'\\nBefore quantize - RAW accuracy: {result[1]:.4f}\')\n\n# Quantize to reduce size\nmodel.quantize(input=\'/app/train.txt\', qnorm=True, retrain=True, cutoff=0, dsub=2, epoch=5, lr=0.1)\n\nresult = model.test(\'/app/test_local.txt\')\nprint(f\'After quantize - RAW accuracy: {result[1]:.4f}\')\n\nmodel.save_model(\'/app/model.bin\')\nsize_mb = os.path.getsize(\'/app/model.bin\') / (1024*1024)\nprint(f\'Model size: {size_mb:.2f} MB\')\nprint(f"\\nSize < 150MB: {size_mb < 150}")\nprint(f"Accuracy (RAW) >= 0.62: {result[1] >= 0.62}")\nPYEOF\n'] min_timeout_sec: 0.5 max_timeout_sec: 180.0
Sending keys: ['python3 /app/train_v3.py 2>&1\n'] min_timeout_sec: 60.0 max_timeout_sec: 180.0
Trajectory dumped to /home/ubuntu/tb21/jobs/tb21c-8x512k-hyd-p1-s2/path-tracing__hRnNnre/agent/trajectory.json
Trajectory dumped to /home/ubuntu/tb21/jobs/tb21c-8x512k-hyd-p1-s2/train-fasttext__xrA2VrD/agent/trajectory.json
Sending keys: [''] min_timeout_sec: 60 max_timeout_sec: 180.0
Parser warnings: - Extra text detected before JSON object
Sending keys: ["cd /tmp && cat > fitsky.py <<'EOF'\nimport math\nW,H=2400,1800\nwith open('/app/image.ppm','rb') as f: d=f.read()\ni=2; toks=[]\nwhile len(toks)<4:\n    while i<len(d) and d[i] in b' \\t\\r\\n': i+=1\n    s=i\n    while i<len(d) and d[i] not in b' \\t\\r\\n': i+=1\n    toks.append(int(d[s:i]))\nwhile i<len(d) and d[i] in b' \\t\\r\\n': i+=1\nW,H,M=toks[0],toks[1],toks[2]\nv=[int(x) for x in d[i:].split()]\nwhile len(v)<W*H*3: v.append(0)\n\ndef tval(sx,sy):\n    dx=-4/3+8/3*sx; dy=1-2*sy; dz=-1\n    l=math.sqrt(dx*dx+dy*dy+dz*dz)\n    ndy=dy/l\n    return 0.5*(ndy+1)\n\n# sample sky pixels: top region y in [0,800], all x (sphere is central; avoid center cols 1000-1400)\nA=[]  # rows: [mR,mG,mB, (1-t), t]\nfor y in range(0,800,7):\n    sy=y/(H-1)\n    for x in range(0,W,7):\n        sx=x/(W-1)\n        r,g,b=v[(y*W+x)*3]/255.0,v[(y*W+x)*3+1]/255.0,v[(y*W+x)*3+2]/255.0\n        # skip sphere (bluish): sphere has b>r and b>g significantly and dim\n        if b>r+0.05 and b>g+0.05 and b<0.95 and g<0.95: continue\n        # skip floor (gray): r~g~b\n        if abs(r-g)<0.02 and abs(g-b)<0.02 and r<0.9: continue\n        t=tval(sx,sy)\n        A.append([r,g,b,1-t,t])\nimport numpy as np\nA=np.array(A,float)\nM=A[:,:3]; Fm=np.column_stack([A[:,3],A[:,4]])  # (1-t) and t\n# solve M = Fm @ [c1;c2] per channel\ncoef,res,rank,sv=np.linalg.lstsq(Fm,M,rcond=None)\nprint('num sky pts',len(A))\nprint('c1=(%.4f,%.4f,%.4f)'%(coef[0,0],coef[0,1],coef[0,2]))\nprint('c2=(%.4f,%.4f,%.4f)'%(coef[1,0],coef[1,1],coef[1,2]))\n# residual\npred=Fm@coef\nerr=np.sqrt(((M-pred)**2).mean())\nprint('rms color err',err)\nEOF\npython3 fitsky.py\n"] min_timeout_sec: 40.0 max_timeout_sec: 180.0
Trajectory dumped to /home/ubuntu/tb21/jobs/tb21c-8x512k-hyd-p1-s2/train-fasttext__xrA2VrD/agent/trajectory.json
Sending keys: [''] min_timeout_sec: 60 max_timeout_sec: 180.0
Trajectory dumped to /home/ubuntu/tb21/jobs/tb21c-8x512k-hyd-p1-s2/path-tracing__hRnNnre/agent/trajectory.json
Parser warnings: - Extra text detected before JSON object
Sending keys: ["cd /tmp && cat > fitsky.py <<'EOF'\nimport math\nW,H=2400,1800\nwith open('/app/image.ppm','rb') as f: d=f.read()\ni=2; toks=[]\nwhile len(toks)<4:\n    while i<len(d) and d[i] in b' \\t\\r\\n': i+=1\n    s=i\n    while i<len(d) and d[i] not in b' \\t\\r\\n': i+=1\n    toks.append(int(d[s:i]))\nwhile i<len(d) and d[i] in b' \\t\\r\\n': i+=1\nW,H,M=toks[0],toks[1],toks[2]\nv=[int(x) for x in d[i:].split()]\nwhile len(v)<W*H*3: v.append(0)\ndef tval(sx,sy):\n    dx=-4/3+8/3*sx; dy=1-2*sy; dz=-1\n    l=math.sqrt(dx*dx+dy*dy+dz*dz); return 0.5*(dy/l+1)\nS11=S12=S22=0.0\nb=[0.0,0.0,0.0]; b2=[0.0,0.0,0.0]\nN=0\nfor y in range(0,800,7):\n    sy=y/(H-1)\n    for x in range(0,W,7):\n        sx=x/(W-1)\n        r,g,b_=v[(y*W+x)*3]/255.0,v[(y*W+x)*3+1]/255.0,v[(y*W+x)*3+2]/255.0\n        if b_>r+0.05 and b_>g+0.05 and b_<0.95 and g<0.95: continue\n        if abs(r-g)<0.02 and abs(g-b_)<0.02 and r<0.9: continue\n        t=tval(sx,sy); om=1-t\n        S11+=om*om; S12+=om*t; S22+=t*t\n        b[0]+=r*om; b[1]+=g*om; b[2]+=b_*om\n        b2[0]+=r*t; b2[1]+=g*t; b2[2]+=b_*t\n        N+=1\ndet=S11*S22-S12*S12\nc1=[(b[c]*S22-b2[c]*S12)/det for c in range(3)]\nc2=[(b2[c]*S11-b[c]*S12)/det for c in range(3)]\nprint('N',N)\nprint('c1=(%.5f,%.5f,%.5f)'%tuple(c1))\nprint('c2=(%.5f,%.5f,%.5f)'%tuple(c2))\nopen('/tmp/sky.txt','w').write('%.8f %.8f %.8f\\n%.8f %.8f %.8f\\n'%(c1[0],c1[1],c1[2],c2[0],c2[1],c2[2]))\nEOF\npython3 fitsky.py\n"] min_timeout_sec: 40.0 max_timeout_sec: 180.0
Trajectory dumped to /home/ubuntu/tb21/jobs/tb21c-8x512k-hyd-p1-s2/train-fasttext__xrA2VrD/agent/trajectory.json
Trajectory dumped to /home/ubuntu/tb21/jobs/tb21c-8x512k-hyd-p1-s2/path-tracing__hRnNnre/agent/trajectory.json
Sending keys: ['cat > /app/train_v4.py << \'PYEOF\'\nimport fasttext\nimport os\n\n# Train on RAW text\nprint("Training v4 on RAW text...")\nmodel = fasttext.train_supervised(\n    input=\'/app/train.txt\',\n    dim=10,\n    wordNgrams=2,\n    bucket=10000000,\n    epoch=5,\n    lr=0.1,\n    minCount=1,\n    thread=32,\n    verbose=2\n)\n\nresult = model.test(\'/app/test_local.txt\')\nprint(f\'\\nBefore quantize - RAW accuracy: {result[1]:.4f}\')\n\n# Quantize with dsub=1 for better accuracy retention\n# dim=10, dsub=1: 10 bytes per vector + 1 norm = 11 bytes\n# (1.62M + 10M) x 11 = ~128MB\nmodel.quantize(input=\'/app/train.txt\', qnorm=True, retrain=True, cutoff=0, dsub=1, epoch=5, lr=0.1)\n\nresult = model.test(\'/app/test_local.txt\')\nprint(f\'After quantize (dsub=1) - RAW accuracy: {result[1]:.4f}\')\n\nmodel.save_model(\'/app/model.bin\')\nsize_mb = os.path.getsize(\'/app/model.bin\') / (1024*1024)\nprint(f\'Model size: {size_mb:.2f} MB\')\nprint(f"\\nSize < 150MB: {size_mb < 150}")\nprint(f"Accuracy (RAW) >= 0.62: {result[1] >= 0.62}")\nPYEOF\n'] min_timeout_sec: 0.5 max_timeout_sec: 180.0
Sending keys: ['python3 /app/train_v4.py 2>&1\n'] min_timeout_sec: 60.0 max_timeout_sec: 180.0
Trajectory dumped to /home/ubuntu/tb21/jobs/tb21c-8x512k-hyd-p1-s2/train-fasttext__xrA2VrD/agent/trajectory.json
Sending keys: [''] min_timeout_sec: 60 max_timeout_sec: 180.0
Parser warnings: - Extra text detected before JSON object
Sending keys: ["cd /tmp && sed -i 's/c1=(0.7,1.0,0.5); c2=(0.9,1.0,0.9)/c1=(1.0,1.0,1.0); c2=(0.7,1.0,0.5)/' rt2.py && grep -n 'c1=' rt2.py && python3 cmp.py\n"] min_timeout_sec: 60 max_timeout_sec: 180.0
Trajectory dumped to /home/ubuntu/tb21/jobs/tb21c-8x512k-hyd-p1-s2/train-fasttext__xrA2VrD/agent/trajectory.json
Trajectory dumped to /home/ubuntu/tb21/jobs/tb21c-8x512k-hyd-p1-s2/path-tracing__hRnNnre/agent/trajectory.json
Sending keys: [''] min_timeout_sec: 60 max_timeout_sec: 180.0
Trajectory dumped to /home/ubuntu/tb21/jobs/tb21c-8x512k-hyd-p1-s2/train-fasttext__xrA2VrD/agent/trajectory.json
Parser warnings: - Extra text detected before JSON object
Sending keys: ["cd /tmp && cat > fullcmp.py <<'EOF'\nimport math,time\nfrom rt2 import render, F\ndef load_real():\n    with open('/app/image.ppm','rb') as f: d=f.read()\n    i=2; toks=[]\n    while len(toks)<4:\n        while i<len(d) and d[i] in b' \\t\\r\\n': i+=1\n        s=i\n        while i<len(d) and d[i] not in b' \\t\\r\\n': i+=1\n        toks.append(int(d[s:i]))\n    while i<len(d) and d[i] in b' \\t\\r\\n': i+=1\n    W,H,M=toks[0],toks[1],toks[2]\n    v=[int(x) for x in d[i:].split()]\n    while len(v)<W*H*3: v.append(0)\n    return W,H,v\nW,H,rv=load_real()\nprint('real',W,H)\nt0=time.time()\nimg=render(W,H,F['B'])\nprint('render time',time.time()-t0)\ndef cos(a,b):\n    n=na=nb=0.0\n    for i in range(len(a)): n+=a[i]*b[i]; na+=a[i]*a[i]; nb+=b[i]*b[i]\n    return n/math.sqrt(na*nb)\nprint('FULL cosine B = %.5f'%cos(rv,img))\n# region cosines\nfor name,(y0,y1) in [('top sky',(0,800)),('mid',(800,1100)),('bottom floor',(1100,1800))]:\n    sa=[];sb=[]\n    for y in range(y0,y1,2):\n        for x in range(0,W,4):\n            i=(y*W+x)*3\n            sa+=rv[i:i+3]; sb+=img[i:i+3]\n    print(name,'cos=%.5f'%cos(sa,sb))\n# difference heatmap downsampled\ncchars=' .:-=+*#%@'\nprint('=== abs diff heatmap (B) ===')\ndw=96;dh=54\nfor gy in range(dh):\n    row=''\n    for gx in range(dw):\n        x0=int(gx*W/dw); x1=int((gx+1)*W/dw); y0=int(gy*H/dh); y1=int((gy+1)*H/dh)\n        s=0.0;n=0\n        for y in range(y0,y1,3):\n            for x in range(x0,x1,3):\n                i=(y*W+x)*3\n                s+=abs(rv[i]-img[i])+abs(rv[i+1]-img[i+1])+abs(rv[i+2]-img[i+2]);n+=3\n        d=s/max(1,n)/255.0*10\n        row+=cchars[min(9,int(d))]\n    print(row)\n# sample a few points: real vs rendered\nfor (x,y) in [(1200,0),(1200,400),(1200,850),(1200,1000),(1200,1250),(300,1000),(1200,1600)]:\n    i=(y*W+x)*3\n    print('pt',(x,y),'real',(rv[i],rv[i+1],rv[i+2]),'B',(img[i],img[i+1],img[i+2]))\nEOF\npython3 fullcmp.py\n"] min_timeout_sec: 60.0 max_timeout_sec: 180.0
Parser warnings: - Extra text detected before JSON object
Sending keys: ['cat > /app/train_v5.py << \'PYEOF\'\nimport fasttext\nimport os\n\nprint("Training v5 on RAW text, dim=25...")\nmodel = fasttext.train_supervised(\n    input=\'/app/train.txt\',\n    dim=25,\n    wordNgrams=2,\n    bucket=10000000,\n    epoch=5,\n    lr=0.1,\n    minCount=1,\n    thread=32,\n    verbose=2\n)\n\nresult = model.test(\'/app/test_local.txt\')\nprint(f\'\\nBefore quantize - RAW accuracy (dim=25): {result[1]:.4f}\')\n\n# dim=25, dsub=5: 5 codes/vector + 1 norm = 6 bytes/vector\n# 11.62M x 6 = ~70MB + overhead ~28MB = ~98MB\nmodel.quantize(input=\'/app/train.txt\', qnorm=True, retrain=True, cutoff=0, dsub=5, epoch=5, lr=0.1)\n\nresult = model.test(\'/app/test_local.txt\')\nprint(f\'After quantize (dsub=5) - RAW accuracy: {result[1]:.4f}\')\n\nmodel.save_model(\'/app/model.bin\')\nsize_mb = os.path.getsize(\'/app/model.bin\') / (1024*1024)\nprint(f\'Model size: {size_mb:.2f} MB\')\nprint(f"\\nSize < 150MB: {size_mb < 150}")\nprint(f"Accuracy (RAW) >= 0.62: {result[1] >= 0.62}")\nPYEOF\npython3 /app/train_v5.py 2>&1\n'] min_timeout_sec: 60.0 max_timeout_sec: 180.0
Trajectory dumped to /home/ubuntu/tb21/jobs/tb21c-8x512k-hyd-p1-s2/path-tracing__hRnNnre/agent/trajectory.json
Trajectory dumped to /home/ubuntu/tb21/jobs/tb21c-8x512k-hyd-p1-s2/train-fasttext__xrA2VrD/agent/trajectory.json
Sending keys: [''] min_timeout_sec: 60 max_timeout_sec: 180.0
Parser warnings: - Extra text detected before JSON object
Sending keys: ["cd /tmp && cat > dbg.py <<'EOF'\nimport math\nfrom rt2 import sphere_hit, plane_hit, trace, norm, F, center, plane_y\nW,H=2400,1800\nf=F['B']\nfor (x,y) in [(1200,850),(1200,1000),(1200,1100),(1200,1250),(1200,1600),(300,1000),(300,1300)]:\n    sx=x/(W-1); sy=y/(H-1)\n    d=f(sx,sy)\n    dn=norm(d)\n    sh=sphere_hit((0,0,0),dn); ph=plane_hit((0,0,0),dn)\n    c=trace((0,0,0),dn)\n    print('(%d,%d) dir=%s norm=%s'%(x,y,tuple(round(a,3) for a in d),tuple(round(a,3) for a in dn)))\n    print('   sphere_hit',sh[0],round(sh[1],3),' plane_hit',ph[0],round(ph[1],3))\n    print('   color',tuple(round(a,3) for a in c))\nEOF\npython3 dbg.py\n"] min_timeout_sec: 20.0 max_timeout_sec: 180.0
Trajectory dumped to /home/ubuntu/tb21/jobs/tb21c-8x512k-hyd-p1-s2/path-tracing__hRnNnre/agent/trajectory.json
Trajectory dumped to /home/ubuntu/tb21/jobs/tb21c-8x512k-hyd-p1-s2/train-fasttext__xrA2VrD/agent/trajectory.json
Sending keys: [''] min_timeout_sec: 60 max_timeout_sec: 180.0
Parser warnings: - Extra text detected before JSON object
Sending keys: ["cd /tmp && cat > rt3.py <<'EOF'\nimport math\ndef norm(v):\n    l=math.sqrt(v[0]*v[0]+v[1]*v[1]+v[2]*v[2])\n    return (v[0]/l,v[1]/l,v[2]/l)\ndef dot(a,b): return a[0]*b[0]+a[1]*b[1]+a[2]*b[2]\ndef sub(a,b): return (a[0]-b[0],a[1]-b[1],a[2]-b[2])\ndef add(a,b): return (a[0]+b[0],a[1]+b[1],a[2]+b[2])\ndef mulv(a,s): return (a[0]*s,a[1]*s,a[2]*s)\ncenter=(0.0,-0.5,-5.0); radius=1.0\nspcolor=(0.2,0.2,1.0)\nplane_y=-1.5; plane_normal=(0.0,1.0,0.0)\nlightdir=norm((1.0,1.0,-1.0))\nc1=(1.0,1.0,1.0); c2=(0.7,1.0,0.5)\nEP=0.001\ndef sphere_hit(o,d):\n    oc=sub(o,center); b=dot(d,oc); c=dot(oc,oc)-radius*radius; disc=b*b-c\n    if disc<0: return (0,0.0,None)\n    s=math.sqrt(disc)\n    t=-b-s\n    if t>EP:\n        return (1,t,norm(sub(add(o,mulv(d,t)),center)))\n    t=-b+s\n    if t>EP:\n        return (1,t,norm(sub(add(o,mulv(d,t)),center)))\n    return (0,0.0,None)\ndef plane_hit(o,d):\n    den=dot(plane_normal,d)\n    if abs(den)<1e-4: return (0,0.0,None)\n    t=(plane_y-o[1])/den\n    if t>EP:\n        return (1,t,plane_normal)\n    return (0,0.0,None)\ndef in_shadow(o,d):\n    return sphere_hit(add(o,mulv(d,EP)),d)[0]==1\ndef sky(d):\n    t=0.5*(d[1]+1.0)\n    return (c1[0]+(c2[0]-c1[0])*t,c1[1]+(c2[1]-c1[1])*t,c1[2]+(c2[2]-c1[2])*t)\ndef trace(o,d):\n    h1,t1,n1=sphere_hit(o,d)\n    h2,t2,n2=plane_hit(o,d)\n    if h1==0 and h2==0: return sky(d)\n    if h1==1 and (h2==0 or t1<t2):\n        typ,t,n=1,t1,n1\n    else:\n        typ,t,n=0,t2,n2\n    hitp=add(o,mulv(d,t))\n    diff=dot(n,d)\n    if diff<0: diff=0.0\n    if in_shadow(hitp,lightdir): diff=0.0\n    light=0.2+0.8*diff\n    if typ==1: mat=spcolor\n    else:\n        s=(int(math.floor(hitp[0]))+int(math.floor(hitp[2])))&1\n        mat=(0.8,0.8,0.8) if s==0 else (0.2,0.2,0.2)\n    return (mat[0]*light,mat[1]*light,mat[2]*light)\ndef render(W,H,dirfn,origin=(0,0,0)):\n    img=[0]*(W*H*3)\n    for y in range(H):\n        sy=y/(H-1)\n        for x in range(W):\n            sx=x/(W-1)\n            dn=norm(dirfn(sx,sy))\n            c=trace(origin,dn)\n            i=(y*W+x)*3\n            img[i]=max(0,min(255,int(c[0]*255)))\n            img[i+1]=max(0,min(255,int(c[1]*255)))\n            img[i+2]=max(0,min(255,int(c[2]*255)))\n    return img\nF={\n 'B':lambda sx,sy:(-4/3+8/3*sx,1-2*sy,-1),\n 'D':lambda sx,sy:(-4/3+8/3*sx,1-2*sy,1),\n}\nEOF\necho written\n"] min_timeout_sec: 10.0 max_timeout_sec: 180.0
Sending keys: ["cd /tmp && cat > fullcmp2.py <<'EOF'\nimport math,time\nimport rt3\ndef load_real():\n    with open('/app/image.ppm','rb') as f: d=f.read()\n    i=2; toks=[]\n    while len(toks)<4:\n        while i<len(d) and d[i] in b' \\t\\r\\n': i+=1\n        s=i\n        while i<len(d) and d[i] not in b' \\t\\r\\n': i+=1\n        toks.append(int(d[s:i]))\n    while i<len(d) and d[i] in b' \\t\\r\\n': i+=1\n    W,H,M=toks[0],toks[1],toks[2]\n    v=[int(x) for x in d[i:].split()]\n    while len(v)<W*H*3: v.append(0)\n    return W,H,v\nW,H,rv=load_real()\nt0=time.time(); img=rt3.render(W,H,rt3.F['B']); print('render',time.time()-t0)\ndef cos(a,b):\n    n=na=nb=0.0\n    for i in range(len(a)): n+=a[i]*b[i]; na+=a[i]*a[i]; nb+=b[i]*b[i]\n    return n/math.sqrt(na*nb)\nprint('FULL cosine B = %.5f'%cos(rv,img))\nfor (x,y) in [(1200,850),(1200,1000),(1200,1250),(300,1000),(300,1300),(1200,1600),(600,1250),(1800,1400)]:\n    i=(y*W+x)*3\n    print('pt',(x,y),'real',(rv[i],rv[i+1],rv[i+2]),'B',(img[i],img[i+1],img[i+2]))\ncchars=' .:-=+*#%@'\nprint('=== abs diff heatmap (B) ===')\ndw=96;dh=54\nfor gy in range(dh):\n    row=''\n    for gx in range(dw):\n        x0=int(gx*W/dw); x1=int((gx+1)*W/dw); y0=int(gy*H/dh); y1=int((gy+1)*H/dh)\n        s=0.0;n=0\n        for y in range(y0,y1,3):\n            for x in range(x0,x1,3):\n                i=(y*W+x)*3\n                s+=abs(rv[i]-img[i])+abs(rv[i+1]-img[i+1])+abs(rv[i+2]-img[i+2]);n+=3\n        d=s/max(1,n)/255.0*10\n        row+=cchars[min(9,int(d))]\n    print(row)\nEOF\npython3 fullcmp2.py\n"] min_timeout_sec: 60.0 max_timeout_sec: 180.0
Trajectory dumped to /home/ubuntu/tb21/jobs/tb21c-8x512k-hyd-p1-s2/train-fasttext__xrA2VrD/agent/trajectory.json
Sending keys: [''] min_timeout_sec: 60 max_timeout_sec: 180.0
Trajectory dumped to /home/ubuntu/tb21/jobs/tb21c-8x512k-hyd-p1-s2/train-fasttext__xrA2VrD/agent/trajectory.json
Trajectory dumped to /home/ubuntu/tb21/jobs/tb21c-8x512k-hyd-p1-s2/path-tracing__hRnNnre/agent/trajectory.json
Trial path-tracing__hRnNnre cancelled
Trial train-fasttext__xrA2VrD cancelled
Collecting main service artifacts
Collecting main service artifacts
