timestamp,index,name,utilization.gpu,utilization.memory,memory.used,memory.total,power.draw,power.limit,temperature.gpu,clocks.sm,clocks.mem,pstate,ecc.errors.uncorrected.volatile.total
2026/08/17 12:53:21.521, 0, NVIDIA RTX PRO 6000 Blackwell Server Edition, 0, 0, 96743, 97887, 89.00, 600.00, 38, 2347, 12481, P0, 0
2026/08/17 12:53:21.536, 1, NVIDIA RTX PRO 6000 Blackwell Server Edition, 98, 65, 95737, 97887, 434.33, 600.00, 59, 2400, 12481, P0, 0
2026/08/17 12:53:21.542, 2, NVIDIA RTX PRO 6000 Blackwell Server Edition, 100, 1, 95917, 97887, 527.54, 600.00, 62, 2407, 12481, P0, 0
2026/08/17 12:53:21.547, 3, NVIDIA RTX PRO 6000 Blackwell Server Edition, 0, 0, 95825, 97887, 90.56, 600.00, 38, 2302, 12481, P0, 0
2026/08/17 12:53:21.551, 4, NVIDIA RTX PRO 6000 Blackwell Server Edition, 97, 56, 96825, 97887, 379.40, 600.00, 53, 2377, 12481, P0, 0
2026/08/17 12:53:21.557, 5, NVIDIA RTX PRO 6000 Blackwell Server Edition, 100, 29, 96741, 97887, 568.60, 600.00, 65, 2407, 12481, P0, 0
2026/08/17 12:53:21.561, 6, NVIDIA RTX PRO 6000 Blackwell Server Edition, 97, 61, 95809, 97887, 401.45, 600.00, 54, 2392, 12481, P0, 0
2026/08/17 12:53:21.567, 7, NVIDIA RTX PRO 6000 Blackwell Server Edition, 0, 0, 96045, 97887, 86.66, 600.00, 35, 2355, 12481, P0, 0
2026/08/17 12:53:26.570, 0, NVIDIA RTX PRO 6000 Blackwell Server Edition, 0, 0, 96743, 97887, 87.35, 600.00, 37, 2347, 12481, P0, 0
2026/08/17 12:53:26.571, 1, NVIDIA RTX PRO 6000 Blackwell Server Edition, 98, 65, 95737, 97887, 433.06, 600.00, 58, 2400, 12481, P0, 0
2026/08/17 12:53:26.572, 2, NVIDIA RTX PRO 6000 Blackwell Server Edition, 100, 1, 95917, 97887, 529.64, 600.00, 66, 2415, 12481, P0, 0
2026/08/17 12:53:26.573, 3, NVIDIA RTX PRO 6000 Blackwell Server Edition, 0, 0, 95825, 97887, 89.58, 600.00, 37, 2302, 12481, P0, 0
2026/08/17 12:53:26.573, 4, NVIDIA RTX PRO 6000 Blackwell Server Edition, 97, 57, 96825, 97887, 376.54, 600.00, 53, 2377, 12481, P0, 0
2026/08/17 12:53:26.573, 5, NVIDIA RTX PRO 6000 Blackwell Server Edition, 97, 63, 96741, 97887, 420.57, 600.00, 59, 2392, 12481, P0, 0
2026/08/17 12:53:26.574, 6, NVIDIA RTX PRO 6000 Blackwell Server Edition, 97, 61, 95809, 97887, 402.72, 600.00, 54, 2392, 12481, P0, 0
2026/08/17 12:53:26.574, 7, NVIDIA RTX PRO 6000 Blackwell Server Edition, 0, 0, 96045, 97887, 86.13, 600.00, 34, 2355, 12481, P0, 0
2026/08/17 12:53:31.575, 0, NVIDIA RTX PRO 6000 Blackwell Server Edition, 0, 0, 96743, 97887, 87.59, 600.00, 36, 2347, 12481, P0, 0
2026/08/17 12:53:31.575, 1, NVIDIA RTX PRO 6000 Blackwell Server Edition, 98, 64, 95737, 97887, 426.69, 600.00, 57, 2392, 12481, P0, 0
2026/08/17 12:53:31.576, 2, NVIDIA RTX PRO 6000 Blackwell Server Edition, 100, 1, 95917, 97887, 562.10, 600.00, 65, 2407, 12481, P0, 0
2026/08/17 12:53:31.576, 3, NVIDIA RTX PRO 6000 Blackwell Server Edition, 0, 0, 95825, 97887, 89.34, 600.00, 36, 2302, 12481, P0, 0
2026/08/17 12:53:31.577, 4, NVIDIA RTX PRO 6000 Blackwell Server Edition, 97, 56, 96825, 97887, 378.09, 600.00, 53, 2377, 12481, P0, 0
2026/08/17 12:53:31.577, 5, NVIDIA RTX PRO 6000 Blackwell Server Edition, 97, 58, 96741, 97887, 396.93, 600.00, 57, 2385, 12481, P0, 0
2026/08/17 12:53:31.578, 6, NVIDIA RTX PRO 6000 Blackwell Server Edition, 97, 61, 95809, 97887, 400.56, 600.00, 54, 2392, 12481, P0, 0
2026/08/17 12:53:31.578, 7, NVIDIA RTX PRO 6000 Blackwell Server Edition, 0, 0, 96045, 97887, 87.10, 600.00, 34, 2355, 12481, P0, 0
2026/08/17 12:53:36.579, 0, NVIDIA RTX PRO 6000 Blackwell Server Edition, 0, 0, 96743, 97887, 86.64, 600.00, 35, 2347, 12481, P0, 0
2026/08/17 12:53:36.579, 1, NVIDIA RTX PRO 6000 Blackwell Server Edition, 98, 64, 95737, 97887, 426.27, 600.00, 57, 2392, 12481, P0, 0
2026/08/17 12:53:36.580, 2, NVIDIA RTX PRO 6000 Blackwell Server Edition, 100, 26, 94397, 97887, 452.46, 600.00, 58, 2400, 12481, P0, 0
2026/08/17 12:53:36.580, 3, NVIDIA RTX PRO 6000 Blackwell Server Edition, 0, 0, 95825, 97887, 88.42, 600.00, 35, 2302, 12481, P0, 0
2026/08/17 12:53:36.580, 4, NVIDIA RTX PRO 6000 Blackwell Server Edition, 97, 56, 96825, 97887, 376.97, 600.00, 53, 2377, 12481, P0, 0
2026/08/17 12:53:36.581, 5, NVIDIA RTX PRO 6000 Blackwell Server Edition, 97, 58, 96741, 97887, 389.35, 600.00, 56, 2385, 12481, P0, 0
2026/08/17 12:53:36.582, 6, NVIDIA RTX PRO 6000 Blackwell Server Edition, 98, 61, 95809, 97887, 401.35, 600.00, 55, 2392, 12481, P0, 0
2026/08/17 12:53:36.582, 7, NVIDIA RTX PRO 6000 Blackwell Server Edition, 0, 0, 96045, 97887, 86.12, 600.00, 34, 2370, 12481, P0, 0
2026/08/17 12:53:41.583, 0, NVIDIA RTX PRO 6000 Blackwell Server Edition, 0, 0, 96743, 97887, 86.62, 600.00, 35, 2347, 12481, P0, 0
2026/08/17 12:53:41.583, 1, NVIDIA RTX PRO 6000 Blackwell Server Edition, 97, 59, 95737, 97887, 416.10, 600.00, 56, 2392, 12481, P0, 0
2026/08/17 12:53:41.584, 2, NVIDIA RTX PRO 6000 Blackwell Server Edition, 100, 31, 94397, 97887, 504.26, 600.00, 63, 2392, 12481, P0, 0
2026/08/17 12:53:41.585, 3, NVIDIA RTX PRO 6000 Blackwell Server Edition, 0, 0, 95825, 97887, 121.72, 600.00, 35, 2302, 12481, P0, 0
2026/08/17 12:53:41.585, 4, NVIDIA RTX PRO 6000 Blackwell Server Edition, 97, 56, 96825, 97887, 382.95, 600.00, 53, 2385, 12481, P0, 0
2026/08/17 12:53:41.586, 5, NVIDIA RTX PRO 6000 Blackwell Server Edition, 0, 0, 96741, 97887, 115.77, 600.00, 48, 2422, 12481, P0, 0
2026/08/17 12:53:41.586, 6, NVIDIA RTX PRO 6000 Blackwell Server Edition, 97, 61, 95809, 97887, 402.56, 600.00, 55, 2392, 12481, P0, 0
2026/08/17 12:53:41.587, 7, NVIDIA RTX PRO 6000 Blackwell Server Edition, 0, 0, 96045, 97887, 86.12, 600.00, 33, 2370, 12481, P0, 0
2026/08/17 12:53:46.587, 0, NVIDIA RTX PRO 6000 Blackwell Server Edition, 0, 0, 96743, 97887, 86.56, 600.00, 34, 2347, 12481, P0, 0
2026/08/17 12:53:46.587, 1, NVIDIA RTX PRO 6000 Blackwell Server Edition, 97, 59, 95737, 97887, 397.55, 600.00, 55, 2392, 12481, P0, 0
2026/08/17 12:53:46.588, 2, NVIDIA RTX PRO 6000 Blackwell Server Edition, 100, 38, 94397, 97887, 586.88, 600.00, 65, 2385, 12481, P0, 0
2026/08/17 12:53:46.589, 3, NVIDIA RTX PRO 6000 Blackwell Server Edition, 97, 56, 95825, 97887, 399.53, 600.00, 44, 2385, 12481, P0, 0
2026/08/17 12:53:46.589, 4, NVIDIA RTX PRO 6000 Blackwell Server Edition, 97, 56, 96825, 97887, 381.78, 600.00, 53, 2385, 12481, P0, 0
2026/08/17 12:53:46.590, 5, NVIDIA RTX PRO 6000 Blackwell Server Edition, 0, 0, 96741, 97887, 86.91, 600.00, 44, 2422, 12481, P0, 0
2026/08/17 12:53:46.590, 6, NVIDIA RTX PRO 6000 Blackwell Server Edition, 97, 61, 95809, 97887, 403.90, 600.00, 55, 2392, 12481, P0, 0
2026/08/17 12:53:46.590, 7, NVIDIA RTX PRO 6000 Blackwell Server Edition, 0, 0, 96045, 97887, 87.13, 600.00, 33, 2370, 12481, P0, 0
2026/08/17 12:53:51.591, 0, NVIDIA RTX PRO 6000 Blackwell Server Edition, 0, 0, 96743, 97887, 86.02, 600.00, 34, 2362, 12481, P0, 0
2026/08/17 12:53:51.591, 1, NVIDIA RTX PRO 6000 Blackwell Server Edition, 97, 59, 95737, 97887, 396.39, 600.00, 55, 2392, 12481, P0, 0
2026/08/17 12:53:51.592, 2, NVIDIA RTX PRO 6000 Blackwell Server Edition, 100, 36, 94399, 97887, 592.86, 600.00, 64, 2385, 12481, P0, 0
2026/08/17 12:53:51.592, 3, NVIDIA RTX PRO 6000 Blackwell Server Edition, 97, 57, 95825, 97887, 380.09, 600.00, 46, 2385, 12481, P0, 0
2026/08/17 12:53:51.593, 4, NVIDIA RTX PRO 6000 Blackwell Server Edition, 97, 60, 96825, 97887, 403.53, 600.00, 54, 2392, 12481, P0, 0
2026/08/17 12:53:51.593, 5, NVIDIA RTX PRO 6000 Blackwell Server Edition, 0, 0, 96741, 97887, 91.69, 600.00, 42, 2370, 12481, P0, 0
2026/08/17 12:53:51.594, 6, NVIDIA RTX PRO 6000 Blackwell Server Edition, 97, 61, 95809, 97887, 401.27, 600.00, 55, 2392, 12481, P0, 0
2026/08/17 12:53:51.594, 7, NVIDIA RTX PRO 6000 Blackwell Server Edition, 0, 0, 96045, 97887, 85.64, 600.00, 33, 2370, 12481, P0, 0
2026/08/17 12:53:56.595, 0, NVIDIA RTX PRO 6000 Blackwell Server Edition, 0, 0, 96743, 97887, 86.35, 600.00, 34, 2362, 12481, P0, 0
2026/08/17 12:53:56.595, 1, NVIDIA RTX PRO 6000 Blackwell Server Edition, 97, 59, 95737, 97887, 397.12, 600.00, 55, 2392, 12481, P0, 0
2026/08/17 12:53:56.597, 2, NVIDIA RTX PRO 6000 Blackwell Server Edition, 100, 36, 94399, 97887, 580.78, 600.00, 65, 2392, 12481, P0, 0
2026/08/17 12:53:56.597, 3, NVIDIA RTX PRO 6000 Blackwell Server Edition, 0, 0, 95825, 97887, 89.83, 600.00, 37, 2302, 12481, P0, 0
2026/08/17 12:53:56.597, 4, NVIDIA RTX PRO 6000 Blackwell Server Edition, 97, 57, 96825, 97887, 384.09, 600.00, 54, 2385, 12481, P0, 0
2026/08/17 12:53:56.598, 5, NVIDIA RTX PRO 6000 Blackwell Server Edition, 97, 56, 96741, 97887, 511.41, 600.00, 51, 2392, 12481, P0, 0
2026/08/17 12:53:56.598, 6, NVIDIA RTX PRO 6000 Blackwell Server Edition, 100, 36, 95809, 97887, 440.77, 600.00, 58, 2370, 12481, P0, 0
2026/08/17 12:53:56.599, 7, NVIDIA RTX PRO 6000 Blackwell Server Edition, 0, 0, 96045, 97887, 86.86, 600.00, 33, 2370, 12481, P0, 0
2026/08/17 12:54:01.599, 0, NVIDIA RTX PRO 6000 Blackwell Server Edition, 0, 0, 96743, 97887, 86.12, 600.00, 33, 2362, 12481, P0, 0
2026/08/17 12:54:01.600, 1, NVIDIA RTX PRO 6000 Blackwell Server Edition, 97, 59, 95737, 97887, 398.79, 600.00, 54, 2392, 12481, P0, 0
2026/08/17 12:54:01.600, 2, NVIDIA RTX PRO 6000 Blackwell Server Edition, 100, 32, 94399, 97887, 583.73, 600.00, 67, 2385, 12481, P0, 0
2026/08/17 12:54:01.601, 3, NVIDIA RTX PRO 6000 Blackwell Server Edition, 0, 0, 95825, 97887, 89.34, 600.00, 36, 2302, 12481, P0, 0
2026/08/17 12:54:01.601, 4, NVIDIA RTX PRO 6000 Blackwell Server Edition, 97, 57, 96825, 97887, 380.87, 600.00, 53, 2385, 12481, P0, 0
2026/08/17 12:54:01.602, 5, NVIDIA RTX PRO 6000 Blackwell Server Edition, 97, 56, 96741, 97887, 378.78, 600.00, 51, 2392, 12481, P0, 0
2026/08/17 12:54:01.602, 6, NVIDIA RTX PRO 6000 Blackwell Server Edition, 97, 61, 95809, 97887, 404.05, 600.00, 55, 2392, 12481, P0, 0
2026/08/17 12:54:01.603, 7, NVIDIA RTX PRO 6000 Blackwell Server Edition, 0, 0, 96045, 97887, 85.64, 600.00, 32, 2370, 12481, P0, 0
2026/08/17 12:54:06.603, 0, NVIDIA RTX PRO 6000 Blackwell Server Edition, 0, 0, 96743, 97887, 85.15, 600.00, 33, 2362, 12481, P0, 0
2026/08/17 12:54:06.603, 1, NVIDIA RTX PRO 6000 Blackwell Server Edition, 97, 59, 95737, 97887, 398.11, 600.00, 54, 2392, 12481, P0, 0
2026/08/17 12:54:06.604, 2, NVIDIA RTX PRO 6000 Blackwell Server Edition, 100, 35, 94399, 97887, 586.73, 600.00, 67, 2385, 12481, P0, 0
2026/08/17 12:54:06.605, 3, NVIDIA RTX PRO 6000 Blackwell Server Edition, 0, 0, 95825, 97887, 89.12, 600.00, 35, 2302, 12481, P0, 0
2026/08/17 12:54:06.605, 4, NVIDIA RTX PRO 6000 Blackwell Server Edition, 97, 57, 96825, 97887, 381.58, 600.00, 53, 2385, 12481, P0, 0
2026/08/17 12:54:06.605, 5, NVIDIA RTX PRO 6000 Blackwell Server Edition, 97, 56, 96741, 97887, 378.27, 600.00, 52, 2392, 12481, P0, 0
2026/08/17 12:54:06.606, 6, NVIDIA RTX PRO 6000 Blackwell Server Edition, 97, 61, 95809, 97887, 405.53, 600.00, 55, 2392, 12481, P0, 0
2026/08/17 12:54:06.607, 7, NVIDIA RTX PRO 6000 Blackwell Server Edition, 97, 55, 96045, 97887, 464.87, 600.00, 43, 2287, 12481, P0, 0
2026/08/17 12:54:11.607, 0, NVIDIA RTX PRO 6000 Blackwell Server Edition, 0, 0, 96743, 97887, 85.64, 600.00, 33, 2362, 12481, P0, 0
2026/08/17 12:54:11.608, 1, NVIDIA RTX PRO 6000 Blackwell Server Edition, 97, 59, 95737, 97887, 393.65, 600.00, 54, 2392, 12481, P0, 0
2026/08/17 12:54:11.608, 2, NVIDIA RTX PRO 6000 Blackwell Server Edition, 100, 35, 94399, 97887, 585.04, 600.00, 68, 2385, 12481, P0, 0
2026/08/17 12:54:11.609, 3, NVIDIA RTX PRO 6000 Blackwell Server Edition, 0, 0, 95825, 97887, 88.66, 600.00, 35, 2302, 12481, P0, 0
2026/08/17 12:54:11.609, 4, NVIDIA RTX PRO 6000 Blackwell Server Edition, 97, 57, 96825, 97887, 382.09, 600.00, 53, 2385, 12481, P0, 0
2026/08/17 12:54:11.609, 5, NVIDIA RTX PRO 6000 Blackwell Server Edition, 97, 56, 96741, 97887, 378.16, 600.00, 52, 2392, 12481, P0, 0
2026/08/17 12:54:11.610, 6, NVIDIA RTX PRO 6000 Blackwell Server Edition, 97, 61, 95809, 97887, 405.17, 600.00, 55, 2392, 12481, P0, 0
2026/08/17 12:54:11.610, 7, NVIDIA RTX PRO 6000 Blackwell Server Edition, 96, 56, 96045, 97887, 375.44, 600.00, 44, 2385, 12481, P0, 0
2026/08/17 12:54:16.611, 0, NVIDIA RTX PRO 6000 Blackwell Server Edition, 97, 56, 96743, 97887, 450.55, 600.00, 44, 2280, 12481, P0, 0
2026/08/17 12:54:16.612, 1, NVIDIA RTX PRO 6000 Blackwell Server Edition, 97, 59, 95737, 97887, 393.70, 600.00, 54, 2392, 12481, P0, 0
2026/08/17 12:54:16.612, 2, NVIDIA RTX PRO 6000 Blackwell Server Edition, 100, 32, 94399, 97887, 592.02, 600.00, 68, 2385, 12481, P0, 0
2026/08/17 12:54:16.613, 3, NVIDIA RTX PRO 6000 Blackwell Server Edition, 0, 0, 95825, 97887, 88.07, 600.00, 34, 2302, 12481, P0, 0
2026/08/17 12:54:16.613, 4, NVIDIA RTX PRO 6000 Blackwell Server Edition, 97, 57, 96825, 97887, 382.05, 600.00, 53, 2385, 12481, P0, 0
2026/08/17 12:54:16.614, 5, NVIDIA RTX PRO 6000 Blackwell Server Edition, 97, 56, 96741, 97887, 377.62, 600.00, 52, 2392, 12481, P0, 0
2026/08/17 12:54:16.614, 6, NVIDIA RTX PRO 6000 Blackwell Server Edition, 97, 61, 95809, 97887, 404.68, 600.00, 55, 2392, 12481, P0, 0
2026/08/17 12:54:16.615, 7, NVIDIA RTX PRO 6000 Blackwell Server Edition, 96, 56, 96045, 97887, 368.50, 600.00, 46, 2385, 12481, P0, 0
2026/08/17 12:54:21.616, 0, NVIDIA RTX PRO 6000 Blackwell Server Edition, 0, 0, 96743, 97887, 87.59, 600.00, 36, 2347, 12481, P0, 0
2026/08/17 12:54:21.616, 1, NVIDIA RTX PRO 6000 Blackwell Server Edition, 97, 62, 95737, 97887, 445.88, 600.00, 55, 2392, 12481, P0, 0
2026/08/17 12:54:21.616, 2, NVIDIA RTX PRO 6000 Blackwell Server Edition, 100, 27, 94399, 97887, 574.81, 600.00, 67, 2392, 12481, P0, 0
2026/08/17 12:54:21.617, 3, NVIDIA RTX PRO 6000 Blackwell Server Edition, 0, 0, 95825, 97887, 88.07, 600.00, 34, 2310, 12481, P0, 0
2026/08/17 12:54:21.617, 4, NVIDIA RTX PRO 6000 Blackwell Server Edition, 98, 57, 96825, 97887, 380.43, 600.00, 53, 2385, 12481, P0, 0
2026/08/17 12:54:21.618, 5, NVIDIA RTX PRO 6000 Blackwell Server Edition, 0, 0, 96741, 97887, 91.64, 600.00, 42, 2370, 12481, P0, 0
2026/08/17 12:54:21.618, 6, NVIDIA RTX PRO 6000 Blackwell Server Edition, 97, 61, 95811, 97887, 414.75, 600.00, 55, 2392, 12481, P0, 0
2026/08/17 12:54:21.619, 7, NVIDIA RTX PRO 6000 Blackwell Server Edition, 96, 56, 96045, 97887, 371.22, 600.00, 47, 2385, 12481, P0, 0
2026/08/17 12:54:26.619, 0, NVIDIA RTX PRO 6000 Blackwell Server Edition, 0, 0, 96743, 97887, 86.61, 600.00, 35, 2347, 12481, P0, 0
2026/08/17 12:54:26.620, 1, NVIDIA RTX PRO 6000 Blackwell Server Edition, 97, 56, 95737, 97887, 387.54, 600.00, 54, 2392, 12481, P0, 0
2026/08/17 12:54:26.622, 2, NVIDIA RTX PRO 6000 Blackwell Server Edition, 100, 35, 94399, 97887, 590.80, 600.00, 65, 2385, 12481, P0, 0
2026/08/17 12:54:26.622, 3, NVIDIA RTX PRO 6000 Blackwell Server Edition, 0, 0, 95825, 97887, 87.54, 600.00, 33, 2310, 12481, P0, 0
2026/08/17 12:54:26.622, 4, NVIDIA RTX PRO 6000 Blackwell Server Edition, 97, 57, 96825, 97887, 381.37, 600.00, 53, 2385, 12481, P0, 0
2026/08/17 12:54:26.623, 5, NVIDIA RTX PRO 6000 Blackwell Server Edition, 0, 0, 96741, 97887, 90.17, 600.00, 40, 2370, 12481, P0, 0
2026/08/17 12:54:26.623, 6, NVIDIA RTX PRO 6000 Blackwell Server Edition, 97, 61, 95811, 97887, 405.59, 600.00, 55, 2400, 12481, P0, 0
2026/08/17 12:54:26.624, 7, NVIDIA RTX PRO 6000 Blackwell Server Edition, 95, 60, 96045, 97887, 393.64, 600.00, 50, 2392, 12481, P0, 0
2026/08/17 12:54:31.624, 0, NVIDIA RTX PRO 6000 Blackwell Server Edition, 0, 0, 96743, 97887, 87.05, 600.00, 34, 2362, 12481, P0, 0
2026/08/17 12:54:31.625, 1, NVIDIA RTX PRO 6000 Blackwell Server Edition, 97, 56, 95737, 97887, 386.86, 600.00, 53, 2392, 12481, P0, 0
2026/08/17 12:54:31.625, 2, NVIDIA RTX PRO 6000 Blackwell Server Edition, 100, 39, 94399, 97887, 589.53, 600.00, 67, 2392, 12481, P0, 0
2026/08/17 12:54:31.626, 3, NVIDIA RTX PRO 6000 Blackwell Server Edition, 0, 0, 95825, 97887, 87.29, 600.00, 33, 2310, 12481, P0, 0
2026/08/17 12:54:31.626, 4, NVIDIA RTX PRO 6000 Blackwell Server Edition, 98, 57, 96825, 97887, 382.44, 600.00, 53, 2385, 12481, P0, 0
2026/08/17 12:54:31.627, 5, NVIDIA RTX PRO 6000 Blackwell Server Edition, 0, 0, 96741, 97887, 90.17, 600.00, 39, 2370, 12481, P0, 0
2026/08/17 12:54:31.627, 6, NVIDIA RTX PRO 6000 Blackwell Server Edition, 98, 61, 95811, 97887, 403.03, 600.00, 55, 2392, 12481, P0, 0
2026/08/17 12:54:31.628, 7, NVIDIA RTX PRO 6000 Blackwell Server Edition, 97, 61, 96045, 97887, 395.24, 600.00, 51, 2392, 12481, P0, 0
2026/08/17 12:54:36.629, 0, NVIDIA RTX PRO 6000 Blackwell Server Edition, 0, 0, 96743, 97887, 86.57, 600.00, 34, 2362, 12481, P0, 0
2026/08/17 12:54:36.629, 1, NVIDIA RTX PRO 6000 Blackwell Server Edition, 97, 56, 95737, 97887, 387.01, 600.00, 53, 2392, 12481, P0, 0
2026/08/17 12:54:36.629, 2, NVIDIA RTX PRO 6000 Blackwell Server Edition, 100, 38, 94399, 97887, 577.49, 600.00, 68, 2392, 12481, P0, 0
2026/08/17 12:54:36.630, 3, NVIDIA RTX PRO 6000 Blackwell Server Edition, 0, 0, 95825, 97887, 87.05, 600.00, 33, 2310, 12481, P0, 0
2026/08/17 12:54:36.630, 4, NVIDIA RTX PRO 6000 Blackwell Server Edition, 97, 57, 96825, 97887, 382.50, 600.00, 53, 2385, 12481, P0, 0
2026/08/17 12:54:36.631, 5, NVIDIA RTX PRO 6000 Blackwell Server Edition, 0, 0, 96741, 97887, 88.76, 600.00, 37, 2370, 12481, P0, 0
2026/08/17 12:54:36.631, 6, NVIDIA RTX PRO 6000 Blackwell Server Edition, 98, 61, 95811, 97887, 402.19, 600.00, 55, 2392, 12481, P0, 0
2026/08/17 12:54:36.631, 7, NVIDIA RTX PRO 6000 Blackwell Server Edition, 96, 55, 96045, 97887, 370.32, 600.00, 51, 2385, 12481, P0, 0
2026/08/17 12:54:41.632, 0, NVIDIA RTX PRO 6000 Blackwell Server Edition, 0, 0, 96743, 97887, 86.62, 600.00, 33, 2362, 12481, P0, 0
2026/08/17 12:54:41.633, 1, NVIDIA RTX PRO 6000 Blackwell Server Edition, 97, 56, 95737, 97887, 386.32, 600.00, 53, 2392, 12481, P0, 0
2026/08/17 12:54:41.633, 2, NVIDIA RTX PRO 6000 Blackwell Server Edition, 100, 32, 94399, 97887, 574.88, 600.00, 67, 2400, 12481, P0, 0
2026/08/17 12:54:41.634, 3, NVIDIA RTX PRO 6000 Blackwell Server Edition, 0, 0, 95825, 97887, 86.56, 600.00, 33, 2310, 12481, P0, 0
2026/08/17 12:54:41.634, 4, NVIDIA RTX PRO 6000 Blackwell Server Edition, 97, 57, 96825, 97887, 381.61, 600.00, 53, 2385, 12481, P0, 0
2026/08/17 12:54:41.634, 5, NVIDIA RTX PRO 6000 Blackwell Server Edition, 0, 0, 96741, 97887, 88.66, 600.00, 36, 2370, 12481, P0, 0
2026/08/17 12:54:41.635, 6, NVIDIA RTX PRO 6000 Blackwell Server Edition, 98, 61, 95811, 97887, 404.78, 600.00, 55, 2392, 12481, P0, 0
2026/08/17 12:54:41.635, 7, NVIDIA RTX PRO 6000 Blackwell Server Edition, 96, 56, 96045, 97887, 374.22, 600.00, 51, 2385, 12481, P0, 0
2026/08/17 12:54:46.636, 0, NVIDIA RTX PRO 6000 Blackwell Server Edition, 97, 56, 96743, 97887, 422.41, 600.00, 45, 2287, 12481, P0, 0
2026/08/17 12:54:46.637, 1, NVIDIA RTX PRO 6000 Blackwell Server Edition, 97, 56, 95737, 97887, 386.07, 600.00, 53, 2392, 12481, P0, 0
2026/08/17 12:54:46.637, 2, NVIDIA RTX PRO 6000 Blackwell Server Edition, 100, 33, 94399, 97887, 556.89, 600.00, 69, 2400, 12481, P0, 0
2026/08/17 12:54:46.638, 3, NVIDIA RTX PRO 6000 Blackwell Server Edition, 0, 0, 95825, 97887, 86.99, 600.00, 33, 2310, 12481, P0, 0
2026/08/17 12:54:46.638, 4, NVIDIA RTX PRO 6000 Blackwell Server Edition, 97, 57, 96825, 97887, 382.38, 600.00, 53, 2385, 12481, P0, 0
2026/08/17 12:54:46.638, 5, NVIDIA RTX PRO 6000 Blackwell Server Edition, 0, 0, 96741, 97887, 87.73, 600.00, 36, 2370, 12481, P0, 0
2026/08/17 12:54:46.639, 6, NVIDIA RTX PRO 6000 Blackwell Server Edition, 98, 62, 95811, 97887, 405.66, 600.00, 55, 2392, 12481, P0, 0
2026/08/17 12:54:46.639, 7, NVIDIA RTX PRO 6000 Blackwell Server Edition, 96, 56, 96045, 97887, 373.24, 600.00, 51, 2385, 12481, P0, 0
2026/08/17 12:54:51.640, 0, NVIDIA RTX PRO 6000 Blackwell Server Edition, 97, 57, 96743, 97887, 379.96, 600.00, 45, 2385, 12481, P0, 0
2026/08/17 12:54:51.641, 1, NVIDIA RTX PRO 6000 Blackwell Server Edition, 97, 56, 95737, 97887, 384.00, 600.00, 53, 2385, 12481, P0, 0
2026/08/17 12:54:51.641, 2, NVIDIA RTX PRO 6000 Blackwell Server Edition, 100, 16, 94399, 97887, 555.31, 600.00, 67, 2392, 12481, P0, 0
2026/08/17 12:54:51.642, 3, NVIDIA RTX PRO 6000 Blackwell Server Edition, 0, 0, 95825, 97887, 87.00, 600.00, 33, 2310, 12481, P0, 0
2026/08/17 12:54:51.642, 4, NVIDIA RTX PRO 6000 Blackwell Server Edition, 97, 57, 96825, 97887, 381.79, 600.00, 53, 2385, 12481, P0, 0
2026/08/17 12:54:51.642, 5, NVIDIA RTX PRO 6000 Blackwell Server Edition, 0, 0, 96741, 97887, 87.63, 600.00, 35, 2370, 12481, P0, 0
2026/08/17 12:54:51.643, 6, NVIDIA RTX PRO 6000 Blackwell Server Edition, 97, 62, 95811, 97887, 406.16, 600.00, 55, 2392, 12481, P0, 0
2026/08/17 12:54:51.643, 7, NVIDIA RTX PRO 6000 Blackwell Server Edition, 97, 56, 96045, 97887, 375.29, 600.00, 51, 2385, 12481, P0, 0
2026/08/17 12:54:56.644, 0, NVIDIA RTX PRO 6000 Blackwell Server Edition, 97, 57, 96743, 97887, 377.49, 600.00, 47, 2385, 12481, P0, 0
2026/08/17 12:54:56.646, 1, NVIDIA RTX PRO 6000 Blackwell Server Edition, 97, 61, 95737, 97887, 407.61, 600.00, 54, 2400, 12481, P0, 0
2026/08/17 12:54:56.650, 2, NVIDIA RTX PRO 6000 Blackwell Server Edition, 100, 28, 94399, 97887, 574.41, 600.00, 67, 2385, 12481, P0, 0
2026/08/17 12:54:56.650, 3, NVIDIA RTX PRO 6000 Blackwell Server Edition, 0, 0, 95825, 97887, 87.49, 600.00, 32, 2310, 12481, P0, 0
2026/08/17 12:54:56.651, 4, NVIDIA RTX PRO 6000 Blackwell Server Edition, 97, 57, 96825, 97887, 381.73, 600.00, 53, 2377, 12481, P0, 0
2026/08/17 12:54:56.652, 5, NVIDIA RTX PRO 6000 Blackwell Server Edition, 0, 0, 96741, 97887, 87.68, 600.00, 35, 2370, 12481, P0, 0
2026/08/17 12:54:56.653, 6, NVIDIA RTX PRO 6000 Blackwell Server Edition, 98, 62, 95811, 97887, 403.13, 600.00, 55, 2392, 12481, P0, 0
2026/08/17 12:54:56.653, 7, NVIDIA RTX PRO 6000 Blackwell Server Edition, 0, 0, 96045, 97887, 86.39, 600.00, 43, 2430, 12481, P0, 0
2026/08/17 12:55:01.654, 0, NVIDIA RTX PRO 6000 Blackwell Server Edition, 97, 57, 96743, 97887, 377.18, 600.00, 48, 2385, 12481, P0, 0
2026/08/17 12:55:01.654, 1, NVIDIA RTX PRO 6000 Blackwell Server Edition, 97, 57, 95737, 97887, 388.02, 600.00, 53, 2392, 12481, P0, 0
2026/08/17 12:55:01.655, 2, NVIDIA RTX PRO 6000 Blackwell Server Edition, 100, 38, 94399, 97887, 599.40, 600.00, 68, 2385, 12481, P0, 0
2026/08/17 12:55:01.656, 3, NVIDIA RTX PRO 6000 Blackwell Server Edition, 100, 33, 95825, 97887, 145.51, 600.00, 45, 2272, 12481, P0, 0
2026/08/17 12:55:01.656, 4, NVIDIA RTX PRO 6000 Blackwell Server Edition, 97, 57, 96825, 97887, 379.15, 600.00, 53, 2377, 12481, P0, 0
2026/08/17 12:55:01.657, 5, NVIDIA RTX PRO 6000 Blackwell Server Edition, 0, 0, 96741, 97887, 86.71, 600.00, 34, 2370, 12481, P0, 0
2026/08/17 12:55:01.657, 6, NVIDIA RTX PRO 6000 Blackwell Server Edition, 97, 61, 95811, 97887, 405.63, 600.00, 55, 2392, 12481, P0, 0
2026/08/17 12:55:01.657, 7, NVIDIA RTX PRO 6000 Blackwell Server Edition, 0, 0, 96045, 97887, 88.72, 600.00, 40, 2355, 12481, P0, 0
2026/08/17 12:55:06.658, 0, NVIDIA RTX PRO 6000 Blackwell Server Edition, 97, 57, 96743, 97887, 377.30, 600.00, 49, 2385, 12481, P0, 0
2026/08/17 12:55:06.659, 1, NVIDIA RTX PRO 6000 Blackwell Server Edition, 97, 56, 95737, 97887, 384.30, 600.00, 53, 2385, 12481, P0, 0
2026/08/17 12:55:06.659, 2, NVIDIA RTX PRO 6000 Blackwell Server Edition, 100, 39, 94399, 97887, 585.39, 600.00, 66, 2385, 12481, P0, 0
2026/08/17 12:55:06.659, 3, NVIDIA RTX PRO 6000 Blackwell Server Edition, 97, 56, 95825, 97887, 399.05, 600.00, 45, 2332, 12481, P0, 0
2026/08/17 12:55:06.660, 4, NVIDIA RTX PRO 6000 Blackwell Server Edition, 97, 57, 96825, 97887, 379.23, 600.00, 53, 2377, 12481, P0, 0
2026/08/17 12:55:06.660, 5, NVIDIA RTX PRO 6000 Blackwell Server Edition, 0, 0, 96741, 97887, 87.20, 600.00, 34, 2385, 12481, P0, 0
2026/08/17 12:55:06.661, 6, NVIDIA RTX PRO 6000 Blackwell Server Edition, 97, 62, 95811, 97887, 404.80, 600.00, 55, 2392, 12481, P0, 0
2026/08/17 12:55:06.661, 7, NVIDIA RTX PRO 6000 Blackwell Server Edition, 0, 0, 96045, 97887, 87.68, 600.00, 39, 2355, 12481, P0, 0
2026/08/17 12:55:11.662, 0, NVIDIA RTX PRO 6000 Blackwell Server Edition, 98, 57, 96743, 97887, 378.05, 600.00, 49, 2385, 12481, P0, 0
2026/08/17 12:55:11.662, 1, NVIDIA RTX PRO 6000 Blackwell Server Edition, 97, 57, 95737, 97887, 384.60, 600.00, 53, 2385, 12481, P0, 0
2026/08/17 12:55:11.663, 2, NVIDIA RTX PRO 6000 Blackwell Server Edition, 100, 27, 94399, 97887, 580.45, 600.00, 67, 2392, 12481, P0, 0
2026/08/17 12:55:11.663, 3, NVIDIA RTX PRO 6000 Blackwell Server Edition, 98, 37, 95825, 97887, 483.90, 600.00, 49, 2392, 12481, P0, 0
2026/08/17 12:55:11.664, 4, NVIDIA RTX PRO 6000 Blackwell Server Edition, 98, 57, 96825, 97887, 378.27, 600.00, 53, 2377, 12481, P0, 0
2026/08/17 12:55:11.664, 5, NVIDIA RTX PRO 6000 Blackwell Server Edition, 0, 0, 96741, 97887, 86.71, 600.00, 34, 2385, 12481, P0, 0
2026/08/17 12:55:11.664, 6, NVIDIA RTX PRO 6000 Blackwell Server Edition, 98, 62, 95811, 97887, 406.33, 600.00, 55, 2392, 12481, P0, 0
2026/08/17 12:55:11.665, 7, NVIDIA RTX PRO 6000 Blackwell Server Edition, 0, 0, 96045, 97887, 87.25, 600.00, 37, 2355, 12481, P0, 0
2026/08/17 12:55:16.666, 0, NVIDIA RTX PRO 6000 Blackwell Server Edition, 97, 57, 96743, 97887, 379.11, 600.00, 50, 2385, 12481, P0, 0
2026/08/17 12:55:16.666, 1, NVIDIA RTX PRO 6000 Blackwell Server Edition, 97, 56, 95737, 97887, 384.77, 600.00, 53, 2385, 12481, P0, 0
2026/08/17 12:55:16.667, 2, NVIDIA RTX PRO 6000 Blackwell Server Edition, 100, 39, 94399, 97887, 579.78, 600.00, 66, 2392, 12481, P0, 0
2026/08/17 12:55:16.668, 3, NVIDIA RTX PRO 6000 Blackwell Server Edition, 97, 59, 95827, 97887, 400.72, 600.00, 49, 2392, 12481, P0, 0
2026/08/17 12:55:16.668, 4, NVIDIA RTX PRO 6000 Blackwell Server Edition, 98, 61, 96825, 97887, 470.46, 600.00, 55, 2392, 12481, P0, 0
2026/08/17 12:55:16.669, 5, NVIDIA RTX PRO 6000 Blackwell Server Edition, 0, 0, 96741, 97887, 87.17, 600.00, 33, 2385, 12481, P0, 0
2026/08/17 12:55:16.669, 6, NVIDIA RTX PRO 6000 Blackwell Server Edition, 97, 57, 95811, 97887, 381.91, 600.00, 54, 2385, 12481, P0, 0
2026/08/17 12:55:16.670, 7, NVIDIA RTX PRO 6000 Blackwell Server Edition, 0, 0, 96045, 97887, 86.22, 600.00, 36, 2355, 12481, P0, 0
2026/08/17 12:55:21.670, 0, NVIDIA RTX PRO 6000 Blackwell Server Edition, 98, 56, 96743, 97887, 379.12, 600.00, 50, 2392, 12481, P0, 0
2026/08/17 12:55:21.671, 1, NVIDIA RTX PRO 6000 Blackwell Server Edition, 97, 57, 95737, 97887, 382.57, 600.00, 53, 2385, 12481, P0, 0
2026/08/17 12:55:21.671, 2, NVIDIA RTX PRO 6000 Blackwell Server Edition, 100, 35, 94399, 97887, 573.44, 600.00, 68, 2385, 12481, P0, 0
2026/08/17 12:55:21.672, 3, NVIDIA RTX PRO 6000 Blackwell Server Edition, 97, 56, 95827, 97887, 381.14, 600.00, 49, 2385, 12481, P0, 0
2026/08/17 12:55:21.672, 4, NVIDIA RTX PRO 6000 Blackwell Server Edition, 100, 38, 96825, 97887, 565.31, 600.00, 63, 2400, 12481, P0, 0
2026/08/17 12:55:21.673, 5, NVIDIA RTX PRO 6000 Blackwell Server Edition, 97, 57, 96741, 97887, 379.99, 600.00, 44, 2385, 12481, P0, 0
2026/08/17 12:55:21.673, 6, NVIDIA RTX PRO 6000 Blackwell Server Edition, 97, 57, 95811, 97887, 378.93, 600.00, 54, 2385, 12481, P0, 0
2026/08/17 12:55:21.674, 7, NVIDIA RTX PRO 6000 Blackwell Server Edition, 0, 0, 96045, 97887, 86.66, 600.00, 35, 2355, 12481, P0, 0
2026/08/17 12:55:26.674, 0, NVIDIA RTX PRO 6000 Blackwell Server Edition, 97, 57, 96743, 97887, 380.48, 600.00, 51, 2385, 12481, P0, 0
2026/08/17 12:55:26.675, 1, NVIDIA RTX PRO 6000 Blackwell Server Edition, 0, 0, 95737, 97887, 94.39, 600.00, 42, 2332, 12481, P0, 0
2026/08/17 12:55:26.675, 2, NVIDIA RTX PRO 6000 Blackwell Server Edition, 100, 31, 94399, 97887, 588.10, 600.00, 67, 2385, 12481, P0, 0
2026/08/17 12:55:26.676, 3, NVIDIA RTX PRO 6000 Blackwell Server Edition, 97, 56, 95827, 97887, 381.95, 600.00, 49, 2392, 12481, P0, 0
2026/08/17 12:55:26.677, 4, NVIDIA RTX PRO 6000 Blackwell Server Edition, 98, 62, 96825, 97887, 411.79, 600.00, 56, 2392, 12481, P0, 0
2026/08/17 12:55:26.677, 5, NVIDIA RTX PRO 6000 Blackwell Server Edition, 97, 61, 96741, 97887, 447.44, 600.00, 48, 2392, 12481, P0, 0
2026/08/17 12:55:26.678, 6, NVIDIA RTX PRO 6000 Blackwell Server Edition, 97, 57, 95811, 97887, 381.52, 600.00, 54, 2385, 12481, P0, 0
2026/08/17 12:55:26.678, 7, NVIDIA RTX PRO 6000 Blackwell Server Edition, 0, 0, 96045, 97887, 86.37, 600.00, 35, 2355, 12481, P0, 0
2026/08/17 12:55:31.679, 0, NVIDIA RTX PRO 6000 Blackwell Server Edition, 97, 57, 96743, 97887, 380.41, 600.00, 51, 2385, 12481, P0, 0
2026/08/17 12:55:31.680, 1, NVIDIA RTX PRO 6000 Blackwell Server Edition, 0, 0, 95737, 97887, 90.50, 600.00, 40, 2332, 12481, P0, 0
2026/08/17 12:55:31.682, 2, NVIDIA RTX PRO 6000 Blackwell Server Edition, 100, 16, 94399, 97887, 564.07, 600.00, 67, 2392, 12481, P0, 0
2026/08/17 12:55:31.682, 3, NVIDIA RTX PRO 6000 Blackwell Server Edition, 97, 56, 95827, 97887, 382.03, 600.00, 50, 2385, 12481, P0, 0
2026/08/17 12:55:31.683, 4, NVIDIA RTX PRO 6000 Blackwell Server Edition, 98, 62, 96825, 97887, 410.58, 600.00, 56, 2392, 12481, P0, 0
2026/08/17 12:55:31.683, 5, NVIDIA RTX PRO 6000 Blackwell Server Edition, 98, 61, 96741, 97887, 401.32, 600.00, 50, 2392, 12481, P0, 0
2026/08/17 12:55:31.684, 6, NVIDIA RTX PRO 6000 Blackwell Server Edition, 97, 57, 95811, 97887, 378.25, 600.00, 54, 2385, 12481, P0, 0
2026/08/17 12:55:31.684, 7, NVIDIA RTX PRO 6000 Blackwell Server Edition, 0, 0, 96045, 97887, 86.10, 600.00, 34, 2370, 12481, P0, 0
2026/08/17 12:55:36.685, 0, NVIDIA RTX PRO 6000 Blackwell Server Edition, 97, 57, 96743, 97887, 381.31, 600.00, 51, 2385, 12481, P0, 0
2026/08/17 12:55:36.685, 1, NVIDIA RTX PRO 6000 Blackwell Server Edition, 0, 0, 95737, 97887, 89.43, 600.00, 39, 2332, 12481, P0, 0
2026/08/17 12:55:36.685, 2, NVIDIA RTX PRO 6000 Blackwell Server Edition, 100, 33, 94399, 97887, 591.01, 600.00, 67, 2385, 12481, P0, 0
2026/08/17 12:55:36.686, 3, NVIDIA RTX PRO 6000 Blackwell Server Edition, 97, 56, 95827, 97887, 383.23, 600.00, 51, 2385, 12481, P0, 0
2026/08/17 12:55:36.686, 4, NVIDIA RTX PRO 6000 Blackwell Server Edition, 97, 62, 96825, 97887, 410.23, 600.00, 55, 2392, 12481, P0, 0
2026/08/17 12:55:36.687, 5, NVIDIA RTX PRO 6000 Blackwell Server Edition, 95, 60, 96741, 97887, 399.81, 600.00, 51, 2392, 12481, P0, 0
2026/08/17 12:55:36.688, 6, NVIDIA RTX PRO 6000 Blackwell Server Edition, 97, 61, 95811, 97887, 399.80, 600.00, 55, 2392, 12481, P0, 0
2026/08/17 12:55:36.688, 7, NVIDIA RTX PRO 6000 Blackwell Server Edition, 0, 0, 96045, 97887, 86.17, 600.00, 34, 2370, 12481, P0, 0
2026/08/17 12:55:41.689, 0, NVIDIA RTX PRO 6000 Blackwell Server Edition, 97, 57, 96743, 97887, 381.94, 600.00, 52, 2385, 12481, P0, 0
2026/08/17 12:55:41.689, 1, NVIDIA RTX PRO 6000 Blackwell Server Edition, 0, 0, 95737, 97887, 88.99, 600.00, 37, 2325, 12481, P0, 0
2026/08/17 12:55:41.690, 2, NVIDIA RTX PRO 6000 Blackwell Server Edition, 100, 24, 94399, 97887, 559.46, 600.00, 67, 2392, 12481, P0, 0
2026/08/17 12:55:41.690, 3, NVIDIA RTX PRO 6000 Blackwell Server Edition, 97, 56, 95827, 97887, 383.63, 600.00, 51, 2385, 12481, P0, 0
2026/08/17 12:55:41.691, 4, NVIDIA RTX PRO 6000 Blackwell Server Edition, 98, 63, 96825, 97887, 411.10, 600.00, 55, 2392, 12481, P0, 0
2026/08/17 12:55:41.691, 5, NVIDIA RTX PRO 6000 Blackwell Server Edition, 97, 57, 96741, 97887, 383.91, 600.00, 51, 2392, 12481, P0, 0
2026/08/17 12:55:41.692, 6, NVIDIA RTX PRO 6000 Blackwell Server Edition, 89, 33, 95811, 97887, 534.37, 600.00, 61, 2400, 12481, P0, 0
2026/08/17 12:55:41.693, 7, NVIDIA RTX PRO 6000 Blackwell Server Edition, 97, 56, 96045, 97887, 249.86, 600.00, 43, 2287, 12481, P0, 0
2026/08/17 12:55:46.694, 0, NVIDIA RTX PRO 6000 Blackwell Server Edition, 97, 57, 96743, 97887, 381.51, 600.00, 52, 2385, 12481, P0, 0
2026/08/17 12:55:46.695, 1, NVIDIA RTX PRO 6000 Blackwell Server Edition, 0, 0, 95737, 97887, 88.45, 600.00, 37, 2325, 12481, P0, 0
2026/08/17 12:55:46.695, 2, NVIDIA RTX PRO 6000 Blackwell Server Edition, 100, 39, 94399, 97887, 581.92, 600.00, 66, 2392, 12481, P0, 0
2026/08/17 12:55:46.695, 3, NVIDIA RTX PRO 6000 Blackwell Server Edition, 97, 60, 95827, 97887, 406.44, 600.00, 52, 2392, 12481, P0, 0
2026/08/17 12:55:46.696, 4, NVIDIA RTX PRO 6000 Blackwell Server Edition, 97, 61, 96825, 97887, 407.59, 600.00, 55, 2392, 12481, P0, 0
2026/08/17 12:55:46.697, 5, NVIDIA RTX PRO 6000 Blackwell Server Edition, 97, 57, 96741, 97887, 382.17, 600.00, 51, 2392, 12481, P0, 0
2026/08/17 12:55:46.697, 6, NVIDIA RTX PRO 6000 Blackwell Server Edition, 97, 62, 95811, 97887, 405.17, 600.00, 56, 2392, 12481, P0, 0
2026/08/17 12:55:46.698, 7, NVIDIA RTX PRO 6000 Blackwell Server Edition, 0, 0, 96045, 97887, 87.05, 600.00, 34, 2355, 12481, P0, 0
2026/08/17 12:55:51.698, 0, NVIDIA RTX PRO 6000 Blackwell Server Edition, 97, 57, 96743, 97887, 381.89, 600.00, 52, 2385, 12481, P0, 0
2026/08/17 12:55:51.699, 1, NVIDIA RTX PRO 6000 Blackwell Server Edition, 0, 0, 95737, 97887, 87.96, 600.00, 36, 2325, 12481, P0, 0
2026/08/17 12:55:51.699, 2, NVIDIA RTX PRO 6000 Blackwell Server Edition, 100, 32, 94399, 97887, 584.36, 600.00, 65, 2392, 12481, P0, 0
2026/08/17 12:55:51.700, 3, NVIDIA RTX PRO 6000 Blackwell Server Edition, 97, 56, 95827, 97887, 384.44, 600.00, 52, 2385, 12481, P0, 0
2026/08/17 12:55:51.704, 4, NVIDIA RTX PRO 6000 Blackwell Server Edition, 97, 62, 96825, 97887, 411.37, 600.00, 55, 2392, 12481, P0, 0
2026/08/17 12:55:51.705, 5, NVIDIA RTX PRO 6000 Blackwell Server Edition, 97, 57, 96741, 97887, 383.66, 600.00, 52, 2385, 12481, P0, 0
2026/08/17 12:55:51.705, 6, NVIDIA RTX PRO 6000 Blackwell Server Edition, 98, 62, 95811, 97887, 407.71, 600.00, 56, 2392, 12481, P0, 0
2026/08/17 12:55:51.706, 7, NVIDIA RTX PRO 6000 Blackwell Server Edition, 0, 0, 96045, 97887, 85.83, 600.00, 33, 2370, 12481, P0, 0
2026/08/17 12:55:56.706, 0, NVIDIA RTX PRO 6000 Blackwell Server Edition, 83, 43, 96743, 97887, 419.11, 600.00, 59, 2392, 12481, P0, 0
2026/08/17 12:55:56.709, 1, NVIDIA RTX PRO 6000 Blackwell Server Edition, 0, 0, 95737, 97887, 88.75, 600.00, 35, 2325, 12481, P0, 0
2026/08/17 12:55:56.709, 2, NVIDIA RTX PRO 6000 Blackwell Server Edition, 99, 41, 94399, 97887, 476.57, 600.00, 64, 2407, 12481, P0, 0
2026/08/17 12:55:56.709, 3, NVIDIA RTX PRO 6000 Blackwell Server Edition, 97, 56, 95827, 97887, 386.16, 600.00, 52, 2385, 12481, P0, 0
2026/08/17 12:55:56.710, 4, NVIDIA RTX PRO 6000 Blackwell Server Edition, 98, 57, 96825, 97887, 400.17, 600.00, 55, 2385, 12481, P0, 0
2026/08/17 12:55:56.711, 5, NVIDIA RTX PRO 6000 Blackwell Server Edition, 97, 57, 96741, 97887, 383.91, 600.00, 52, 2385, 12481, P0, 0
2026/08/17 12:55:56.711, 6, NVIDIA RTX PRO 6000 Blackwell Server Edition, 100, 38, 95811, 97887, 473.47, 600.00, 60, 2392, 12481, P0, 0
2026/08/17 12:55:56.711, 7, NVIDIA RTX PRO 6000 Blackwell Server Edition, 97, 56, 96045, 97887, 157.89, 600.00, 42, 2280, 12481, P0, 0
2026/08/17 12:56:01.712, 0, NVIDIA RTX PRO 6000 Blackwell Server Edition, 100, 27, 96743, 97887, 565.62, 600.00, 61, 2392, 12481, P0, 0
2026/08/17 12:56:01.713, 1, NVIDIA RTX PRO 6000 Blackwell Server Edition, 0, 0, 95737, 97887, 86.99, 600.00, 35, 2325, 12481, P0, 0
2026/08/17 12:56:01.713, 2, NVIDIA RTX PRO 6000 Blackwell Server Edition, 99, 46, 94399, 97887, 472.28, 600.00, 62, 2407, 12481, P0, 0
2026/08/17 12:56:01.714, 3, NVIDIA RTX PRO 6000 Blackwell Server Edition, 97, 56, 95827, 97887, 384.64, 600.00, 52, 2385, 12481, P0, 0
2026/08/17 12:56:01.714, 4, NVIDIA RTX PRO 6000 Blackwell Server Edition, 97, 57, 96825, 97887, 384.00, 600.00, 54, 2385, 12481, P0, 0
2026/08/17 12:56:01.715, 5, NVIDIA RTX PRO 6000 Blackwell Server Edition, 0, 0, 96741, 97887, 91.63, 600.00, 42, 2370, 12481, P0, 0
2026/08/17 12:56:01.715, 6, NVIDIA RTX PRO 6000 Blackwell Server Edition, 97, 62, 95811, 97887, 404.82, 600.00, 56, 2400, 12481, P0, 0
2026/08/17 12:56:01.716, 7, NVIDIA RTX PRO 6000 Blackwell Server Edition, 100, 33, 96045, 97887, 549.66, 600.00, 53, 2407, 12481, P0, 0
2026/08/17 12:56:06.716, 0, NVIDIA RTX PRO 6000 Blackwell Server Edition, 97, 62, 96743, 97887, 406.71, 600.00, 55, 2392, 12481, P0, 0
2026/08/17 12:56:06.717, 1, NVIDIA RTX PRO 6000 Blackwell Server Edition, 97, 59, 95737, 97887, 463.86, 600.00, 46, 2385, 12481, P0, 0
2026/08/17 12:56:06.717, 2, NVIDIA RTX PRO 6000 Blackwell Server Edition, 100, 32, 94399, 97887, 574.73, 600.00, 65, 2392, 12481, P0, 0
2026/08/17 12:56:06.718, 3, NVIDIA RTX PRO 6000 Blackwell Server Edition, 92, 54, 95827, 97887, 382.20, 600.00, 51, 2385, 12481, P0, 0
2026/08/17 12:56:06.718, 4, NVIDIA RTX PRO 6000 Blackwell Server Edition, 97, 57, 96825, 97887, 384.37, 600.00, 54, 2385, 12481, P0, 0
2026/08/17 12:56:06.719, 5, NVIDIA RTX PRO 6000 Blackwell Server Edition, 0, 0, 96741, 97887, 90.65, 600.00, 40, 2370, 12481, P0, 0
2026/08/17 12:56:06.719, 6, NVIDIA RTX PRO 6000 Blackwell Server Edition, 97, 61, 95811, 97887, 402.64, 600.00, 55, 2392, 12481, P0, 0
2026/08/17 12:56:06.720, 7, NVIDIA RTX PRO 6000 Blackwell Server Edition, 98, 57, 96045, 97887, 375.53, 600.00, 47, 2385, 12481, P0, 0
2026/08/17 12:56:11.721, 0, NVIDIA RTX PRO 6000 Blackwell Server Edition, 97, 62, 96743, 97887, 406.05, 600.00, 54, 2392, 12481, P0, 0
2026/08/17 12:56:11.722, 1, NVIDIA RTX PRO 6000 Blackwell Server Edition, 97, 57, 95737, 97887, 375.18, 600.00, 47, 2385, 12481, P0, 0
2026/08/17 12:56:11.723, 2, NVIDIA RTX PRO 6000 Blackwell Server Edition, 99, 53, 94399, 97887, 467.07, 600.00, 60, 2400, 12481, P0, 0
2026/08/17 12:56:11.726, 3, NVIDIA RTX PRO 6000 Blackwell Server Edition, 100, 21, 95827, 97887, 540.25, 600.00, 60, 2407, 12481, P0, 0
2026/08/17 12:56:11.726, 4, NVIDIA RTX PRO 6000 Blackwell Server Edition, 97, 57, 96825, 97887, 383.86, 600.00, 54, 2385, 12481, P0, 0
2026/08/17 12:56:11.730, 5, NVIDIA RTX PRO 6000 Blackwell Server Edition, 100, 24, 96741, 97887, 531.14, 600.00, 54, 2392, 12481, P0, 0
2026/08/17 12:56:11.733, 6, NVIDIA RTX PRO 6000 Blackwell Server Edition, 97, 61, 95811, 97887, 403.81, 600.00, 55, 2400, 12481, P0, 0
2026/08/17 12:56:11.734, 7, NVIDIA RTX PRO 6000 Blackwell Server Edition, 97, 57, 96045, 97887, 373.93, 600.00, 48, 2385, 12481, P0, 0
2026/08/17 12:56:16.736, 0, NVIDIA RTX PRO 6000 Blackwell Server Edition, 98, 57, 96743, 97887, 386.64, 600.00, 54, 2385, 12481, P0, 0
2026/08/17 12:56:16.737, 1, NVIDIA RTX PRO 6000 Blackwell Server Edition, 0, 0, 95737, 97887, 89.23, 600.00, 39, 2325, 12481, P0, 0
2026/08/17 12:56:16.739, 2, NVIDIA RTX PRO 6000 Blackwell Server Edition, 100, 34, 94399, 97887, 582.88, 600.00, 66, 2392, 12481, P0, 0
2026/08/17 12:56:16.739, 3, NVIDIA RTX PRO 6000 Blackwell Server Edition, 100, 36, 95827, 97887, 547.82, 600.00, 60, 2400, 12481, P0, 0
2026/08/17 12:56:16.740, 4, NVIDIA RTX PRO 6000 Blackwell Server Edition, 98, 57, 96825, 97887, 387.27, 600.00, 54, 2385, 12481, P0, 0
2026/08/17 12:56:16.740, 5, NVIDIA RTX PRO 6000 Blackwell Server Edition, 100, 34, 96741, 97887, 575.71, 600.00, 60, 2407, 12481, P0, 0
2026/08/17 12:56:16.741, 6, NVIDIA RTX PRO 6000 Blackwell Server Edition, 100, 33, 95811, 97887, 569.57, 600.00, 63, 2407, 12481, P0, 0
2026/08/17 12:56:16.741, 7, NVIDIA RTX PRO 6000 Blackwell Server Edition, 97, 31, 96045, 97887, 544.83, 600.00, 56, 2407, 12481, P0, 0
2026/08/17 12:56:21.742, 0, NVIDIA RTX PRO 6000 Blackwell Server Edition, 100, 34, 96743, 97887, 566.75, 600.00, 61, 2407, 12481, P0, 0
2026/08/17 12:56:21.742, 1, NVIDIA RTX PRO 6000 Blackwell Server Edition, 0, 0, 95737, 97887, 89.21, 600.00, 37, 2325, 12481, P0, 0
2026/08/17 12:56:21.742, 2, NVIDIA RTX PRO 6000 Blackwell Server Edition, 99, 53, 94399, 97887, 459.63, 600.00, 61, 2400, 12481, P0, 0
2026/08/17 12:56:21.743, 3, NVIDIA RTX PRO 6000 Blackwell Server Edition, 97, 63, 95827, 97887, 425.44, 600.00, 56, 2385, 12481, P0, 0
2026/08/17 12:56:21.744, 4, NVIDIA RTX PRO 6000 Blackwell Server Edition, 97, 57, 96825, 97887, 384.64, 600.00, 54, 2385, 12481, P0, 0
2026/08/17 12:56:21.744, 5, NVIDIA RTX PRO 6000 Blackwell Server Edition, 100, 27, 96741, 97887, 557.49, 600.00, 61, 2407, 12481, P0, 0
2026/08/17 12:56:21.744, 6, NVIDIA RTX PRO 6000 Blackwell Server Edition, 98, 46, 95811, 97887, 421.81, 600.00, 58, 2400, 12481, P0, 0
2026/08/17 12:56:21.745, 7, NVIDIA RTX PRO 6000 Blackwell Server Edition, 97, 62, 96045, 97887, 401.25, 600.00, 52, 2392, 12481, P0, 0
2026/08/17 12:56:26.746, 0, NVIDIA RTX PRO 6000 Blackwell Server Edition, 100, 34, 96743, 97887, 576.27, 600.00, 62, 2392, 12481, P0, 0
2026/08/17 12:56:26.749, 1, NVIDIA RTX PRO 6000 Blackwell Server Edition, 100, 38, 95737, 97887, 557.83, 600.00, 53, 2407, 12481, P0, 0
2026/08/17 12:56:26.752, 2, NVIDIA RTX PRO 6000 Blackwell Server Edition, 99, 53, 94399, 97887, 457.77, 600.00, 60, 2400, 12481, P0, 0
2026/08/17 12:56:26.753, 3, NVIDIA RTX PRO 6000 Blackwell Server Edition, 98, 63, 95827, 97887, 421.95, 600.00, 56, 2385, 12481, P0, 0
2026/08/17 12:56:26.754, 4, NVIDIA RTX PRO 6000 Blackwell Server Edition, 98, 57, 96825, 97887, 386.08, 600.00, 54, 2385, 12481, P0, 0
2026/08/17 12:56:26.757, 5, NVIDIA RTX PRO 6000 Blackwell Server Edition, 100, 33, 96741, 97887, 555.71, 600.00, 64, 2415, 12481, P0, 0
2026/08/17 12:56:26.760, 6, NVIDIA RTX PRO 6000 Blackwell Server Edition, 97, 62, 95811, 97887, 407.10, 600.00, 57, 2392, 12481, P0, 0
2026/08/17 12:56:26.761, 7, NVIDIA RTX PRO 6000 Blackwell Server Edition, 0, 0, 96045, 97887, 116.31, 600.00, 43, 2355, 12481, P0, 0
2026/08/17 12:56:31.763, 0, NVIDIA RTX PRO 6000 Blackwell Server Edition, 97, 61, 96743, 97887, 408.61, 600.00, 56, 2392, 12481, P0, 0
2026/08/17 12:56:31.763, 1, NVIDIA RTX PRO 6000 Blackwell Server Edition, 97, 62, 95737, 97887, 495.86, 600.00, 51, 2392, 12481, P0, 0
2026/08/17 12:56:31.764, 2, NVIDIA RTX PRO 6000 Blackwell Server Edition, 100, 27, 94399, 97887, 553.87, 600.00, 64, 2392, 12481, P0, 0
2026/08/17 12:56:31.764, 3, NVIDIA RTX PRO 6000 Blackwell Server Edition, 100, 36, 95827, 97887, 427.51, 600.00, 59, 2385, 12481, P0, 0
2026/08/17 12:56:31.765, 4, NVIDIA RTX PRO 6000 Blackwell Server Edition, 98, 40, 96825, 97887, 579.79, 600.00, 60, 2407, 12481, P0, 0
2026/08/17 12:56:31.765, 5, NVIDIA RTX PRO 6000 Blackwell Server Edition, 100, 21, 96741, 97887, 545.52, 600.00, 63, 2415, 12481, P0, 0
2026/08/17 12:56:31.765, 6, NVIDIA RTX PRO 6000 Blackwell Server Edition, 100, 38, 95811, 97887, 612.82, 600.00, 64, 2400, 12481, P0, 0
2026/08/17 12:56:31.766, 7, NVIDIA RTX PRO 6000 Blackwell Server Edition, 0, 0, 96045, 97887, 88.56, 600.00, 40, 2355, 12481, P0, 0
2026/08/17 12:56:36.766, 0, NVIDIA RTX PRO 6000 Blackwell Server Edition, 97, 57, 96743, 97887, 385.48, 600.00, 55, 2385, 12481, P0, 0
2026/08/17 12:56:36.767, 1, NVIDIA RTX PRO 6000 Blackwell Server Edition, 97, 57, 95737, 97887, 382.09, 600.00, 50, 2385, 12481, P0, 0
2026/08/17 12:56:36.767, 2, NVIDIA RTX PRO 6000 Blackwell Server Edition, 98, 65, 94399, 97887, 438.91, 600.00, 59, 2400, 12481, P0, 0
2026/08/17 12:56:36.768, 3, NVIDIA RTX PRO 6000 Blackwell Server Edition, 97, 56, 95827, 97887, 389.36, 600.00, 55, 2385, 12481, P0, 0
2026/08/17 12:56:36.769, 4, NVIDIA RTX PRO 6000 Blackwell Server Edition, 100, 29, 96825, 97887, 568.70, 600.00, 63, 2407, 12481, P0, 0
2026/08/17 12:56:36.770, 5, NVIDIA RTX PRO 6000 Blackwell Server Edition, 100, 21, 96741, 97887, 551.21, 600.00, 64, 2407, 12481, P0, 0
2026/08/17 12:56:36.770, 6, NVIDIA RTX PRO 6000 Blackwell Server Edition, 100, 29, 95811, 97887, 542.38, 600.00, 64, 2392, 12481, P0, 0
2026/08/17 12:56:36.771, 7, NVIDIA RTX PRO 6000 Blackwell Server Edition, 98, 32, 96045, 97887, 580.39, 600.00, 56, 2407, 12481, P0, 0
2026/08/17 12:56:41.771, 0, NVIDIA RTX PRO 6000 Blackwell Server Edition, 97, 57, 96743, 97887, 386.24, 600.00, 54, 2385, 12481, P0, 0
2026/08/17 12:56:41.772, 1, NVIDIA RTX PRO 6000 Blackwell Server Edition, 97, 57, 95737, 97887, 384.03, 600.00, 51, 2385, 12481, P0, 0
2026/08/17 12:56:41.772, 2, NVIDIA RTX PRO 6000 Blackwell Server Edition, 98, 65, 94399, 97887, 436.61, 600.00, 58, 2400, 12481, P0, 0
2026/08/17 12:56:41.773, 3, NVIDIA RTX PRO 6000 Blackwell Server Edition, 0, 0, 95827, 97887, 87.54, 600.00, 44, 2422, 12481, P0, 0
2026/08/17 12:56:41.773, 4, NVIDIA RTX PRO 6000 Blackwell Server Edition, 100, 34, 96825, 97887, 571.58, 600.00, 65, 2400, 12481, P0, 0
2026/08/17 12:56:41.774, 5, NVIDIA RTX PRO 6000 Blackwell Server Edition, 100, 7, 96741, 97887, 548.57, 600.00, 66, 2415, 12481, P0, 0
2026/08/17 12:56:41.774, 6, NVIDIA RTX PRO 6000 Blackwell Server Edition, 100, 35, 95811, 97887, 511.74, 600.00, 62, 2407, 12481, P0, 0
2026/08/17 12:56:41.775, 7, NVIDIA RTX PRO 6000 Blackwell Server Edition, 100, 29, 96045, 97887, 538.85, 600.00, 58, 2400, 12481, P0, 0
2026/08/17 12:56:46.775, 0, NVIDIA RTX PRO 6000 Blackwell Server Edition, 98, 57, 96743, 97887, 385.62, 600.00, 54, 2385, 12481, P0, 0
2026/08/17 12:56:46.776, 1, NVIDIA RTX PRO 6000 Blackwell Server Edition, 0, 0, 95737, 97887, 117.36, 600.00, 43, 2332, 12481, P0, 0
2026/08/17 12:56:46.776, 2, NVIDIA RTX PRO 6000 Blackwell Server Edition, 100, 24, 94399, 97887, 556.58, 600.00, 63, 2400, 12481, P0, 0
2026/08/17 12:56:46.776, 3, NVIDIA RTX PRO 6000 Blackwell Server Edition, 0, 0, 95827, 97887, 93.21, 600.00, 42, 2302, 12481, P0, 0
2026/08/17 12:56:46.777, 4, NVIDIA RTX PRO 6000 Blackwell Server Edition, 99, 38, 96825, 97887, 561.51, 600.00, 66, 2407, 12481, P0, 0
2026/08/17 12:56:46.778, 5, NVIDIA RTX PRO 6000 Blackwell Server Edition, 100, 9, 96741, 97887, 552.68, 600.00, 66, 2415, 12481, P0, 0
2026/08/17 12:56:46.778, 6, NVIDIA RTX PRO 6000 Blackwell Server Edition, 98, 47, 95811, 97887, 421.27, 600.00, 59, 2400, 12481, P0, 0
2026/08/17 12:56:46.778, 7, NVIDIA RTX PRO 6000 Blackwell Server Edition, 97, 51, 96045, 97887, 480.26, 600.00, 58, 2392, 12481, P0, 0
2026/08/17 12:56:51.779, 0, NVIDIA RTX PRO 6000 Blackwell Server Edition, 100, 38, 96743, 97887, 549.98, 600.00, 59, 2407, 12481, P0, 0
2026/08/17 12:56:51.780, 1, NVIDIA RTX PRO 6000 Blackwell Server Edition, 0, 0, 95737, 97887, 91.08, 600.00, 40, 2325, 12481, P0, 0
2026/08/17 12:56:51.780, 2, NVIDIA RTX PRO 6000 Blackwell Server Edition, 97, 62, 94399, 97887, 425.65, 600.00, 58, 2392, 12481, P0, 0
2026/08/17 12:56:51.781, 3, NVIDIA RTX PRO 6000 Blackwell Server Edition, 0, 0, 95827, 97887, 91.89, 600.00, 40, 2302, 12481, P0, 0
2026/08/17 12:56:51.781, 4, NVIDIA RTX PRO 6000 Blackwell Server Edition, 100, 20, 96825, 97887, 557.15, 600.00, 67, 2407, 12481, P0, 0
2026/08/17 12:56:51.782, 5, NVIDIA RTX PRO 6000 Blackwell Server Edition, 100, 8, 96741, 97887, 557.60, 600.00, 65, 2415, 12481, P0, 0
2026/08/17 12:56:51.782, 6, NVIDIA RTX PRO 6000 Blackwell Server Edition, 97, 62, 95811, 97887, 421.07, 600.00, 58, 2400, 12481, P0, 0
2026/08/17 12:56:51.783, 7, NVIDIA RTX PRO 6000 Blackwell Server Edition, 100, 38, 96045, 97887, 571.90, 600.00, 58, 2407, 12481, P0, 0
2026/08/17 12:56:56.783, 0, NVIDIA RTX PRO 6000 Blackwell Server Edition, 100, 33, 96743, 97887, 569.47, 600.00, 62, 2407, 12481, P0, 0
2026/08/17 12:56:56.784, 1, NVIDIA RTX PRO 6000 Blackwell Server Edition, 99, 39, 95737, 97887, 536.30, 600.00, 48, 2385, 12481, P0, 0
2026/08/17 12:56:56.784, 2, NVIDIA RTX PRO 6000 Blackwell Server Edition, 100, 38, 94399, 97887, 507.02, 600.00, 63, 2377, 12481, P0, 0
2026/08/17 12:56:56.786, 3, NVIDIA RTX PRO 6000 Blackwell Server Edition, 0, 0, 95827, 97887, 90.32, 600.00, 38, 2302, 12481, P0, 0
2026/08/17 12:56:56.786, 4, NVIDIA RTX PRO 6000 Blackwell Server Edition, 100, 16, 96825, 97887, 550.93, 600.00, 66, 2407, 12481, P0, 0
2026/08/17 12:56:56.787, 5, NVIDIA RTX PRO 6000 Blackwell Server Edition, 100, 3, 96741, 97887, 532.78, 600.00, 67, 2415, 12481, P0, 0
2026/08/17 12:56:56.787, 6, NVIDIA RTX PRO 6000 Blackwell Server Edition, 97, 62, 95811, 97887, 408.54, 600.00, 57, 2392, 12481, P0, 0
2026/08/17 12:56:56.787, 7, NVIDIA RTX PRO 6000 Blackwell Server Edition, 100, 29, 96045, 97887, 570.31, 600.00, 62, 2407, 12481, P0, 0
2026/08/17 12:57:01.788, 0, NVIDIA RTX PRO 6000 Blackwell Server Edition, 100, 33, 96743, 97887, 566.40, 600.00, 63, 2407, 12481, P0, 0
2026/08/17 12:57:01.789, 1, NVIDIA RTX PRO 6000 Blackwell Server Edition, 0, 0, 95737, 97887, 90.46, 600.00, 40, 2332, 12481, P0, 0
2026/08/17 12:57:01.789, 2, NVIDIA RTX PRO 6000 Blackwell Server Edition, 97, 60, 94399, 97887, 418.64, 600.00, 57, 2400, 12481, P0, 0
2026/08/17 12:57:01.790, 3, NVIDIA RTX PRO 6000 Blackwell Server Edition, 97, 56, 95827, 97887, 487.39, 600.00, 46, 2385, 12481, P0, 0
2026/08/17 12:57:01.790, 4, NVIDIA RTX PRO 6000 Blackwell Server Edition, 100, 30, 96825, 97887, 532.72, 600.00, 64, 2400, 12481, P0, 0
2026/08/17 12:57:01.791, 5, NVIDIA RTX PRO 6000 Blackwell Server Edition, 100, 27, 96741, 97887, 545.32, 600.00, 67, 2415, 12481, P0, 0
2026/08/17 12:57:01.791, 6, NVIDIA RTX PRO 6000 Blackwell Server Edition, 97, 62, 95811, 97887, 408.87, 600.00, 57, 2392, 12481, P0, 0
2026/08/17 12:57:01.791, 7, NVIDIA RTX PRO 6000 Blackwell Server Edition, 100, 32, 96045, 97887, 557.70, 600.00, 63, 2407, 12481, P0, 0
2026/08/17 12:57:06.793, 0, NVIDIA RTX PRO 6000 Blackwell Server Edition, 98, 64, 96743, 97887, 469.84, 600.00, 59, 2400, 12481, P0, 0
2026/08/17 12:57:06.793, 1, NVIDIA RTX PRO 6000 Blackwell Server Edition, 0, 0, 95737, 97887, 89.54, 600.00, 38, 2325, 12481, P0, 0
2026/08/17 12:57:06.794, 2, NVIDIA RTX PRO 6000 Blackwell Server Edition, 97, 60, 94399, 97887, 416.40, 600.00, 56, 2400, 12481, P0, 0
2026/08/17 12:57:06.794, 3, NVIDIA RTX PRO 6000 Blackwell Server Edition, 0, 0, 95827, 97887, 91.24, 600.00, 39, 2302, 12481, P0, 0
2026/08/17 12:57:06.794, 4, NVIDIA RTX PRO 6000 Blackwell Server Edition, 98, 65, 96825, 97887, 426.48, 600.00, 60, 2392, 12481, P0, 0
2026/08/17 12:57:06.795, 5, NVIDIA RTX PRO 6000 Blackwell Server Edition, 100, 8, 96741, 97887, 555.67, 600.00, 67, 2415, 12481, P0, 0
2026/08/17 12:57:06.795, 6, NVIDIA RTX PRO 6000 Blackwell Server Edition, 97, 62, 95811, 97887, 405.61, 600.00, 56, 2392, 12481, P0, 0
2026/08/17 12:57:06.796, 7, NVIDIA RTX PRO 6000 Blackwell Server Edition, 100, 18, 96045, 97887, 560.26, 600.00, 64, 2407, 12481, P0, 0
2026/08/17 12:57:11.797, 0, NVIDIA RTX PRO 6000 Blackwell Server Edition, 98, 64, 96743, 97887, 417.31, 600.00, 57, 2400, 12481, P0, 0
2026/08/17 12:57:11.797, 1, NVIDIA RTX PRO 6000 Blackwell Server Edition, 0, 0, 95737, 97887, 89.10, 600.00, 36, 2325, 12481, P0, 0
2026/08/17 12:57:11.797, 2, NVIDIA RTX PRO 6000 Blackwell Server Edition, 97, 60, 94399, 97887, 417.97, 600.00, 56, 2400, 12481, P0, 0
2026/08/17 12:57:11.798, 3, NVIDIA RTX PRO 6000 Blackwell Server Edition, 0, 0, 95827, 97887, 89.15, 600.00, 37, 2302, 12481, P0, 0
2026/08/17 12:57:11.798, 4, NVIDIA RTX PRO 6000 Blackwell Server Edition, 98, 63, 96825, 97887, 415.63, 600.00, 58, 2385, 12481, P0, 0
2026/08/17 12:57:11.799, 5, NVIDIA RTX PRO 6000 Blackwell Server Edition, 99, 20, 96741, 97887, 541.46, 600.00, 64, 2415, 12481, P0, 0
2026/08/17 12:57:11.800, 6, NVIDIA RTX PRO 6000 Blackwell Server Edition, 100, 33, 95811, 97887, 548.23, 600.00, 62, 2385, 12481, P0, 0
2026/08/17 12:57:11.800, 7, NVIDIA RTX PRO 6000 Blackwell Server Edition, 100, 13, 96045, 97887, 550.05, 600.00, 66, 2407, 12481, P0, 0
2026/08/17 12:57:16.801, 0, NVIDIA RTX PRO 6000 Blackwell Server Edition, 98, 65, 96743, 97887, 422.44, 600.00, 57, 2400, 12481, P0, 0
2026/08/17 12:57:16.802, 1, NVIDIA RTX PRO 6000 Blackwell Server Edition, 0, 0, 95737, 97887, 89.05, 600.00, 36, 2325, 12481, P0, 0
2026/08/17 12:57:16.802, 2, NVIDIA RTX PRO 6000 Blackwell Server Edition, 98, 57, 94399, 97887, 398.10, 600.00, 55, 2392, 12481, P0, 0
2026/08/17 12:57:16.803, 3, NVIDIA RTX PRO 6000 Blackwell Server Edition, 0, 0, 95827, 97887, 89.64, 600.00, 36, 2302, 12481, P0, 0
2026/08/17 12:57:16.803, 4, NVIDIA RTX PRO 6000 Blackwell Server Edition, 98, 63, 96825, 97887, 413.91, 600.00, 58, 2392, 12481, P0, 0
2026/08/17 12:57:16.803, 5, NVIDIA RTX PRO 6000 Blackwell Server Edition, 100, 33, 96741, 97887, 528.02, 600.00, 67, 2415, 12481, P0, 0
2026/08/17 12:57:16.805, 6, NVIDIA RTX PRO 6000 Blackwell Server Edition, 97, 63, 95811, 97887, 405.30, 600.00, 56, 2392, 12481, P0, 0
2026/08/17 12:57:16.805, 7, NVIDIA RTX PRO 6000 Blackwell Server Edition, 100, 38, 96045, 97887, 551.64, 600.00, 65, 2407, 12481, P0, 0
2026/08/17 12:57:21.807, 0, NVIDIA RTX PRO 6000 Blackwell Server Edition, 98, 63, 96743, 97887, 416.58, 600.00, 56, 2392, 12481, P0, 0
2026/08/17 12:57:21.808, 1, NVIDIA RTX PRO 6000 Blackwell Server Edition, 0, 0, 95737, 97887, 87.59, 600.00, 35, 2325, 12481, P0, 0
2026/08/17 12:57:21.808, 2, NVIDIA RTX PRO 6000 Blackwell Server Edition, 97, 57, 94399, 97887, 396.64, 600.00, 55, 2392, 12481, P0, 0
2026/08/17 12:57:21.809, 3, NVIDIA RTX PRO 6000 Blackwell Server Edition, 0, 0, 95827, 97887, 89.69, 600.00, 35, 2302, 12481, P0, 0
2026/08/17 12:57:21.809, 4, NVIDIA RTX PRO 6000 Blackwell Server Edition, 98, 63, 96825, 97887, 415.56, 600.00, 57, 2385, 12481, P0, 0
2026/08/17 12:57:21.810, 5, NVIDIA RTX PRO 6000 Blackwell Server Edition, 100, 7, 96741, 97887, 536.89, 600.00, 67, 2415, 12481, P0, 0
2026/08/17 12:57:21.810, 6, NVIDIA RTX PRO 6000 Blackwell Server Edition, 97, 63, 95811, 97887, 409.23, 600.00, 56, 2392, 12481, P0, 0
2026/08/17 12:57:21.811, 7, NVIDIA RTX PRO 6000 Blackwell Server Edition, 100, 14, 96045, 97887, 541.79, 600.00, 67, 2415, 12481, P0, 0
2026/08/17 12:57:26.811, 0, NVIDIA RTX PRO 6000 Blackwell Server Edition, 97, 64, 96743, 97887, 415.15, 600.00, 56, 2392, 12481, P0, 0
2026/08/17 12:57:26.812, 1, NVIDIA RTX PRO 6000 Blackwell Server Edition, 0, 0, 95737, 97887, 87.10, 600.00, 34, 2325, 12481, P0, 0
2026/08/17 12:57:26.812, 2, NVIDIA RTX PRO 6000 Blackwell Server Edition, 98, 57, 94399, 97887, 395.42, 600.00, 54, 2392, 12481, P0, 0
2026/08/17 12:57:26.813, 3, NVIDIA RTX PRO 6000 Blackwell Server Edition, 0, 0, 95827, 97887, 88.72, 600.00, 35, 2302, 12481, P0, 0
2026/08/17 12:57:26.813, 4, NVIDIA RTX PRO 6000 Blackwell Server Edition, 98, 63, 96825, 97887, 414.23, 600.00, 57, 2385, 12481, P0, 0
2026/08/17 12:57:26.814, 5, NVIDIA RTX PRO 6000 Blackwell Server Edition, 100, 7, 96741, 97887, 535.63, 600.00, 67, 2415, 12481, P0, 0
2026/08/17 12:57:26.814, 6, NVIDIA RTX PRO 6000 Blackwell Server Edition, 97, 62, 95811, 97887, 406.21, 600.00, 55, 2392, 12481, P0, 0
2026/08/17 12:57:26.814, 7, NVIDIA RTX PRO 6000 Blackwell Server Edition, 100, 27, 96045, 97887, 540.70, 600.00, 66, 2407, 12481, P0, 0
2026/08/17 12:57:31.815, 0, NVIDIA RTX PRO 6000 Blackwell Server Edition, 97, 63, 96743, 97887, 416.96, 600.00, 56, 2392, 12481, P0, 0
2026/08/17 12:57:31.816, 1, NVIDIA RTX PRO 6000 Blackwell Server Edition, 100, 37, 95737, 97887, 574.73, 600.00, 52, 2407, 12481, P0, 0
2026/08/17 12:57:31.816, 2, NVIDIA RTX PRO 6000 Blackwell Server Edition, 100, 38, 94399, 97887, 578.14, 600.00, 61, 2385, 12481, P0, 0
2026/08/17 12:57:31.817, 3, NVIDIA RTX PRO 6000 Blackwell Server Edition, 0, 0, 95827, 97887, 88.46, 600.00, 34, 2302, 12481, P0, 0
2026/08/17 12:57:31.817, 4, NVIDIA RTX PRO 6000 Blackwell Server Edition, 97, 57, 96825, 97887, 386.97, 600.00, 55, 2385, 12481, P0, 0
2026/08/17 12:57:31.818, 5, NVIDIA RTX PRO 6000 Blackwell Server Edition, 100, 26, 96741, 97887, 537.31, 600.00, 67, 2415, 12481, P0, 0
2026/08/17 12:57:31.818, 6, NVIDIA RTX PRO 6000 Blackwell Server Edition, 97, 62, 95811, 97887, 405.98, 600.00, 55, 2392, 12481, P0, 0
2026/08/17 12:57:31.819, 7, NVIDIA RTX PRO 6000 Blackwell Server Edition, 98, 65, 96045, 97887, 423.39, 600.00, 59, 2400, 12481, P0, 0
2026/08/17 12:57:36.820, 0, NVIDIA RTX PRO 6000 Blackwell Server Edition, 97, 57, 96743, 97887, 394.05, 600.00, 55, 2385, 12481, P0, 0
2026/08/17 12:57:36.820, 1, NVIDIA RTX PRO 6000 Blackwell Server Edition, 100, 28, 95737, 97887, 548.89, 600.00, 56, 2415, 12481, P0, 0
2026/08/17 12:57:36.821, 2, NVIDIA RTX PRO 6000 Blackwell Server Edition, 100, 27, 94399, 97887, 585.75, 600.00, 62, 2392, 12481, P0, 0
2026/08/17 12:57:36.821, 3, NVIDIA RTX PRO 6000 Blackwell Server Edition, 100, 31, 95827, 97887, 557.79, 600.00, 53, 2407, 12481, P0, 0
2026/08/17 12:57:36.822, 4, NVIDIA RTX PRO 6000 Blackwell Server Edition, 100, 37, 96825, 97887, 445.75, 600.00, 61, 2407, 12481, P0, 0
2026/08/17 12:57:36.823, 5, NVIDIA RTX PRO 6000 Blackwell Server Edition, 100, 37, 96741, 97887, 538.62, 600.00, 68, 2415, 12481, P0, 0
2026/08/17 12:57:36.823, 6, NVIDIA RTX PRO 6000 Blackwell Server Edition, 96, 61, 95811, 97887, 402.87, 600.00, 55, 2392, 12481, P0, 0
2026/08/17 12:57:36.824, 7, NVIDIA RTX PRO 6000 Blackwell Server Edition, 98, 65, 96045, 97887, 423.67, 600.00, 58, 2392, 12481, P0, 0
2026/08/17 12:57:41.825, 0, NVIDIA RTX PRO 6000 Blackwell Server Edition, 97, 57, 96743, 97887, 387.13, 600.00, 54, 2385, 12481, P0, 0
2026/08/17 12:57:41.825, 1, NVIDIA RTX PRO 6000 Blackwell Server Edition, 97, 58, 95737, 97887, 394.30, 600.00, 51, 2385, 12481, P0, 0
2026/08/17 12:57:41.826, 2, NVIDIA RTX PRO 6000 Blackwell Server Edition, 98, 62, 94399, 97887, 439.39, 600.00, 58, 2400, 12481, P0, 0
2026/08/17 12:57:41.826, 3, NVIDIA RTX PRO 6000 Blackwell Server Edition, 100, 34, 95827, 97887, 565.41, 600.00, 57, 2400, 12481, P0, 0
2026/08/17 12:57:41.827, 4, NVIDIA RTX PRO 6000 Blackwell Server Edition, 99, 40, 96825, 97887, 572.31, 600.00, 64, 2407, 12481, P0, 0
2026/08/17 12:57:41.827, 5, NVIDIA RTX PRO 6000 Blackwell Server Edition, 100, 2, 96741, 97887, 545.20, 600.00, 67, 2415, 12481, P0, 0
2026/08/17 12:57:41.827, 6, NVIDIA RTX PRO 6000 Blackwell Server Edition, 96, 61, 95811, 97887, 401.21, 600.00, 55, 2392, 12481, P0, 0
2026/08/17 12:57:41.828, 7, NVIDIA RTX PRO 6000 Blackwell Server Edition, 98, 65, 96045, 97887, 423.35, 600.00, 57, 2400, 12481, P0, 0
2026/08/17 12:57:46.829, 0, NVIDIA RTX PRO 6000 Blackwell Server Edition, 97, 57, 96743, 97887, 384.59, 600.00, 54, 2385, 12481, P0, 0
2026/08/17 12:57:46.829, 1, NVIDIA RTX PRO 6000 Blackwell Server Edition, 97, 58, 95737, 97887, 386.05, 600.00, 51, 2385, 12481, P0, 0
2026/08/17 12:57:46.830, 2, NVIDIA RTX PRO 6000 Blackwell Server Edition, 97, 61, 94399, 97887, 423.31, 600.00, 57, 2392, 12481, P0, 0
2026/08/17 12:57:46.831, 3, NVIDIA RTX PRO 6000 Blackwell Server Edition, 97, 62, 95827, 97887, 407.13, 600.00, 51, 2392, 12481, P0, 0
2026/08/17 12:57:46.831, 4, NVIDIA RTX PRO 6000 Blackwell Server Edition, 100, 24, 96825, 97887, 566.23, 600.00, 64, 2407, 12481, P0, 0
2026/08/17 12:57:46.831, 5, NVIDIA RTX PRO 6000 Blackwell Server Edition, 100, 1, 96741, 97887, 542.95, 600.00, 68, 2422, 12481, P0, 0
2026/08/17 12:57:46.832, 6, NVIDIA RTX PRO 6000 Blackwell Server Edition, 97, 61, 95811, 97887, 400.86, 600.00, 55, 2400, 12481, P0, 0
2026/08/17 12:57:46.832, 7, NVIDIA RTX PRO 6000 Blackwell Server Edition, 97, 65, 96045, 97887, 452.89, 600.00, 58, 2392, 12481, P0, 0
2026/08/17 12:57:51.833, 0, NVIDIA RTX PRO 6000 Blackwell Server Edition, 97, 62, 96743, 97887, 422.50, 600.00, 56, 2392, 12481, P0, 0
2026/08/17 12:57:51.834, 1, NVIDIA RTX PRO 6000 Blackwell Server Edition, 98, 58, 95737, 97887, 388.22, 600.00, 51, 2385, 12481, P0, 0
2026/08/17 12:57:51.834, 2, NVIDIA RTX PRO 6000 Blackwell Server Edition, 97, 61, 94399, 97887, 418.51, 600.00, 56, 2400, 12481, P0, 0
2026/08/17 12:57:51.835, 3, NVIDIA RTX PRO 6000 Blackwell Server Edition, 97, 62, 95827, 97887, 410.32, 600.00, 51, 2392, 12481, P0, 0
2026/08/17 12:57:51.835, 4, NVIDIA RTX PRO 6000 Blackwell Server Edition, 98, 63, 96825, 97887, 417.03, 600.00, 59, 2392, 12481, P0, 0
2026/08/17 12:57:51.836, 5, NVIDIA RTX PRO 6000 Blackwell Server Edition, 100, 31, 96741, 97887, 529.88, 600.00, 67, 2415, 12481, P0, 0
2026/08/17 12:57:51.836, 6, NVIDIA RTX PRO 6000 Blackwell Server Edition, 96, 61, 95811, 97887, 401.34, 600.00, 55, 2400, 12481, P0, 0
2026/08/17 12:57:51.837, 7, NVIDIA RTX PRO 6000 Blackwell Server Edition, 98, 65, 96045, 97887, 423.21, 600.00, 57, 2392, 12481, P0, 0
2026/08/17 12:57:56.838, 0, NVIDIA RTX PRO 6000 Blackwell Server Edition, 98, 62, 96743, 97887, 407.85, 600.00, 55, 2392, 12481, P0, 0
2026/08/17 12:57:56.839, 1, NVIDIA RTX PRO 6000 Blackwell Server Edition, 97, 58, 95737, 97887, 386.31, 600.00, 51, 2385, 12481, P0, 0
2026/08/17 12:57:56.839, 2, NVIDIA RTX PRO 6000 Blackwell Server Edition, 97, 57, 94399, 97887, 396.41, 600.00, 55, 2392, 12481, P0, 0
2026/08/17 12:57:56.839, 3, NVIDIA RTX PRO 6000 Blackwell Server Edition, 97, 62, 95827, 97887, 411.59, 600.00, 52, 2392, 12481, P0, 0
2026/08/17 12:57:56.843, 4, NVIDIA RTX PRO 6000 Blackwell Server Edition, 98, 63, 96825, 97887, 414.52, 600.00, 58, 2385, 12481, P0, 0
2026/08/17 12:57:56.843, 5, NVIDIA RTX PRO 6000 Blackwell Server Edition, 100, 17, 96741, 97887, 538.53, 600.00, 67, 2415, 12481, P0, 0
2026/08/17 12:57:56.844, 6, NVIDIA RTX PRO 6000 Blackwell Server Edition, 97, 61, 95811, 97887, 402.00, 600.00, 55, 2392, 12481, P0, 0
2026/08/17 12:57:56.844, 7, NVIDIA RTX PRO 6000 Blackwell Server Edition, 98, 65, 96045, 97887, 422.43, 600.00, 57, 2392, 12481, P0, 0
2026/08/17 12:58:01.845, 0, NVIDIA RTX PRO 6000 Blackwell Server Edition, 97, 57, 96743, 97887, 387.90, 600.00, 54, 2385, 12481, P0, 0
2026/08/17 12:58:01.846, 1, NVIDIA RTX PRO 6000 Blackwell Server Edition, 97, 62, 95737, 97887, 472.44, 600.00, 53, 2392, 12481, P0, 0
2026/08/17 12:58:01.846, 2, NVIDIA RTX PRO 6000 Blackwell Server Edition, 100, 25, 94399, 97887, 532.71, 600.00, 62, 2400, 12481, P0, 0
2026/08/17 12:58:01.847, 3, NVIDIA RTX PRO 6000 Blackwell Server Edition, 97, 56, 95827, 97887, 387.17, 600.00, 51, 2385, 12481, P0, 0
2026/08/17 12:58:01.847, 4, NVIDIA RTX PRO 6000 Blackwell Server Edition, 97, 57, 96825, 97887, 393.74, 600.00, 56, 2385, 12481, P0, 0
2026/08/17 12:58:01.848, 5, NVIDIA RTX PRO 6000 Blackwell Server Edition, 100, 30, 96741, 97887, 539.34, 600.00, 67, 2415, 12481, P0, 0
2026/08/17 12:58:01.848, 6, NVIDIA RTX PRO 6000 Blackwell Server Edition, 100, 27, 95811, 97887, 522.77, 600.00, 61, 2385, 12481, P0, 0
2026/08/17 12:58:01.849, 7, NVIDIA RTX PRO 6000 Blackwell Server Edition, 98, 65, 96045, 97887, 422.42, 600.00, 57, 2392, 12481, P0, 0
2026/08/17 12:58:06.850, 0, NVIDIA RTX PRO 6000 Blackwell Server Edition, 97, 57, 96743, 97887, 386.90, 600.00, 54, 2385, 12481, P0, 0
2026/08/17 12:58:06.851, 1, NVIDIA RTX PRO 6000 Blackwell Server Edition, 97, 62, 95737, 97887, 406.97, 600.00, 53, 2385, 12481, P0, 0
2026/08/17 12:58:06.854, 2, NVIDIA RTX PRO 6000 Blackwell Server Edition, 97, 63, 94399, 97887, 425.32, 600.00, 57, 2392, 12481, P0, 0
2026/08/17 12:58:06.855, 3, NVIDIA RTX PRO 6000 Blackwell Server Edition, 97, 60, 95827, 97887, 503.30, 600.00, 53, 2392, 12481, P0, 0
2026/08/17 12:58:06.856, 4, NVIDIA RTX PRO 6000 Blackwell Server Edition, 98, 57, 96825, 97887, 387.99, 600.00, 56, 2385, 12481, P0, 0
2026/08/17 12:58:06.860, 5, NVIDIA RTX PRO 6000 Blackwell Server Edition, 100, 32, 96741, 97887, 534.77, 600.00, 68, 2415, 12481, P0, 0
2026/08/17 12:58:06.861, 6, NVIDIA RTX PRO 6000 Blackwell Server Edition, 97, 63, 95811, 97887, 410.56, 600.00, 56, 2400, 12481, P0, 0
2026/08/17 12:58:06.863, 7, NVIDIA RTX PRO 6000 Blackwell Server Edition, 98, 65, 96045, 97887, 422.86, 600.00, 56, 2392, 12481, P0, 0
2026/08/17 12:58:11.866, 0, NVIDIA RTX PRO 6000 Blackwell Server Edition, 97, 57, 96743, 97887, 386.39, 600.00, 54, 2385, 12481, P0, 0
2026/08/17 12:58:11.866, 1, NVIDIA RTX PRO 6000 Blackwell Server Edition, 98, 57, 95737, 97887, 382.65, 600.00, 52, 2385, 12481, P0, 0
2026/08/17 12:58:11.867, 2, NVIDIA RTX PRO 6000 Blackwell Server Edition, 97, 63, 94399, 97887, 426.55, 600.00, 56, 2392, 12481, P0, 0
2026/08/17 12:58:11.868, 3, NVIDIA RTX PRO 6000 Blackwell Server Edition, 97, 57, 95827, 97887, 387.15, 600.00, 52, 2385, 12481, P0, 0
2026/08/17 12:58:11.868, 4, NVIDIA RTX PRO 6000 Blackwell Server Edition, 100, 33, 96825, 97887, 577.84, 600.00, 63, 2407, 12481, P0, 0
2026/08/17 12:58:11.868, 5, NVIDIA RTX PRO 6000 Blackwell Server Edition, 99, 40, 96741, 97887, 544.98, 600.00, 67, 2422, 12481, P0, 0
2026/08/17 12:58:11.869, 6, NVIDIA RTX PRO 6000 Blackwell Server Edition, 98, 63, 95811, 97887, 408.84, 600.00, 56, 2392, 12481, P0, 0
2026/08/17 12:58:11.869, 7, NVIDIA RTX PRO 6000 Blackwell Server Edition, 100, 35, 96045, 97887, 571.24, 600.00, 62, 2407, 12481, P0, 0
2026/08/17 12:58:16.870, 0, NVIDIA RTX PRO 6000 Blackwell Server Edition, 97, 57, 96743, 97887, 386.30, 600.00, 53, 2385, 12481, P0, 0
2026/08/17 12:58:16.871, 1, NVIDIA RTX PRO 6000 Blackwell Server Edition, 97, 57, 95737, 97887, 380.04, 600.00, 52, 2385, 12481, P0, 0
2026/08/17 12:58:16.871, 2, NVIDIA RTX PRO 6000 Blackwell Server Edition, 97, 58, 94399, 97887, 401.51, 600.00, 55, 2385, 12481, P0, 0
2026/08/17 12:58:16.871, 3, NVIDIA RTX PRO 6000 Blackwell Server Edition, 97, 57, 95827, 97887, 388.50, 600.00, 52, 2385, 12481, P0, 0
2026/08/17 12:58:16.872, 4, NVIDIA RTX PRO 6000 Blackwell Server Edition, 97, 62, 96825, 97887, 413.38, 600.00, 57, 2392, 12481, P0, 0
2026/08/17 12:58:16.872, 5, NVIDIA RTX PRO 6000 Blackwell Server Edition, 100, 1, 96741, 97887, 534.91, 600.00, 68, 2415, 12481, P0, 0
2026/08/17 12:58:16.873, 6, NVIDIA RTX PRO 6000 Blackwell Server Edition, 97, 63, 95811, 97887, 408.70, 600.00, 55, 2392, 12481, P0, 0
2026/08/17 12:58:16.874, 7, NVIDIA RTX PRO 6000 Blackwell Server Edition, 100, 29, 96045, 97887, 572.95, 600.00, 66, 2407, 12481, P0, 0
2026/08/17 12:58:21.874, 0, NVIDIA RTX PRO 6000 Blackwell Server Edition, 98, 58, 96743, 97887, 385.97, 600.00, 53, 2385, 12481, P0, 0
2026/08/17 12:58:21.875, 1, NVIDIA RTX PRO 6000 Blackwell Server Edition, 97, 57, 95737, 97887, 383.11, 600.00, 52, 2385, 12481, P0, 0
2026/08/17 12:58:21.875, 2, NVIDIA RTX PRO 6000 Blackwell Server Edition, 97, 58, 94399, 97887, 403.28, 600.00, 55, 2385, 12481, P0, 0
2026/08/17 12:58:21.876, 3, NVIDIA RTX PRO 6000 Blackwell Server Edition, 97, 57, 95827, 97887, 389.31, 600.00, 52, 2385, 12481, P0, 0
2026/08/17 12:58:21.877, 4, NVIDIA RTX PRO 6000 Blackwell Server Edition, 97, 62, 96825, 97887, 411.35, 600.00, 56, 2392, 12481, P0, 0
2026/08/17 12:58:21.877, 5, NVIDIA RTX PRO 6000 Blackwell Server Edition, 100, 37, 96741, 97887, 535.52, 600.00, 67, 2422, 12481, P0, 0
2026/08/17 12:58:21.877, 6, NVIDIA RTX PRO 6000 Blackwell Server Edition, 97, 63, 95811, 97887, 408.53, 600.00, 55, 2392, 12481, P0, 0
2026/08/17 12:58:21.878, 7, NVIDIA RTX PRO 6000 Blackwell Server Edition, 99, 25, 96045, 97887, 533.35, 600.00, 63, 2392, 12481, P0, 0
2026/08/17 12:58:26.879, 0, NVIDIA RTX PRO 6000 Blackwell Server Edition, 100, 27, 96743, 97887, 564.87, 600.00, 62, 2407, 12481, P0, 0
2026/08/17 12:58:26.879, 1, NVIDIA RTX PRO 6000 Blackwell Server Edition, 97, 57, 95737, 97887, 383.80, 600.00, 52, 2385, 12481, P0, 0
2026/08/17 12:58:26.880, 2, NVIDIA RTX PRO 6000 Blackwell Server Edition, 0, 0, 94399, 97887, 174.95, 600.00, 47, 2422, 12481, P0, 0
2026/08/17 12:58:26.880, 3, NVIDIA RTX PRO 6000 Blackwell Server Edition, 97, 57, 95827, 97887, 386.91, 600.00, 52, 2385, 12481, P0, 0
2026/08/17 12:58:26.880, 4, NVIDIA RTX PRO 6000 Blackwell Server Edition, 97, 58, 96825, 97887, 394.58, 600.00, 55, 2385, 12481, P0, 0
2026/08/17 12:58:26.881, 5, NVIDIA RTX PRO 6000 Blackwell Server Edition, 100, 14, 96741, 97887, 537.15, 600.00, 67, 2422, 12481, P0, 0
2026/08/17 12:58:26.881, 6, NVIDIA RTX PRO 6000 Blackwell Server Edition, 100, 39, 95811, 97887, 484.43, 600.00, 61, 2400, 12481, P0, 0
2026/08/17 12:58:26.882, 7, NVIDIA RTX PRO 6000 Blackwell Server Edition, 98, 66, 96045, 97887, 429.00, 600.00, 59, 2392, 12481, P0, 0
2026/08/17 12:58:31.883, 0, NVIDIA RTX PRO 6000 Blackwell Server Edition, 97, 63, 96743, 97887, 415.96, 600.00, 56, 2392, 12481, P0, 0
2026/08/17 12:58:31.884, 1, NVIDIA RTX PRO 6000 Blackwell Server Edition, 97, 57, 95737, 97887, 381.88, 600.00, 52, 2385, 12481, P0, 0
2026/08/17 12:58:31.884, 2, NVIDIA RTX PRO 6000 Blackwell Server Edition, 0, 0, 94399, 97887, 90.75, 600.00, 44, 2400, 12481, P0, 0
2026/08/17 12:58:31.884, 3, NVIDIA RTX PRO 6000 Blackwell Server Edition, 97, 56, 95827, 97887, 388.84, 600.00, 52, 2385, 12481, P0, 0
2026/08/17 12:58:31.885, 4, NVIDIA RTX PRO 6000 Blackwell Server Edition, 97, 58, 96825, 97887, 387.03, 600.00, 55, 2385, 12481, P0, 0
2026/08/17 12:58:31.885, 5, NVIDIA RTX PRO 6000 Blackwell Server Edition, 100, 25, 96741, 97887, 526.34, 600.00, 67, 2422, 12481, P0, 0
2026/08/17 12:58:31.886, 6, NVIDIA RTX PRO 6000 Blackwell Server Edition, 100, 33, 95811, 97887, 561.40, 600.00, 63, 2407, 12481, P0, 0
2026/08/17 12:58:31.886, 7, NVIDIA RTX PRO 6000 Blackwell Server Edition, 98, 66, 96045, 97887, 428.30, 600.00, 58, 2392, 12481, P0, 0
2026/08/17 12:58:36.887, 0, NVIDIA RTX PRO 6000 Blackwell Server Edition, 97, 63, 96743, 97887, 412.92, 600.00, 56, 2392, 12481, P0, 0
2026/08/17 12:58:36.888, 1, NVIDIA RTX PRO 6000 Blackwell Server Edition, 97, 57, 95737, 97887, 382.34, 600.00, 52, 2385, 12481, P0, 0
2026/08/17 12:58:36.888, 2, NVIDIA RTX PRO 6000 Blackwell Server Edition, 0, 0, 94399, 97887, 91.29, 600.00, 41, 2317, 12481, P0, 0
2026/08/17 12:58:36.889, 3, NVIDIA RTX PRO 6000 Blackwell Server Edition, 97, 56, 95827, 97887, 388.11, 600.00, 52, 2385, 12481, P0, 0
2026/08/17 12:58:36.889, 4, NVIDIA RTX PRO 6000 Blackwell Server Edition, 97, 58, 96825, 97887, 386.89, 600.00, 54, 2385, 12481, P0, 0
2026/08/17 12:58:36.890, 5, NVIDIA RTX PRO 6000 Blackwell Server Edition, 100, 8, 96741, 97887, 527.27, 600.00, 67, 2415, 12481, P0, 0
2026/08/17 12:58:36.890, 6, NVIDIA RTX PRO 6000 Blackwell Server Edition, 100, 23, 95811, 97887, 561.17, 600.00, 64, 2407, 12481, P0, 0
2026/08/17 12:58:36.893, 7, NVIDIA RTX PRO 6000 Blackwell Server Edition, 100, 30, 96045, 97887, 479.50, 600.00, 63, 2400, 12481, P0, 0
2026/08/17 12:58:41.894, 0, NVIDIA RTX PRO 6000 Blackwell Server Edition, 97, 63, 96743, 97887, 415.83, 600.00, 55, 2392, 12481, P0, 0
2026/08/17 12:58:41.894, 1, NVIDIA RTX PRO 6000 Blackwell Server Edition, 98, 57, 95737, 97887, 384.54, 600.00, 52, 2385, 12481, P0, 0
2026/08/17 12:58:41.895, 2, NVIDIA RTX PRO 6000 Blackwell Server Edition, 0, 0, 94399, 97887, 90.71, 600.00, 39, 2317, 12481, P0, 0
2026/08/17 12:58:41.895, 3, NVIDIA RTX PRO 6000 Blackwell Server Edition, 97, 56, 95827, 97887, 386.53, 600.00, 52, 2385, 12481, P0, 0
2026/08/17 12:58:41.896, 4, NVIDIA RTX PRO 6000 Blackwell Server Edition, 97, 58, 96825, 97887, 387.88, 600.00, 54, 2385, 12481, P0, 0
2026/08/17 12:58:41.896, 5, NVIDIA RTX PRO 6000 Blackwell Server Edition, 100, 6, 96741, 97887, 527.04, 600.00, 67, 2422, 12481, P0, 0
2026/08/17 12:58:41.897, 6, NVIDIA RTX PRO 6000 Blackwell Server Edition, 98, 48, 95811, 97887, 461.88, 600.00, 60, 2400, 12481, P0, 0
2026/08/17 12:58:41.897, 7, NVIDIA RTX PRO 6000 Blackwell Server Edition, 98, 66, 96045, 97887, 431.86, 600.00, 58, 2400, 12481, P0, 0
2026/08/17 12:58:46.898, 0, NVIDIA RTX PRO 6000 Blackwell Server Edition, 97, 61, 96743, 97887, 406.41, 600.00, 55, 2392, 12481, P0, 0
2026/08/17 12:58:46.899, 1, NVIDIA RTX PRO 6000 Blackwell Server Edition, 100, 33, 95737, 97887, 572.09, 600.00, 60, 2407, 12481, P0, 0
2026/08/17 12:58:46.900, 2, NVIDIA RTX PRO 6000 Blackwell Server Edition, 0, 0, 94399, 97887, 89.68, 600.00, 38, 2317, 12481, P0, 0
2026/08/17 12:58:46.900, 3, NVIDIA RTX PRO 6000 Blackwell Server Edition, 97, 56, 95827, 97887, 386.89, 600.00, 53, 2385, 12481, P0, 0
2026/08/17 12:58:46.901, 4, NVIDIA RTX PRO 6000 Blackwell Server Edition, 0, 0, 96825, 97887, 87.20, 600.00, 44, 2422, 12481, P0, 0
2026/08/17 12:58:46.901, 5, NVIDIA RTX PRO 6000 Blackwell Server Edition, 100, 1, 96741, 97887, 536.32, 600.00, 67, 2415, 12481, P0, 0
2026/08/17 12:58:46.902, 6, NVIDIA RTX PRO 6000 Blackwell Server Edition, 99, 48, 95811, 97887, 428.52, 600.00, 59, 2400, 12481, P0, 0
2026/08/17 12:58:46.902, 7, NVIDIA RTX PRO 6000 Blackwell Server Edition, 98, 66, 96045, 97887, 431.35, 600.00, 57, 2400, 12481, P0, 0
2026/08/17 12:58:51.903, 0, NVIDIA RTX PRO 6000 Blackwell Server Edition, 97, 57, 96743, 97887, 397.75, 600.00, 54, 2385, 12481, P0, 0
2026/08/17 12:58:51.906, 1, NVIDIA RTX PRO 6000 Blackwell Server Edition, 100, 26, 95737, 97887, 569.95, 600.00, 60, 2407, 12481, P0, 0
2026/08/17 12:58:51.908, 2, NVIDIA RTX PRO 6000 Blackwell Server Edition, 0, 0, 94399, 97887, 88.70, 600.00, 37, 2317, 12481, P0, 0
2026/08/17 12:58:51.909, 3, NVIDIA RTX PRO 6000 Blackwell Server Edition, 97, 57, 95827, 97887, 386.05, 600.00, 53, 2385, 12481, P0, 0
2026/08/17 12:58:51.911, 4, NVIDIA RTX PRO 6000 Blackwell Server Edition, 0, 0, 96825, 97887, 91.59, 600.00, 41, 2347, 12481, P0, 0
2026/08/17 12:58:51.912, 5, NVIDIA RTX PRO 6000 Blackwell Server Edition, 100, 1, 96741, 97887, 533.02, 600.00, 68, 2422, 12481, P0, 0
2026/08/17 12:58:51.915, 6, NVIDIA RTX PRO 6000 Blackwell Server Edition, 98, 50, 95811, 97887, 432.66, 600.00, 59, 2400, 12481, P0, 0
2026/08/17 12:58:51.917, 7, NVIDIA RTX PRO 6000 Blackwell Server Edition, 98, 63, 96045, 97887, 416.02, 600.00, 56, 2392, 12481, P0, 0
2026/08/17 12:58:56.919, 0, NVIDIA RTX PRO 6000 Blackwell Server Edition, 97, 57, 96743, 97887, 383.95, 600.00, 54, 2385, 12481, P0, 0
2026/08/17 12:58:56.919, 1, NVIDIA RTX PRO 6000 Blackwell Server Edition, 100, 33, 95737, 97887, 552.99, 600.00, 61, 2407, 12481, P0, 0
2026/08/17 12:58:56.920, 2, NVIDIA RTX PRO 6000 Blackwell Server Edition, 0, 0, 94399, 97887, 278.47, 600.00, 40, 2317, 12481, P0, 0
2026/08/17 12:58:56.920, 3, NVIDIA RTX PRO 6000 Blackwell Server Edition, 97, 60, 95827, 97887, 408.31, 600.00, 54, 2392, 12481, P0, 0
2026/08/17 12:58:56.921, 4, NVIDIA RTX PRO 6000 Blackwell Server Edition, 0, 0, 96825, 97887, 89.58, 600.00, 39, 2347, 12481, P0, 0
2026/08/17 12:58:56.921, 5, NVIDIA RTX PRO 6000 Blackwell Server Edition, 100, 23, 96741, 97887, 530.58, 600.00, 67, 2422, 12481, P0, 0
2026/08/17 12:58:56.921, 6, NVIDIA RTX PRO 6000 Blackwell Server Edition, 99, 49, 95811, 97887, 428.61, 600.00, 59, 2400, 12481, P0, 0
2026/08/17 12:58:56.922, 7, NVIDIA RTX PRO 6000 Blackwell Server Edition, 98, 63, 96045, 97887, 412.49, 600.00, 56, 2392, 12481, P0, 0
2026/08/17 12:59:01.923, 0, NVIDIA RTX PRO 6000 Blackwell Server Edition, 97, 57, 96743, 97887, 382.92, 600.00, 53, 2385, 12481, P0, 0
2026/08/17 12:59:01.923, 1, NVIDIA RTX PRO 6000 Blackwell Server Edition, 100, 38, 95737, 97887, 604.73, 600.00, 63, 2400, 12481, P0, 0
2026/08/17 12:59:01.924, 2, NVIDIA RTX PRO 6000 Blackwell Server Edition, 98, 32, 94399, 97887, 277.12, 600.00, 51, 2385, 12481, P0, 0
2026/08/17 12:59:01.924, 3, NVIDIA RTX PRO 6000 Blackwell Server Edition, 97, 60, 95827, 97887, 409.15, 600.00, 54, 2392, 12481, P0, 0
2026/08/17 12:59:01.925, 4, NVIDIA RTX PRO 6000 Blackwell Server Edition, 0, 0, 96825, 97887, 89.18, 600.00, 38, 2347, 12481, P0, 0
2026/08/17 12:59:01.925, 5, NVIDIA RTX PRO 6000 Blackwell Server Edition, 100, 1, 96741, 97887, 523.93, 600.00, 67, 2415, 12481, P0, 0
2026/08/17 12:59:01.925, 6, NVIDIA RTX PRO 6000 Blackwell Server Edition, 97, 64, 95811, 97887, 420.16, 600.00, 57, 2392, 12481, P0, 0
2026/08/17 12:59:01.926, 7, NVIDIA RTX PRO 6000 Blackwell Server Edition, 0, 0, 96045, 97887, 226.74, 600.00, 47, 2430, 12481, P0, 0
2026/08/17 12:59:06.928, 0, NVIDIA RTX PRO 6000 Blackwell Server Edition, 97, 57, 96743, 97887, 382.21, 600.00, 53, 2385, 12481, P0, 0
2026/08/17 12:59:06.928, 1, NVIDIA RTX PRO 6000 Blackwell Server Edition, 100, 30, 95737, 97887, 569.40, 600.00, 66, 2407, 12481, P0, 0
2026/08/17 12:59:06.929, 2, NVIDIA RTX PRO 6000 Blackwell Server Edition, 100, 32, 94399, 97887, 559.43, 600.00, 56, 2400, 12481, P0, 0
2026/08/17 12:59:06.929, 3, NVIDIA RTX PRO 6000 Blackwell Server Edition, 100, 29, 95827, 97887, 568.97, 600.00, 60, 2400, 12481, P0, 0
2026/08/17 12:59:06.930, 4, NVIDIA RTX PRO 6000 Blackwell Server Edition, 0, 0, 96825, 97887, 88.13, 600.00, 37, 2347, 12481, P0, 0
2026/08/17 12:59:06.930, 5, NVIDIA RTX PRO 6000 Blackwell Server Edition, 100, 21, 96741, 97887, 527.04, 600.00, 67, 2422, 12481, P0, 0
2026/08/17 12:59:06.930, 6, NVIDIA RTX PRO 6000 Blackwell Server Edition, 97, 61, 95811, 97887, 403.23, 600.00, 56, 2392, 12481, P0, 0
2026/08/17 12:59:06.932, 7, NVIDIA RTX PRO 6000 Blackwell Server Edition, 0, 0, 96045, 97887, 85.89, 600.00, 44, 2422, 12481, P0, 0
2026/08/17 12:59:11.933, 0, NVIDIA RTX PRO 6000 Blackwell Server Edition, 97, 57, 96743, 97887, 383.30, 600.00, 53, 2385, 12481, P0, 0
2026/08/17 12:59:11.933, 1, NVIDIA RTX PRO 6000 Blackwell Server Edition, 100, 11, 95737, 97887, 577.80, 600.00, 65, 2407, 12481, P0, 0
2026/08/17 12:59:11.934, 2, NVIDIA RTX PRO 6000 Blackwell Server Edition, 98, 59, 94399, 97887, 397.70, 600.00, 52, 2392, 12481, P0, 0
2026/08/17 12:59:11.934, 3, NVIDIA RTX PRO 6000 Blackwell Server Edition, 98, 62, 95827, 97887, 415.82, 600.00, 56, 2392, 12481, P0, 0
2026/08/17 12:59:11.935, 4, NVIDIA RTX PRO 6000 Blackwell Server Edition, 97, 57, 96825, 97887, 372.91, 600.00, 47, 2377, 12481, P0, 0
2026/08/17 12:59:11.936, 5, NVIDIA RTX PRO 6000 Blackwell Server Edition, 100, 1, 96741, 97887, 519.52, 600.00, 67, 2415, 12481, P0, 0
2026/08/17 12:59:11.936, 6, NVIDIA RTX PRO 6000 Blackwell Server Edition, 97, 60, 95811, 97887, 400.80, 600.00, 56, 2400, 12481, P0, 0
2026/08/17 12:59:11.936, 7, NVIDIA RTX PRO 6000 Blackwell Server Edition, 0, 0, 96045, 97887, 89.04, 600.00, 41, 2355, 12481, P0, 0
2026/08/17 12:59:16.937, 0, NVIDIA RTX PRO 6000 Blackwell Server Edition, 98, 49, 96743, 97887, 459.75, 600.00, 59, 2377, 12481, P0, 0
2026/08/17 12:59:16.937, 1, NVIDIA RTX PRO 6000 Blackwell Server Edition, 97, 63, 95737, 97887, 426.60, 600.00, 59, 2392, 12481, P0, 0
2026/08/17 12:59:16.938, 2, NVIDIA RTX PRO 6000 Blackwell Server Edition, 98, 59, 94399, 97887, 397.22, 600.00, 52, 2392, 12481, P0, 0
2026/08/17 12:59:16.939, 3, NVIDIA RTX PRO 6000 Blackwell Server Edition, 98, 62, 95827, 97887, 417.23, 600.00, 55, 2392, 12481, P0, 0
2026/08/17 12:59:16.939, 4, NVIDIA RTX PRO 6000 Blackwell Server Edition, 0, 0, 96825, 97887, 232.32, 600.00, 40, 2347, 12481, P0, 0
2026/08/17 12:59:16.940, 5, NVIDIA RTX PRO 6000 Blackwell Server Edition, 100, 1, 96741, 97887, 534.07, 600.00, 67, 2415, 12481, P0, 0
2026/08/17 12:59:16.940, 6, NVIDIA RTX PRO 6000 Blackwell Server Edition, 96, 61, 95811, 97887, 402.57, 600.00, 56, 2392, 12481, P0, 0
2026/08/17 12:59:16.941, 7, NVIDIA RTX PRO 6000 Blackwell Server Edition, 0, 0, 96045, 97887, 89.22, 600.00, 41, 2355, 12481, P0, 0
2026/08/17 12:59:21.941, 0, NVIDIA RTX PRO 6000 Blackwell Server Edition, 97, 57, 96743, 97887, 384.46, 600.00, 53, 2392, 12481, P0, 0
2026/08/17 12:59:21.942, 1, NVIDIA RTX PRO 6000 Blackwell Server Edition, 98, 63, 95739, 97887, 422.13, 600.00, 58, 2400, 12481, P0, 0
2026/08/17 12:59:21.942, 2, NVIDIA RTX PRO 6000 Blackwell Server Edition, 97, 58, 94399, 97887, 399.01, 600.00, 52, 2392, 12481, P0, 0
2026/08/17 12:59:21.943, 3, NVIDIA RTX PRO 6000 Blackwell Server Edition, 97, 62, 95827, 97887, 416.19, 600.00, 55, 2392, 12481, P0, 0
2026/08/17 12:59:21.947, 4, NVIDIA RTX PRO 6000 Blackwell Server Edition, 0, 0, 96825, 97887, 90.52, 600.00, 38, 2347, 12481, P0, 0
2026/08/17 12:59:21.947, 5, NVIDIA RTX PRO 6000 Blackwell Server Edition, 100, 1, 96741, 97887, 529.14, 600.00, 67, 2422, 12481, P0, 0
2026/08/17 12:59:21.947, 6, NVIDIA RTX PRO 6000 Blackwell Server Edition, 97, 61, 95811, 97887, 402.99, 600.00, 55, 2392, 12481, P0, 0
2026/08/17 12:59:21.948, 7, NVIDIA RTX PRO 6000 Blackwell Server Edition, 0, 0, 96045, 97887, 88.66, 600.00, 39, 2355, 12481, P0, 0
2026/08/17 12:59:26.948, 0, NVIDIA RTX PRO 6000 Blackwell Server Edition, 98, 57, 96743, 97887, 384.51, 600.00, 53, 2392, 12481, P0, 0
2026/08/17 12:59:26.949, 1, NVIDIA RTX PRO 6000 Blackwell Server Edition, 98, 63, 95739, 97887, 420.78, 600.00, 57, 2400, 12481, P0, 0
2026/08/17 12:59:26.950, 2, NVIDIA RTX PRO 6000 Blackwell Server Edition, 97, 59, 94399, 97887, 398.96, 600.00, 52, 2392, 12481, P0, 0
2026/08/17 12:59:26.950, 3, NVIDIA RTX PRO 6000 Blackwell Server Edition, 97, 62, 95827, 97887, 418.42, 600.00, 55, 2392, 12481, P0, 0
2026/08/17 12:59:26.950, 4, NVIDIA RTX PRO 6000 Blackwell Server Edition, 0, 0, 96825, 97887, 88.08, 600.00, 37, 2347, 12481, P0, 0
2026/08/17 12:59:26.951, 5, NVIDIA RTX PRO 6000 Blackwell Server Edition, 100, 12, 96741, 97887, 534.63, 600.00, 65, 2422, 12481, P0, 0
2026/08/17 12:59:26.951, 6, NVIDIA RTX PRO 6000 Blackwell Server Edition, 97, 61, 95811, 97887, 403.43, 600.00, 55, 2392, 12481, P0, 0
2026/08/17 12:59:26.952, 7, NVIDIA RTX PRO 6000 Blackwell Server Edition, 0, 0, 96045, 97887, 87.68, 600.00, 38, 2355, 12481, P0, 0
2026/08/17 12:59:31.952, 0, NVIDIA RTX PRO 6000 Blackwell Server Edition, 97, 57, 96743, 97887, 382.15, 600.00, 53, 2392, 12481, P0, 0
2026/08/17 12:59:31.953, 1, NVIDIA RTX PRO 6000 Blackwell Server Edition, 98, 63, 95739, 97887, 417.74, 600.00, 56, 2400, 12481, P0, 0
2026/08/17 12:59:31.953, 2, NVIDIA RTX PRO 6000 Blackwell Server Edition, 100, 37, 94399, 97887, 327.52, 600.00, 54, 2385, 12481, P0, 0
2026/08/17 12:59:31.954, 3, NVIDIA RTX PRO 6000 Blackwell Server Edition, 97, 57, 95827, 97887, 389.96, 600.00, 54, 2385, 12481, P0, 0
2026/08/17 12:59:31.954, 4, NVIDIA RTX PRO 6000 Blackwell Server Edition, 100, 22, 96825, 97887, 533.60, 600.00, 54, 2407, 12481, P0, 0
2026/08/17 12:59:31.954, 5, NVIDIA RTX PRO 6000 Blackwell Server Edition, 100, 1, 96741, 97887, 505.96, 600.00, 67, 2415, 12481, P0, 0
2026/08/17 12:59:31.955, 6, NVIDIA RTX PRO 6000 Blackwell Server Edition, 97, 61, 95811, 97887, 402.48, 600.00, 55, 2392, 12481, P0, 0
2026/08/17 12:59:31.955, 7, NVIDIA RTX PRO 6000 Blackwell Server Edition, 0, 0, 96045, 97887, 87.63, 600.00, 36, 2355, 12481, P0, 0
2026/08/17 12:59:36.956, 0, NVIDIA RTX PRO 6000 Blackwell Server Edition, 97, 57, 96743, 97887, 381.75, 600.00, 53, 2392, 12481, P0, 0
2026/08/17 12:59:36.957, 1, NVIDIA RTX PRO 6000 Blackwell Server Edition, 97, 60, 95739, 97887, 415.44, 600.00, 56, 2400, 12481, P0, 0
2026/08/17 12:59:36.957, 2, NVIDIA RTX PRO 6000 Blackwell Server Edition, 97, 56, 94399, 97887, 390.74, 600.00, 52, 2392, 12481, P0, 0
2026/08/17 12:59:36.958, 3, NVIDIA RTX PRO 6000 Blackwell Server Edition, 97, 61, 95827, 97887, 413.04, 600.00, 55, 2392, 12481, P0, 0
2026/08/17 12:59:36.958, 4, NVIDIA RTX PRO 6000 Blackwell Server Edition, 0, 0, 96825, 97887, 89.59, 600.00, 40, 2347, 12481, P0, 0
2026/08/17 12:59:36.958, 5, NVIDIA RTX PRO 6000 Blackwell Server Edition, 100, 31, 96741, 97887, 530.88, 600.00, 67, 2422, 12481, P0, 0
2026/08/17 12:59:36.959, 6, NVIDIA RTX PRO 6000 Blackwell Server Edition, 96, 61, 95811, 97887, 401.59, 600.00, 55, 2392, 12481, P0, 0
2026/08/17 12:59:36.960, 7, NVIDIA RTX PRO 6000 Blackwell Server Edition, 100, 31, 96045, 97887, 258.54, 600.00, 49, 2415, 12481, P0, 0
2026/08/17 12:59:41.961, 0, NVIDIA RTX PRO 6000 Blackwell Server Edition, 97, 57, 96743, 97887, 381.17, 600.00, 53, 2392, 12481, P0, 0
2026/08/17 12:59:41.961, 1, NVIDIA RTX PRO 6000 Blackwell Server Edition, 98, 61, 95739, 97887, 415.35, 600.00, 56, 2400, 12481, P0, 0
2026/08/17 12:59:41.962, 2, NVIDIA RTX PRO 6000 Blackwell Server Edition, 97, 56, 94399, 97887, 390.86, 600.00, 52, 2392, 12481, P0, 0
2026/08/17 12:59:41.962, 3, NVIDIA RTX PRO 6000 Blackwell Server Edition, 97, 57, 95827, 97887, 389.49, 600.00, 54, 2385, 12481, P0, 0
2026/08/17 12:59:41.963, 4, NVIDIA RTX PRO 6000 Blackwell Server Edition, 0, 0, 96825, 97887, 88.56, 600.00, 38, 2347, 12481, P0, 0
2026/08/17 12:59:41.963, 5, NVIDIA RTX PRO 6000 Blackwell Server Edition, 100, 1, 96741, 97887, 527.78, 600.00, 67, 2422, 12481, P0, 0
2026/08/17 12:59:41.963, 6, NVIDIA RTX PRO 6000 Blackwell Server Edition, 97, 60, 95811, 97887, 400.88, 600.00, 55, 2392, 12481, P0, 0
2026/08/17 12:59:41.964, 7, NVIDIA RTX PRO 6000 Blackwell Server Edition, 100, 20, 96045, 97887, 547.73, 600.00, 53, 2415, 12481, P0, 0
2026/08/17 12:59:46.965, 0, NVIDIA RTX PRO 6000 Blackwell Server Edition, 97, 57, 96743, 97887, 382.29, 600.00, 53, 2385, 12481, P0, 0
2026/08/17 12:59:46.965, 1, NVIDIA RTX PRO 6000 Blackwell Server Edition, 97, 61, 95739, 97887, 411.10, 600.00, 55, 2400, 12481, P0, 0
2026/08/17 12:59:46.967, 2, NVIDIA RTX PRO 6000 Blackwell Server Edition, 97, 56, 94399, 97887, 391.04, 600.00, 52, 2392, 12481, P0, 0
2026/08/17 12:59:46.968, 3, NVIDIA RTX PRO 6000 Blackwell Server Edition, 97, 56, 95827, 97887, 391.14, 600.00, 54, 2385, 12481, P0, 0
2026/08/17 12:59:46.968, 4, NVIDIA RTX PRO 6000 Blackwell Server Edition, 97, 57, 96825, 97887, 373.43, 600.00, 46, 2377, 12481, P0, 0
2026/08/17 12:59:46.969, 5, NVIDIA RTX PRO 6000 Blackwell Server Edition, 100, 1, 96741, 97887, 518.69, 600.00, 67, 2415, 12481, P0, 0
2026/08/17 12:59:46.969, 6, NVIDIA RTX PRO 6000 Blackwell Server Edition, 97, 61, 95811, 97887, 400.78, 600.00, 55, 2392, 12481, P0, 0
2026/08/17 12:59:46.970, 7, NVIDIA RTX PRO 6000 Blackwell Server Edition, 100, 16, 96045, 97887, 552.20, 600.00, 57, 2415, 12481, P0, 0
2026/08/17 12:59:51.970, 0, NVIDIA RTX PRO 6000 Blackwell Server Edition, 97, 57, 96743, 97887, 381.82, 600.00, 53, 2385, 12481, P0, 0
2026/08/17 12:59:51.971, 1, NVIDIA RTX PRO 6000 Blackwell Server Edition, 98, 62, 95739, 97887, 412.63, 600.00, 55, 2400, 12481, P0, 0
2026/08/17 12:59:51.972, 2, NVIDIA RTX PRO 6000 Blackwell Server Edition, 0, 0, 94399, 97887, 89.78, 600.00, 43, 2317, 12481, P0, 0
2026/08/17 12:59:51.972, 3, NVIDIA RTX PRO 6000 Blackwell Server Edition, 97, 57, 95827, 97887, 389.75, 600.00, 54, 2385, 12481, P0, 0
2026/08/17 12:59:51.972, 4, NVIDIA RTX PRO 6000 Blackwell Server Edition, 0, 0, 96825, 97887, 87.69, 600.00, 38, 2347, 12481, P0, 0
2026/08/17 12:59:51.973, 5, NVIDIA RTX PRO 6000 Blackwell Server Edition, 100, 1, 96741, 97887, 522.11, 600.00, 67, 2415, 12481, P0, 0
2026/08/17 12:59:51.973, 6, NVIDIA RTX PRO 6000 Blackwell Server Edition, 97, 61, 95811, 97887, 402.67, 600.00, 55, 2400, 12481, P0, 0
2026/08/17 12:59:51.973, 7, NVIDIA RTX PRO 6000 Blackwell Server Edition, 97, 59, 96045, 97887, 389.68, 600.00, 53, 2385, 12481, P0, 0
2026/08/17 12:59:56.974, 0, NVIDIA RTX PRO 6000 Blackwell Server Edition, 97, 57, 96743, 97887, 381.84, 600.00, 53, 2392, 12481, P0, 0
2026/08/17 12:59:56.975, 1, NVIDIA RTX PRO 6000 Blackwell Server Edition, 97, 61, 95739, 97887, 411.49, 600.00, 55, 2400, 12481, P0, 0
2026/08/17 12:59:56.975, 2, NVIDIA RTX PRO 6000 Blackwell Server Edition, 0, 0, 94399, 97887, 91.24, 600.00, 40, 2317, 12481, P0, 0
2026/08/17 12:59:56.976, 3, NVIDIA RTX PRO 6000 Blackwell Server Edition, 97, 57, 95827, 97887, 388.51, 600.00, 54, 2385, 12481, P0, 0
2026/08/17 12:59:56.976, 4, NVIDIA RTX PRO 6000 Blackwell Server Edition, 0, 0, 96825, 97887, 88.81, 600.00, 36, 2347, 12481, P0, 0
2026/08/17 12:59:56.976, 5, NVIDIA RTX PRO 6000 Blackwell Server Edition, 100, 1, 96741, 97887, 523.53, 600.00, 67, 2422, 12481, P0, 0
2026/08/17 12:59:56.977, 6, NVIDIA RTX PRO 6000 Blackwell Server Edition, 97, 61, 95811, 97887, 402.49, 600.00, 55, 2392, 12481, P0, 0
2026/08/17 12:59:56.977, 7, NVIDIA RTX PRO 6000 Blackwell Server Edition, 98, 59, 96045, 97887, 386.41, 600.00, 53, 2385, 12481, P0, 0
2026/08/17 13:00:01.978, 0, NVIDIA RTX PRO 6000 Blackwell Server Edition, 97, 57, 96743, 97887, 383.30, 600.00, 53, 2385, 12481, P0, 0
2026/08/17 13:00:01.979, 1, NVIDIA RTX PRO 6000 Blackwell Server Edition, 97, 57, 95739, 97887, 391.07, 600.00, 54, 2392, 12481, P0, 0
2026/08/17 13:00:01.979, 2, NVIDIA RTX PRO 6000 Blackwell Server Edition, 0, 0, 94399, 97887, 89.19, 600.00, 38, 2317, 12481, P0, 0
2026/08/17 13:00:01.979, 3, NVIDIA RTX PRO 6000 Blackwell Server Edition, 97, 57, 95827, 97887, 391.08, 600.00, 53, 2385, 12481, P0, 0
2026/08/17 13:00:01.980, 4, NVIDIA RTX PRO 6000 Blackwell Server Edition, 0, 0, 96825, 97887, 87.84, 600.00, 35, 2340, 12481, P0, 0
2026/08/17 13:00:01.980, 5, NVIDIA RTX PRO 6000 Blackwell Server Edition, 100, 37, 96741, 97887, 528.71, 600.00, 67, 2422, 12481, P0, 0
2026/08/17 13:00:01.980, 6, NVIDIA RTX PRO 6000 Blackwell Server Edition, 97, 61, 95811, 97887, 401.11, 600.00, 55, 2392, 12481, P0, 0
2026/08/17 13:00:01.981, 7, NVIDIA RTX PRO 6000 Blackwell Server Edition, 97, 59, 96045, 97887, 384.83, 600.00, 53, 2385, 12481, P0, 0
2026/08/17 13:00:06.982, 0, NVIDIA RTX PRO 6000 Blackwell Server Edition, 97, 57, 96743, 97887, 383.43, 600.00, 53, 2385, 12481, P0, 0
2026/08/17 13:00:06.983, 1, NVIDIA RTX PRO 6000 Blackwell Server Edition, 97, 57, 95739, 97887, 387.25, 600.00, 54, 2385, 12481, P0, 0
2026/08/17 13:00:06.983, 2, NVIDIA RTX PRO 6000 Blackwell Server Edition, 0, 0, 94399, 97887, 88.76, 600.00, 37, 2317, 12481, P0, 0
2026/08/17 13:00:06.983, 3, NVIDIA RTX PRO 6000 Blackwell Server Edition, 97, 57, 95827, 97887, 388.01, 600.00, 53, 2385, 12481, P0, 0
2026/08/17 13:00:06.984, 4, NVIDIA RTX PRO 6000 Blackwell Server Edition, 0, 0, 96825, 97887, 86.86, 600.00, 35, 2340, 12481, P0, 0
2026/08/17 13:00:06.984, 5, NVIDIA RTX PRO 6000 Blackwell Server Edition, 100, 1, 96741, 97887, 514.27, 600.00, 67, 2422, 12481, P0, 0
2026/08/17 13:00:06.985, 6, NVIDIA RTX PRO 6000 Blackwell Server Edition, 100, 31, 95811, 97887, 562.02, 600.00, 61, 2407, 12481, P0, 0
2026/08/17 13:00:06.985, 7, NVIDIA RTX PRO 6000 Blackwell Server Edition, 97, 64, 96045, 97887, 490.92, 600.00, 54, 2400, 12481, P0, 0
2026/08/17 13:00:11.986, 0, NVIDIA RTX PRO 6000 Blackwell Server Edition, 97, 61, 96743, 97887, 404.10, 600.00, 53, 2392, 12481, P0, 0
2026/08/17 13:00:11.987, 1, NVIDIA RTX PRO 6000 Blackwell Server Edition, 97, 57, 95739, 97887, 387.21, 600.00, 53, 2385, 12481, P0, 0
2026/08/17 13:00:11.987, 2, NVIDIA RTX PRO 6000 Blackwell Server Edition, 0, 0, 94399, 97887, 87.84, 600.00, 36, 2317, 12481, P0, 0
2026/08/17 13:00:11.987, 3, NVIDIA RTX PRO 6000 Blackwell Server Edition, 0, 0, 95827, 97887, 94.13, 600.00, 43, 2302, 12481, P0, 0
2026/08/17 13:00:11.988, 4, NVIDIA RTX PRO 6000 Blackwell Server Edition, 0, 0, 96825, 97887, 88.09, 600.00, 34, 2355, 12481, P0, 0
2026/08/17 13:00:11.988, 5, NVIDIA RTX PRO 6000 Blackwell Server Edition, 100, 33, 96741, 97887, 529.12, 600.00, 67, 2415, 12481, P0, 0
2026/08/17 13:00:11.988, 6, NVIDIA RTX PRO 6000 Blackwell Server Edition, 97, 62, 95811, 97887, 404.43, 600.00, 56, 2392, 12481, P0, 0
2026/08/17 13:00:11.989, 7, NVIDIA RTX PRO 6000 Blackwell Server Edition, 97, 64, 96045, 97887, 415.73, 600.00, 54, 2400, 12481, P0, 0
2026/08/17 13:00:16.990, 0, NVIDIA RTX PRO 6000 Blackwell Server Edition, 97, 61, 96743, 97887, 402.56, 600.00, 53, 2392, 12481, P0, 0
2026/08/17 13:00:16.990, 1, NVIDIA RTX PRO 6000 Blackwell Server Edition, 97, 57, 95739, 97887, 387.39, 600.00, 53, 2385, 12481, P0, 0
2026/08/17 13:00:16.991, 2, NVIDIA RTX PRO 6000 Blackwell Server Edition, 0, 0, 94399, 97887, 87.81, 600.00, 35, 2317, 12481, P0, 0
2026/08/17 13:00:16.991, 3, NVIDIA RTX PRO 6000 Blackwell Server Edition, 0, 0, 95827, 97887, 92.66, 600.00, 41, 2302, 12481, P0, 0
2026/08/17 13:00:16.991, 4, NVIDIA RTX PRO 6000 Blackwell Server Edition, 0, 0, 96825, 97887, 86.13, 600.00, 34, 2355, 12481, P0, 0
2026/08/17 13:00:16.992, 5, NVIDIA RTX PRO 6000 Blackwell Server Edition, 100, 1, 96741, 97887, 520.69, 600.00, 67, 2422, 12481, P0, 0
2026/08/17 13:00:16.992, 6, NVIDIA RTX PRO 6000 Blackwell Server Edition, 97, 61, 95811, 97887, 404.49, 600.00, 55, 2392, 12481, P0, 0
2026/08/17 13:00:16.993, 7, NVIDIA RTX PRO 6000 Blackwell Server Edition, 97, 64, 96045, 97887, 414.56, 600.00, 54, 2392, 12481, P0, 0
2026/08/17 13:00:21.993, 0, NVIDIA RTX PRO 6000 Blackwell Server Edition, 97, 61, 96743, 97887, 403.59, 600.00, 54, 2392, 12481, P0, 0
2026/08/17 13:00:21.994, 1, NVIDIA RTX PRO 6000 Blackwell Server Edition, 97, 57, 95739, 97887, 386.21, 600.00, 53, 2385, 12481, P0, 0
2026/08/17 13:00:21.995, 2, NVIDIA RTX PRO 6000 Blackwell Server Edition, 0, 0, 94399, 97887, 87.33, 600.00, 35, 2317, 12481, P0, 0
2026/08/17 13:00:21.995, 3, NVIDIA RTX PRO 6000 Blackwell Server Edition, 0, 0, 95827, 97887, 90.62, 600.00, 39, 2302, 12481, P0, 0
2026/08/17 13:00:21.995, 4, NVIDIA RTX PRO 6000 Blackwell Server Edition, 0, 0, 96825, 97887, 87.11, 600.00, 33, 2355, 12481, P0, 0
2026/08/17 13:00:21.995, 5, NVIDIA RTX PRO 6000 Blackwell Server Edition, 100, 1, 96741, 97887, 519.01, 600.00, 67, 2422, 12481, P0, 0
2026/08/17 13:00:21.996, 6, NVIDIA RTX PRO 6000 Blackwell Server Edition, 97, 61, 95811, 97887, 403.24, 600.00, 55, 2392, 12481, P0, 0
2026/08/17 13:00:21.996, 7, NVIDIA RTX PRO 6000 Blackwell Server Edition, 98, 64, 96045, 97887, 415.05, 600.00, 54, 2400, 12481, P0, 0
2026/08/17 13:00:26.997, 0, NVIDIA RTX PRO 6000 Blackwell Server Edition, 97, 61, 96743, 97887, 404.41, 600.00, 54, 2392, 12481, P0, 0
2026/08/17 13:00:26.998, 1, NVIDIA RTX PRO 6000 Blackwell Server Edition, 97, 61, 95739, 97887, 408.57, 600.00, 54, 2400, 12481, P0, 0
2026/08/17 13:00:26.999, 2, NVIDIA RTX PRO 6000 Blackwell Server Edition, 0, 0, 94399, 97887, 87.30, 600.00, 34, 2317, 12481, P0, 0
2026/08/17 13:00:26.999, 3, NVIDIA RTX PRO 6000 Blackwell Server Edition, 0, 0, 95827, 97887, 89.64, 600.00, 38, 2302, 12481, P0, 0
2026/08/17 13:00:26.999, 4, NVIDIA RTX PRO 6000 Blackwell Server Edition, 0, 0, 96825, 97887, 86.16, 600.00, 33, 2347, 12481, P0, 0
2026/08/17 13:00:26.999, 5, NVIDIA RTX PRO 6000 Blackwell Server Edition, 100, 1, 96741, 97887, 513.03, 600.00, 67, 2422, 12481, P0, 0
2026/08/17 13:00:27.000, 6, NVIDIA RTX PRO 6000 Blackwell Server Edition, 98, 62, 95811, 97887, 406.35, 600.00, 55, 2392, 12481, P0, 0
2026/08/17 13:00:27.001, 7, NVIDIA RTX PRO 6000 Blackwell Server Edition, 98, 64, 96045, 97887, 413.99, 600.00, 54, 2392, 12481, P0, 0
2026/08/17 13:00:32.002, 0, NVIDIA RTX PRO 6000 Blackwell Server Edition, 97, 61, 96743, 97887, 404.25, 600.00, 54, 2392, 12481, P0, 0
2026/08/17 13:00:32.003, 1, NVIDIA RTX PRO 6000 Blackwell Server Edition, 97, 57, 95739, 97887, 388.81, 600.00, 53, 2392, 12481, P0, 0
2026/08/17 13:00:32.003, 2, NVIDIA RTX PRO 6000 Blackwell Server Edition, 98, 55, 94399, 97887, 420.08, 600.00, 45, 2325, 12481, P0, 0
2026/08/17 13:00:32.004, 3, NVIDIA RTX PRO 6000 Blackwell Server Edition, 0, 0, 95827, 97887, 89.56, 600.00, 36, 2302, 12481, P0, 0
2026/08/17 13:00:32.004, 4, NVIDIA RTX PRO 6000 Blackwell Server Edition, 0, 0, 96825, 97887, 86.13, 600.00, 33, 2355, 12481, P0, 0
2026/08/17 13:00:32.004, 5, NVIDIA RTX PRO 6000 Blackwell Server Edition, 100, 14, 96741, 97887, 528.81, 600.00, 67, 2415, 12481, P0, 0
2026/08/17 13:00:32.004, 6, NVIDIA RTX PRO 6000 Blackwell Server Edition, 97, 62, 95811, 97887, 406.32, 600.00, 55, 2392, 12481, P0, 0
2026/08/17 13:00:32.005, 7, NVIDIA RTX PRO 6000 Blackwell Server Edition, 97, 59, 96045, 97887, 392.17, 600.00, 54, 2392, 12481, P0, 0
2026/08/17 13:00:37.006, 0, NVIDIA RTX PRO 6000 Blackwell Server Edition, 97, 61, 96743, 97887, 403.32, 600.00, 54, 2392, 12481, P0, 0
2026/08/17 13:00:37.006, 1, NVIDIA RTX PRO 6000 Blackwell Server Edition, 97, 57, 95739, 97887, 388.07, 600.00, 53, 2392, 12481, P0, 0
2026/08/17 13:00:37.007, 2, NVIDIA RTX PRO 6000 Blackwell Server Edition, 0, 0, 94399, 97887, 88.37, 600.00, 37, 2317, 12481, P0, 0
2026/08/17 13:00:37.008, 3, NVIDIA RTX PRO 6000 Blackwell Server Edition, 0, 0, 95827, 97887, 88.42, 600.00, 36, 2302, 12481, P0, 0
2026/08/17 13:00:37.008, 4, NVIDIA RTX PRO 6000 Blackwell Server Edition, 0, 0, 96825, 97887, 85.64, 600.00, 33, 2355, 12481, P0, 0
2026/08/17 13:00:37.008, 5, NVIDIA RTX PRO 6000 Blackwell Server Edition, 100, 14, 96741, 97887, 518.72, 600.00, 67, 2415, 12481, P0, 0
2026/08/17 13:00:37.009, 6, NVIDIA RTX PRO 6000 Blackwell Server Edition, 96, 62, 95811, 97887, 402.36, 600.00, 55, 2392, 12481, P0, 0
2026/08/17 13:00:37.009, 7, NVIDIA RTX PRO 6000 Blackwell Server Edition, 98, 60, 96045, 97887, 391.00, 600.00, 54, 2385, 12481, P0, 0
2026/08/17 13:00:42.010, 0, NVIDIA RTX PRO 6000 Blackwell Server Edition, 97, 61, 96743, 97887, 403.85, 600.00, 54, 2392, 12481, P0, 0
2026/08/17 13:00:42.011, 1, NVIDIA RTX PRO 6000 Blackwell Server Edition, 97, 57, 95739, 97887, 390.07, 600.00, 53, 2392, 12481, P0, 0
2026/08/17 13:00:42.011, 2, NVIDIA RTX PRO 6000 Blackwell Server Edition, 0, 0, 94399, 97887, 87.78, 600.00, 35, 2317, 12481, P0, 0
2026/08/17 13:00:42.012, 3, NVIDIA RTX PRO 6000 Blackwell Server Edition, 97, 56, 95827, 97887, 383.66, 600.00, 45, 2385, 12481, P0, 0
2026/08/17 13:00:42.012, 4, NVIDIA RTX PRO 6000 Blackwell Server Edition, 100, 34, 96825, 97887, 557.62, 600.00, 48, 2407, 12481, P0, 0
2026/08/17 13:00:42.012, 5, NVIDIA RTX PRO 6000 Blackwell Server Edition, 100, 1, 96741, 97887, 523.15, 600.00, 67, 2422, 12481, P0, 0
2026/08/17 13:00:42.013, 6, NVIDIA RTX PRO 6000 Blackwell Server Edition, 96, 61, 95811, 97887, 400.33, 600.00, 55, 2392, 12481, P0, 0
2026/08/17 13:00:42.013, 7, NVIDIA RTX PRO 6000 Blackwell Server Edition, 98, 60, 96045, 97887, 388.60, 600.00, 54, 2385, 12481, P0, 0
2026/08/17 13:00:47.014, 0, NVIDIA RTX PRO 6000 Blackwell Server Edition, 98, 61, 96743, 97887, 406.89, 600.00, 54, 2392, 12481, P0, 0
2026/08/17 13:00:47.015, 1, NVIDIA RTX PRO 6000 Blackwell Server Edition, 100, 38, 95739, 97887, 451.71, 600.00, 60, 2415, 12481, P0, 0
2026/08/17 13:00:47.016, 2, NVIDIA RTX PRO 6000 Blackwell Server Edition, 0, 0, 94399, 97887, 87.73, 600.00, 35, 2317, 12481, P0, 0
2026/08/17 13:00:47.016, 3, NVIDIA RTX PRO 6000 Blackwell Server Edition, 0, 0, 95827, 97887, 90.07, 600.00, 38, 2302, 12481, P0, 0
2026/08/17 13:00:47.017, 4, NVIDIA RTX PRO 6000 Blackwell Server Edition, 0, 0, 96825, 97887, 261.98, 600.00, 37, 2362, 12481, P0, 0
2026/08/17 13:00:47.017, 5, NVIDIA RTX PRO 6000 Blackwell Server Edition, 100, 1, 96741, 97887, 524.16, 600.00, 67, 2422, 12481, P0, 0
2026/08/17 13:00:47.017, 6, NVIDIA RTX PRO 6000 Blackwell Server Edition, 97, 61, 95811, 97887, 399.35, 600.00, 55, 2392, 12481, P0, 0
2026/08/17 13:00:47.018, 7, NVIDIA RTX PRO 6000 Blackwell Server Edition, 0, 0, 96045, 97887, 178.35, 600.00, 45, 2430, 12481, P0, 0
2026/08/17 13:00:52.018, 0, NVIDIA RTX PRO 6000 Blackwell Server Edition, 97, 61, 96743, 97887, 409.22, 600.00, 54, 2400, 12481, P0, 0
2026/08/17 13:00:52.019, 1, NVIDIA RTX PRO 6000 Blackwell Server Edition, 100, 38, 95739, 97887, 559.41, 600.00, 60, 2415, 12481, P0, 0
2026/08/17 13:00:52.020, 2, NVIDIA RTX PRO 6000 Blackwell Server Edition, 0, 0, 94399, 97887, 87.54, 600.00, 34, 2317, 12481, P0, 0
2026/08/17 13:00:52.020, 3, NVIDIA RTX PRO 6000 Blackwell Server Edition, 0, 0, 95827, 97887, 89.10, 600.00, 37, 2302, 12481, P0, 0
2026/08/17 13:00:52.020, 4, NVIDIA RTX PRO 6000 Blackwell Server Edition, 0, 0, 96825, 97887, 87.16, 600.00, 35, 2347, 12481, P0, 0
2026/08/17 13:00:52.020, 5, NVIDIA RTX PRO 6000 Blackwell Server Edition, 100, 11, 96741, 97887, 527.34, 600.00, 67, 2422, 12481, P0, 0
2026/08/17 13:00:52.021, 6, NVIDIA RTX PRO 6000 Blackwell Server Edition, 97, 61, 95811, 97887, 402.62, 600.00, 55, 2392, 12481, P0, 0
2026/08/17 13:00:52.021, 7, NVIDIA RTX PRO 6000 Blackwell Server Edition, 0, 0, 96045, 97887, 90.17, 600.00, 42, 2355, 12481, P0, 0
2026/08/17 13:00:57.022, 0, NVIDIA RTX PRO 6000 Blackwell Server Edition, 98, 61, 96743, 97887, 404.35, 600.00, 54, 2392, 12481, P0, 0
2026/08/17 13:00:57.022, 1, NVIDIA RTX PRO 6000 Blackwell Server Edition, 100, 21, 95739, 97887, 556.16, 600.00, 63, 2407, 12481, P0, 0
2026/08/17 13:00:57.023, 2, NVIDIA RTX PRO 6000 Blackwell Server Edition, 0, 0, 94399, 97887, 86.86, 600.00, 34, 2325, 12481, P0, 0
2026/08/17 13:00:57.023, 3, NVIDIA RTX PRO 6000 Blackwell Server Edition, 0, 0, 95827, 97887, 88.67, 600.00, 36, 2302, 12481, P0, 0
2026/08/17 13:00:57.023, 4, NVIDIA RTX PRO 6000 Blackwell Server Edition, 0, 0, 96825, 97887, 86.62, 600.00, 34, 2347, 12481, P0, 0
2026/08/17 13:00:57.023, 5, NVIDIA RTX PRO 6000 Blackwell Server Edition, 100, 1, 96741, 97887, 519.30, 600.00, 67, 2422, 12481, P0, 0
2026/08/17 13:00:57.024, 6, NVIDIA RTX PRO 6000 Blackwell Server Edition, 96, 60, 95811, 97887, 395.62, 600.00, 55, 2392, 12481, P0, 0
2026/08/17 13:00:57.024, 7, NVIDIA RTX PRO 6000 Blackwell Server Edition, 99, 33, 96045, 97887, 563.70, 600.00, 58, 2407, 12481, P0, 0
2026/08/17 13:01:02.025, 0, NVIDIA RTX PRO 6000 Blackwell Server Edition, 98, 61, 96743, 97887, 489.49, 600.00, 54, 2392, 12481, P0, 0
2026/08/17 13:01:02.026, 1, NVIDIA RTX PRO 6000 Blackwell Server Edition, 98, 64, 95739, 97887, 424.07, 600.00, 56, 2400, 12481, P0, 0
2026/08/17 13:01:02.026, 2, NVIDIA RTX PRO 6000 Blackwell Server Edition, 0, 0, 94399, 97887, 86.86, 600.00, 33, 2325, 12481, P0, 0
2026/08/17 13:01:02.027, 3, NVIDIA RTX PRO 6000 Blackwell Server Edition, 0, 0, 95827, 97887, 87.69, 600.00, 35, 2302, 12481, P0, 0
2026/08/17 13:01:02.027, 4, NVIDIA RTX PRO 6000 Blackwell Server Edition, 0, 0, 96825, 97887, 87.16, 600.00, 34, 2355, 12481, P0, 0
2026/08/17 13:01:02.027, 5, NVIDIA RTX PRO 6000 Blackwell Server Edition, 100, 28, 96741, 97887, 514.46, 600.00, 67, 2415, 12481, P0, 0
2026/08/17 13:01:02.027, 6, NVIDIA RTX PRO 6000 Blackwell Server Edition, 96, 56, 95811, 97887, 380.05, 600.00, 54, 2385, 12481, P0, 0
2026/08/17 13:01:02.028, 7, NVIDIA RTX PRO 6000 Blackwell Server Edition, 97, 57, 96045, 97887, 379.39, 600.00, 52, 2385, 12481, P0, 0
2026/08/17 13:01:07.029, 0, NVIDIA RTX PRO 6000 Blackwell Server Edition, 97, 61, 96743, 97887, 408.56, 600.00, 54, 2400, 12481, P0, 0
2026/08/17 13:01:07.030, 1, NVIDIA RTX PRO 6000 Blackwell Server Edition, 98, 64, 95739, 97887, 421.91, 600.00, 56, 2400, 12481, P0, 0
2026/08/17 13:01:07.030, 2, NVIDIA RTX PRO 6000 Blackwell Server Edition, 0, 0, 94399, 97887, 86.81, 600.00, 33, 2325, 12481, P0, 0
2026/08/17 13:01:07.030, 3, NVIDIA RTX PRO 6000 Blackwell Server Edition, 0, 0, 95827, 97887, 87.59, 600.00, 34, 2302, 12481, P0, 0
2026/08/17 13:01:07.031, 4, NVIDIA RTX PRO 6000 Blackwell Server Edition, 0, 0, 96825, 97887, 86.68, 600.00, 33, 2355, 12481, P0, 0
2026/08/17 13:01:07.031, 5, NVIDIA RTX PRO 6000 Blackwell Server Edition, 100, 1, 96741, 97887, 522.28, 600.00, 67, 2422, 12481, P0, 0
2026/08/17 13:01:07.031, 6, NVIDIA RTX PRO 6000 Blackwell Server Edition, 96, 56, 95811, 97887, 378.30, 600.00, 54, 2385, 12481, P0, 0
2026/08/17 13:01:07.032, 7, NVIDIA RTX PRO 6000 Blackwell Server Edition, 97, 57, 96045, 97887, 376.98, 600.00, 52, 2385, 12481, P0, 0
2026/08/17 13:01:12.033, 0, NVIDIA RTX PRO 6000 Blackwell Server Edition, 97, 61, 96743, 97887, 404.23, 600.00, 54, 2400, 12481, P0, 0
2026/08/17 13:01:12.033, 1, NVIDIA RTX PRO 6000 Blackwell Server Edition, 98, 64, 95739, 97887, 426.32, 600.00, 55, 2400, 12481, P0, 0
2026/08/17 13:01:12.034, 2, NVIDIA RTX PRO 6000 Blackwell Server Edition, 0, 0, 94399, 97887, 86.59, 600.00, 33, 2325, 12481, P0, 0
2026/08/17 13:01:12.035, 3, NVIDIA RTX PRO 6000 Blackwell Server Edition, 0, 0, 95827, 97887, 87.37, 600.00, 34, 2310, 12481, P0, 0
2026/08/17 13:01:12.035, 4, NVIDIA RTX PRO 6000 Blackwell Server Edition, 0, 0, 96825, 97887, 86.62, 600.00, 33, 2355, 12481, P0, 0
2026/08/17 13:01:12.035, 5, NVIDIA RTX PRO 6000 Blackwell Server Edition, 100, 1, 96741, 97887, 516.15, 600.00, 67, 2422, 12481, P0, 0
2026/08/17 13:01:12.035, 6, NVIDIA RTX PRO 6000 Blackwell Server Edition, 96, 56, 95811, 97887, 377.98, 600.00, 54, 2385, 12481, P0, 0
2026/08/17 13:01:12.036, 7, NVIDIA RTX PRO 6000 Blackwell Server Edition, 98, 56, 96045, 97887, 376.63, 600.00, 52, 2385, 12481, P0, 0
2026/08/17 13:01:17.037, 0, NVIDIA RTX PRO 6000 Blackwell Server Edition, 98, 61, 96743, 97887, 403.28, 600.00, 54, 2392, 12481, P0, 0
2026/08/17 13:01:17.038, 1, NVIDIA RTX PRO 6000 Blackwell Server Edition, 98, 64, 95739, 97887, 425.47, 600.00, 55, 2400, 12481, P0, 0
2026/08/17 13:01:17.038, 2, NVIDIA RTX PRO 6000 Blackwell Server Edition, 0, 0, 94399, 97887, 86.50, 600.00, 33, 2325, 12481, P0, 0
2026/08/17 13:01:17.039, 3, NVIDIA RTX PRO 6000 Blackwell Server Edition, 0, 0, 95827, 97887, 87.15, 600.00, 33, 2310, 12481, P0, 0
2026/08/17 13:01:17.039, 4, NVIDIA RTX PRO 6000 Blackwell Server Edition, 0, 0, 96825, 97887, 86.18, 600.00, 33, 2355, 12481, P0, 0
2026/08/17 13:01:17.039, 5, NVIDIA RTX PRO 6000 Blackwell Server Edition, 98, 37, 96741, 97887, 526.32, 600.00, 66, 2415, 12481, P0, 0
2026/08/17 13:01:17.040, 6, NVIDIA RTX PRO 6000 Blackwell Server Edition, 97, 56, 95811, 97887, 378.23, 600.00, 53, 2385, 12481, P0, 0
2026/08/17 13:01:17.040, 7, NVIDIA RTX PRO 6000 Blackwell Server Edition, 97, 57, 96045, 97887, 378.02, 600.00, 53, 2385, 12481, P0, 0
2026/08/17 13:01:22.041, 0, NVIDIA RTX PRO 6000 Blackwell Server Edition, 97, 61, 96743, 97887, 406.89, 600.00, 54, 2392, 12481, P0, 0
2026/08/17 13:01:22.042, 1, NVIDIA RTX PRO 6000 Blackwell Server Edition, 98, 65, 95739, 97887, 427.55, 600.00, 55, 2400, 12481, P0, 0
2026/08/17 13:01:22.043, 2, NVIDIA RTX PRO 6000 Blackwell Server Edition, 0, 0, 94399, 97887, 86.76, 600.00, 33, 2325, 12481, P0, 0
2026/08/17 13:01:22.043, 3, NVIDIA RTX PRO 6000 Blackwell Server Edition, 0, 0, 95827, 97887, 87.10, 600.00, 33, 2310, 12481, P0, 0
2026/08/17 13:01:22.043, 4, NVIDIA RTX PRO 6000 Blackwell Server Edition, 0, 0, 96825, 97887, 86.87, 600.00, 33, 2355, 12481, P0, 0
2026/08/17 13:01:22.044, 5, NVIDIA RTX PRO 6000 Blackwell Server Edition, 100, 37, 96741, 97887, 525.30, 600.00, 66, 2415, 12481, P0, 0
2026/08/17 13:01:22.044, 6, NVIDIA RTX PRO 6000 Blackwell Server Edition, 96, 56, 95811, 97887, 377.63, 600.00, 53, 2385, 12481, P0, 0
2026/08/17 13:01:22.044, 7, NVIDIA RTX PRO 6000 Blackwell Server Edition, 97, 57, 96045, 97887, 375.17, 600.00, 52, 2385, 12481, P0, 0
2026/08/17 13:01:27.045, 0, NVIDIA RTX PRO 6000 Blackwell Server Edition, 97, 61, 96743, 97887, 404.00, 600.00, 54, 2392, 12481, P0, 0
2026/08/17 13:01:27.046, 1, NVIDIA RTX PRO 6000 Blackwell Server Edition, 98, 64, 95739, 97887, 421.92, 600.00, 55, 2400, 12481, P0, 0
2026/08/17 13:01:27.047, 2, NVIDIA RTX PRO 6000 Blackwell Server Edition, 98, 55, 94399, 97887, 451.61, 600.00, 44, 2272, 12481, P0, 0
2026/08/17 13:01:27.047, 3, NVIDIA RTX PRO 6000 Blackwell Server Edition, 0, 0, 95827, 97887, 86.56, 600.00, 33, 2310, 12481, P0, 0
2026/08/17 13:01:27.048, 4, NVIDIA RTX PRO 6000 Blackwell Server Edition, 0, 0, 96825, 97887, 86.13, 600.00, 32, 2347, 12481, P0, 0
2026/08/17 13:01:27.048, 5, NVIDIA RTX PRO 6000 Blackwell Server Edition, 100, 19, 96741, 97887, 524.39, 600.00, 67, 2415, 12481, P0, 0
2026/08/17 13:01:27.048, 6, NVIDIA RTX PRO 6000 Blackwell Server Edition, 96, 56, 95811, 97887, 378.25, 600.00, 53, 2385, 12481, P0, 0
2026/08/17 13:01:27.049, 7, NVIDIA RTX PRO 6000 Blackwell Server Edition, 97, 57, 96045, 97887, 378.25, 600.00, 53, 2385, 12481, P0, 0
2026/08/17 13:01:32.050, 0, NVIDIA RTX PRO 6000 Blackwell Server Edition, 97, 61, 96743, 97887, 405.45, 600.00, 54, 2392, 12481, P0, 0
2026/08/17 13:01:32.050, 1, NVIDIA RTX PRO 6000 Blackwell Server Edition, 100, 30, 95739, 97887, 564.93, 600.00, 61, 2415, 12481, P0, 0
2026/08/17 13:01:32.051, 2, NVIDIA RTX PRO 6000 Blackwell Server Edition, 0, 0, 94399, 97887, 87.68, 600.00, 34, 2317, 12481, P0, 0
2026/08/17 13:01:32.051, 3, NVIDIA RTX PRO 6000 Blackwell Server Edition, 98, 32, 95827, 97887, 361.35, 600.00, 48, 2385, 12481, P0, 0
2026/08/17 13:01:32.052, 4, NVIDIA RTX PRO 6000 Blackwell Server Edition, 100, 38, 96825, 97887, 159.50, 600.00, 46, 2332, 12481, P0, 0
2026/08/17 13:01:32.052, 5, NVIDIA RTX PRO 6000 Blackwell Server Edition, 100, 1, 96741, 97887, 524.02, 600.00, 67, 2415, 12481, P0, 0
2026/08/17 13:01:32.053, 6, NVIDIA RTX PRO 6000 Blackwell Server Edition, 96, 56, 95811, 97887, 376.99, 600.00, 53, 2385, 12481, P0, 0
2026/08/17 13:01:32.053, 7, NVIDIA RTX PRO 6000 Blackwell Server Edition, 97, 57, 96045, 97887, 378.33, 600.00, 53, 2385, 12481, P0, 0
2026/08/17 13:01:37.054, 0, NVIDIA RTX PRO 6000 Blackwell Server Edition, 97, 61, 96743, 97887, 405.66, 600.00, 54, 2392, 12481, P0, 0
2026/08/17 13:01:37.055, 1, NVIDIA RTX PRO 6000 Blackwell Server Edition, 98, 62, 95739, 97887, 417.65, 600.00, 55, 2392, 12481, P0, 0
2026/08/17 13:01:37.056, 2, NVIDIA RTX PRO 6000 Blackwell Server Edition, 0, 0, 94399, 97887, 87.19, 600.00, 34, 2325, 12481, P0, 0
2026/08/17 13:01:37.056, 3, NVIDIA RTX PRO 6000 Blackwell Server Edition, 100, 33, 95827, 97887, 551.19, 600.00, 54, 2407, 12481, P0, 0
2026/08/17 13:01:37.056, 4, NVIDIA RTX PRO 6000 Blackwell Server Edition, 0, 0, 96825, 97887, 87.05, 600.00, 34, 2347, 12481, P0, 0
2026/08/17 13:01:37.057, 5, NVIDIA RTX PRO 6000 Blackwell Server Edition, 100, 13, 96741, 97887, 522.33, 600.00, 66, 2415, 12481, P0, 0
2026/08/17 13:01:37.057, 6, NVIDIA RTX PRO 6000 Blackwell Server Edition, 96, 57, 95811, 97887, 381.11, 600.00, 53, 2385, 12481, P0, 0
2026/08/17 13:01:37.057, 7, NVIDIA RTX PRO 6000 Blackwell Server Edition, 98, 57, 96045, 97887, 377.69, 600.00, 52, 2385, 12481, P0, 0
2026/08/17 13:01:42.059, 0, NVIDIA RTX PRO 6000 Blackwell Server Edition, 97, 61, 96743, 97887, 402.78, 600.00, 54, 2392, 12481, P0, 0
2026/08/17 13:01:42.060, 1, NVIDIA RTX PRO 6000 Blackwell Server Edition, 98, 58, 95739, 97887, 395.14, 600.00, 54, 2392, 12481, P0, 0
2026/08/17 13:01:42.061, 2, NVIDIA RTX PRO 6000 Blackwell Server Edition, 0, 0, 94399, 97887, 87.19, 600.00, 33, 2325, 12481, P0, 0
2026/08/17 13:01:42.061, 3, NVIDIA RTX PRO 6000 Blackwell Server Edition, 100, 31, 95827, 97887, 561.31, 600.00, 54, 2407, 12481, P0, 0
2026/08/17 13:01:42.061, 4, NVIDIA RTX PRO 6000 Blackwell Server Edition, 0, 0, 96825, 97887, 86.13, 600.00, 33, 2355, 12481, P0, 0
2026/08/17 13:01:42.062, 5, NVIDIA RTX PRO 6000 Blackwell Server Edition, 100, 11, 96741, 97887, 525.42, 600.00, 67, 2422, 12481, P0, 0
2026/08/17 13:01:42.062, 6, NVIDIA RTX PRO 6000 Blackwell Server Edition, 96, 56, 95811, 97887, 376.18, 600.00, 53, 2385, 12481, P0, 0
2026/08/17 13:01:42.062, 7, NVIDIA RTX PRO 6000 Blackwell Server Edition, 97, 57, 96045, 97887, 377.93, 600.00, 52, 2385, 12481, P0, 0
2026/08/17 13:01:47.064, 0, NVIDIA RTX PRO 6000 Blackwell Server Edition, 98, 61, 96743, 97887, 406.13, 600.00, 54, 2392, 12481, P0, 0
2026/08/17 13:01:47.064, 1, NVIDIA RTX PRO 6000 Blackwell Server Edition, 97, 57, 95739, 97887, 390.31, 600.00, 54, 2392, 12481, P0, 0
2026/08/17 13:01:47.065, 2, NVIDIA RTX PRO 6000 Blackwell Server Edition, 0, 0, 94399, 97887, 87.15, 600.00, 33, 2325, 12481, P0, 0
2026/08/17 13:01:47.066, 3, NVIDIA RTX PRO 6000 Blackwell Server Edition, 100, 28, 95827, 97887, 550.99, 600.00, 59, 2407, 12481, P0, 0
2026/08/17 13:01:47.066, 4, NVIDIA RTX PRO 6000 Blackwell Server Edition, 0, 0, 96825, 97887, 85.89, 600.00, 33, 2355, 12481, P0, 0
2026/08/17 13:01:47.066, 5, NVIDIA RTX PRO 6000 Blackwell Server Edition, 100, 1, 96741, 97887, 521.11, 600.00, 67, 2422, 12481, P0, 0
2026/08/17 13:01:47.067, 6, NVIDIA RTX PRO 6000 Blackwell Server Edition, 96, 57, 95811, 97887, 377.50, 600.00, 53, 2385, 12481, P0, 0
2026/08/17 13:01:47.067, 7, NVIDIA RTX PRO 6000 Blackwell Server Edition, 97, 57, 96045, 97887, 380.55, 600.00, 53, 2385, 12481, P0, 0
2026/08/17 13:01:52.068, 0, NVIDIA RTX PRO 6000 Blackwell Server Edition, 97, 57, 96743, 97887, 383.32, 600.00, 53, 2385, 12481, P0, 0
2026/08/17 13:01:52.069, 1, NVIDIA RTX PRO 6000 Blackwell Server Edition, 100, 38, 95739, 97887, 517.70, 600.00, 58, 2407, 12481, P0, 0
2026/08/17 13:01:52.069, 2, NVIDIA RTX PRO 6000 Blackwell Server Edition, 97, 55, 94399, 97887, 425.10, 600.00, 44, 2272, 12481, P0, 0
2026/08/17 13:01:52.069, 3, NVIDIA RTX PRO 6000 Blackwell Server Edition, 100, 35, 95827, 97887, 557.26, 600.00, 60, 2407, 12481, P0, 0
2026/08/17 13:01:52.070, 4, NVIDIA RTX PRO 6000 Blackwell Server Edition, 0, 0, 96825, 97887, 86.13, 600.00, 33, 2355, 12481, P0, 0
2026/08/17 13:01:52.070, 5, NVIDIA RTX PRO 6000 Blackwell Server Edition, 100, 1, 96741, 97887, 506.61, 600.00, 67, 2415, 12481, P0, 0
2026/08/17 13:01:52.070, 6, NVIDIA RTX PRO 6000 Blackwell Server Edition, 97, 57, 95811, 97887, 391.93, 600.00, 53, 2385, 12481, P0, 0
2026/08/17 13:01:52.071, 7, NVIDIA RTX PRO 6000 Blackwell Server Edition, 97, 57, 96045, 97887, 381.64, 600.00, 53, 2385, 12481, P0, 0
2026/08/17 13:01:57.072, 0, NVIDIA RTX PRO 6000 Blackwell Server Edition, 97, 57, 96743, 97887, 383.34, 600.00, 53, 2385, 12481, P0, 0
2026/08/17 13:01:57.072, 1, NVIDIA RTX PRO 6000 Blackwell Server Edition, 100, 29, 95739, 97887, 562.35, 600.00, 62, 2407, 12481, P0, 0
2026/08/17 13:01:57.073, 2, NVIDIA RTX PRO 6000 Blackwell Server Edition, 97, 56, 94399, 97887, 382.02, 600.00, 45, 2392, 12481, P0, 0
2026/08/17 13:01:57.073, 3, NVIDIA RTX PRO 6000 Blackwell Server Edition, 100, 19, 95827, 97887, 523.92, 600.00, 61, 2392, 12481, P0, 0
2026/08/17 13:01:57.074, 4, NVIDIA RTX PRO 6000 Blackwell Server Edition, 0, 0, 96825, 97887, 85.59, 600.00, 33, 2355, 12481, P0, 0
2026/08/17 13:01:57.074, 5, NVIDIA RTX PRO 6000 Blackwell Server Edition, 100, 26, 96741, 97887, 526.35, 600.00, 66, 2422, 12481, P0, 0
2026/08/17 13:01:57.074, 6, NVIDIA RTX PRO 6000 Blackwell Server Edition, 97, 57, 95811, 97887, 380.77, 600.00, 53, 2385, 12481, P0, 0
2026/08/17 13:01:57.075, 7, NVIDIA RTX PRO 6000 Blackwell Server Edition, 97, 61, 96045, 97887, 400.37, 600.00, 54, 2400, 12481, P0, 0
2026/08/17 13:02:02.076, 0, NVIDIA RTX PRO 6000 Blackwell Server Edition, 97, 61, 96743, 97887, 401.91, 600.00, 54, 2392, 12481, P0, 0
2026/08/17 13:02:02.076, 1, NVIDIA RTX PRO 6000 Blackwell Server Edition, 100, 26, 95739, 97887, 561.47, 600.00, 63, 2407, 12481, P0, 0
2026/08/17 13:02:02.077, 2, NVIDIA RTX PRO 6000 Blackwell Server Edition, 97, 56, 94399, 97887, 385.15, 600.00, 46, 2392, 12481, P0, 0
2026/08/17 13:02:02.077, 3, NVIDIA RTX PRO 6000 Blackwell Server Edition, 98, 64, 95827, 97887, 422.37, 600.00, 55, 2392, 12481, P0, 0
2026/08/17 13:02:02.078, 4, NVIDIA RTX PRO 6000 Blackwell Server Edition, 0, 0, 96825, 97887, 85.86, 600.00, 32, 2355, 12481, P0, 0
2026/08/17 13:02:02.078, 5, NVIDIA RTX PRO 6000 Blackwell Server Edition, 100, 1, 96741, 97887, 510.39, 600.00, 67, 2422, 12481, P0, 0
2026/08/17 13:02:02.078, 6, NVIDIA RTX PRO 6000 Blackwell Server Edition, 97, 57, 95811, 97887, 381.24, 600.00, 53, 2385, 12481, P0, 0
2026/08/17 13:02:02.079, 7, NVIDIA RTX PRO 6000 Blackwell Server Edition, 97, 57, 96045, 97887, 378.59, 600.00, 53, 2385, 12481, P0, 0
2026/08/17 13:02:07.080, 0, NVIDIA RTX PRO 6000 Blackwell Server Edition, 97, 61, 96743, 97887, 403.79, 600.00, 54, 2392, 12481, P0, 0
2026/08/17 13:02:07.080, 1, NVIDIA RTX PRO 6000 Blackwell Server Edition, 97, 63, 95739, 97887, 415.69, 600.00, 57, 2392, 12481, P0, 0
2026/08/17 13:02:07.082, 2, NVIDIA RTX PRO 6000 Blackwell Server Edition, 97, 56, 94399, 97887, 385.02, 600.00, 48, 2392, 12481, P0, 0
2026/08/17 13:02:07.083, 3, NVIDIA RTX PRO 6000 Blackwell Server Edition, 98, 64, 95827, 97887, 423.34, 600.00, 55, 2392, 12481, P0, 0
2026/08/17 13:02:07.083, 4, NVIDIA RTX PRO 6000 Blackwell Server Edition, 0, 0, 96825, 97887, 85.61, 600.00, 32, 2347, 12481, P0, 0
2026/08/17 13:02:07.083, 5, NVIDIA RTX PRO 6000 Blackwell Server Edition, 100, 34, 96741, 97887, 517.44, 600.00, 66, 2422, 12481, P0, 0
2026/08/17 13:02:07.084, 6, NVIDIA RTX PRO 6000 Blackwell Server Edition, 97, 57, 95811, 97887, 378.86, 600.00, 53, 2385, 12481, P0, 0
2026/08/17 13:02:07.084, 7, NVIDIA RTX PRO 6000 Blackwell Server Edition, 97, 57, 96045, 97887, 377.91, 600.00, 53, 2385, 12481, P0, 0
2026/08/17 13:02:12.085, 0, NVIDIA RTX PRO 6000 Blackwell Server Edition, 97, 61, 96743, 97887, 404.17, 600.00, 54, 2392, 12481, P0, 0
2026/08/17 13:02:12.085, 1, NVIDIA RTX PRO 6000 Blackwell Server Edition, 97, 63, 95739, 97887, 415.98, 600.00, 56, 2392, 12481, P0, 0
2026/08/17 13:02:12.086, 2, NVIDIA RTX PRO 6000 Blackwell Server Edition, 97, 56, 94399, 97887, 385.11, 600.00, 49, 2392, 12481, P0, 0
2026/08/17 13:02:12.087, 3, NVIDIA RTX PRO 6000 Blackwell Server Edition, 98, 64, 95827, 97887, 424.44, 600.00, 55, 2392, 12481, P0, 0
2026/08/17 13:02:12.087, 4, NVIDIA RTX PRO 6000 Blackwell Server Edition, 0, 0, 96825, 97887, 86.64, 600.00, 32, 2355, 12481, P0, 0
2026/08/17 13:02:12.087, 5, NVIDIA RTX PRO 6000 Blackwell Server Edition, 100, 1, 96741, 97887, 522.48, 600.00, 67, 2415, 12481, P0, 0
2026/08/17 13:02:12.088, 6, NVIDIA RTX PRO 6000 Blackwell Server Edition, 97, 57, 95811, 97887, 379.01, 600.00, 53, 2385, 12481, P0, 0
2026/08/17 13:02:12.088, 7, NVIDIA RTX PRO 6000 Blackwell Server Edition, 18, 11, 96045, 97887, 349.71, 600.00, 47, 2392, 12481, P0, 0
2026/08/17 13:02:17.089, 0, NVIDIA RTX PRO 6000 Blackwell Server Edition, 97, 61, 96743, 97887, 405.77, 600.00, 54, 2392, 12481, P0, 0
2026/08/17 13:02:17.090, 1, NVIDIA RTX PRO 6000 Blackwell Server Edition, 97, 63, 95739, 97887, 416.96, 600.00, 56, 2392, 12481, P0, 0
2026/08/17 13:02:17.090, 2, NVIDIA RTX PRO 6000 Blackwell Server Edition, 97, 56, 94399, 97887, 386.44, 600.00, 49, 2392, 12481, P0, 0
2026/08/17 13:02:17.091, 3, NVIDIA RTX PRO 6000 Blackwell Server Edition, 98, 61, 95827, 97887, 401.62, 600.00, 54, 2385, 12481, P0, 0
2026/08/17 13:02:17.091, 4, NVIDIA RTX PRO 6000 Blackwell Server Edition, 0, 0, 96825, 97887, 85.91, 600.00, 32, 2347, 12481, P0, 0
2026/08/17 13:02:17.091, 5, NVIDIA RTX PRO 6000 Blackwell Server Edition, 100, 1, 96741, 97887, 523.77, 600.00, 67, 2422, 12481, P0, 0
2026/08/17 13:02:17.092, 6, NVIDIA RTX PRO 6000 Blackwell Server Edition, 97, 57, 95811, 97887, 379.83, 600.00, 53, 2385, 12481, P0, 0
2026/08/17 13:02:17.092, 7, NVIDIA RTX PRO 6000 Blackwell Server Edition, 0, 0, 96045, 97887, 90.37, 600.00, 42, 2355, 12481, P0, 0
2026/08/17 13:02:22.093, 0, NVIDIA RTX PRO 6000 Blackwell Server Edition, 97, 61, 96743, 97887, 405.97, 600.00, 54, 2392, 12481, P0, 0
2026/08/17 13:02:22.094, 1, NVIDIA RTX PRO 6000 Blackwell Server Edition, 97, 58, 95739, 97887, 396.18, 600.00, 55, 2392, 12481, P0, 0
2026/08/17 13:02:22.094, 2, NVIDIA RTX PRO 6000 Blackwell Server Edition, 97, 56, 94399, 97887, 387.24, 600.00, 50, 2392, 12481, P0, 0
2026/08/17 13:02:22.095, 3, NVIDIA RTX PRO 6000 Blackwell Server Edition, 98, 60, 95827, 97887, 402.86, 600.00, 54, 2385, 12481, P0, 0
2026/08/17 13:02:22.095, 4, NVIDIA RTX PRO 6000 Blackwell Server Edition, 100, 32, 96825, 97887, 215.79, 600.00, 45, 2325, 12481, P0, 0
2026/08/17 13:02:22.096, 5, NVIDIA RTX PRO 6000 Blackwell Server Edition, 100, 15, 96741, 97887, 515.83, 600.00, 67, 2415, 12481, P0, 0
2026/08/17 13:02:22.096, 6, NVIDIA RTX PRO 6000 Blackwell Server Edition, 97, 57, 95811, 97887, 378.95, 600.00, 53, 2385, 12481, P0, 0
2026/08/17 13:02:22.097, 7, NVIDIA RTX PRO 6000 Blackwell Server Edition, 0, 0, 96045, 97887, 89.12, 600.00, 40, 2355, 12481, P0, 0
2026/08/17 13:02:27.097, 0, NVIDIA RTX PRO 6000 Blackwell Server Edition, 97, 61, 96743, 97887, 401.89, 600.00, 54, 2392, 12481, P0, 0
2026/08/17 13:02:27.098, 1, NVIDIA RTX PRO 6000 Blackwell Server Edition, 97, 63, 95739, 97887, 412.86, 600.00, 55, 2392, 12481, P0, 0
2026/08/17 13:02:27.098, 2, NVIDIA RTX PRO 6000 Blackwell Server Edition, 97, 56, 94399, 97887, 388.16, 600.00, 51, 2392, 12481, P0, 0
2026/08/17 13:02:27.099, 3, NVIDIA RTX PRO 6000 Blackwell Server Edition, 98, 61, 95827, 97887, 404.02, 600.00, 54, 2385, 12481, P0, 0
2026/08/17 13:02:27.100, 4, NVIDIA RTX PRO 6000 Blackwell Server Edition, 0, 0, 96825, 97887, 88.51, 600.00, 35, 2347, 12481, P0, 0
2026/08/17 13:02:27.100, 5, NVIDIA RTX PRO 6000 Blackwell Server Edition, 100, 1, 96741, 97887, 514.49, 600.00, 67, 2422, 12481, P0, 0
2026/08/17 13:02:27.100, 6, NVIDIA RTX PRO 6000 Blackwell Server Edition, 98, 57, 95811, 97887, 379.88, 600.00, 53, 2385, 12481, P0, 0
2026/08/17 13:02:27.101, 7, NVIDIA RTX PRO 6000 Blackwell Server Edition, 0, 0, 96045, 97887, 87.93, 600.00, 38, 2355, 12481, P0, 0
2026/08/17 13:02:32.101, 0, NVIDIA RTX PRO 6000 Blackwell Server Edition, 97, 61, 96743, 97887, 406.01, 600.00, 54, 2392, 12481, P0, 0
2026/08/17 13:02:32.102, 1, NVIDIA RTX PRO 6000 Blackwell Server Edition, 98, 63, 95739, 97887, 415.21, 600.00, 55, 2392, 12481, P0, 0
2026/08/17 13:02:32.102, 2, NVIDIA RTX PRO 6000 Blackwell Server Edition, 98, 56, 94399, 97887, 388.96, 600.00, 51, 2392, 12481, P0, 0
2026/08/17 13:02:32.103, 3, NVIDIA RTX PRO 6000 Blackwell Server Edition, 98, 61, 95827, 97887, 404.31, 600.00, 54, 2385, 12481, P0, 0
2026/08/17 13:02:32.103, 4, NVIDIA RTX PRO 6000 Blackwell Server Edition, 0, 0, 96825, 97887, 86.62, 600.00, 34, 2355, 12481, P0, 0
2026/08/17 13:02:32.104, 5, NVIDIA RTX PRO 6000 Blackwell Server Edition, 100, 1, 96741, 97887, 517.84, 600.00, 66, 2422, 12481, P0, 0
2026/08/17 13:02:32.104, 6, NVIDIA RTX PRO 6000 Blackwell Server Edition, 97, 61, 95811, 97887, 405.07, 600.00, 54, 2392, 12481, P0, 0
2026/08/17 13:02:32.104, 7, NVIDIA RTX PRO 6000 Blackwell Server Edition, 0, 0, 96045, 97887, 87.93, 600.00, 37, 2355, 12481, P0, 0
2026/08/17 13:02:37.105, 0, NVIDIA RTX PRO 6000 Blackwell Server Edition, 98, 57, 96743, 97887, 383.17, 600.00, 53, 2385, 12481, P0, 0
2026/08/17 13:02:37.106, 1, NVIDIA RTX PRO 6000 Blackwell Server Edition, 97, 58, 95739, 97887, 393.05, 600.00, 54, 2392, 12481, P0, 0
2026/08/17 13:02:37.106, 2, NVIDIA RTX PRO 6000 Blackwell Server Edition, 100, 39, 94399, 97887, 506.34, 600.00, 59, 2385, 12481, P0, 0
2026/08/17 13:02:37.108, 3, NVIDIA RTX PRO 6000 Blackwell Server Edition, 98, 61, 95827, 97887, 403.99, 600.00, 54, 2385, 12481, P0, 0
2026/08/17 13:02:37.108, 4, NVIDIA RTX PRO 6000 Blackwell Server Edition, 0, 0, 96825, 97887, 87.11, 600.00, 33, 2355, 12481, P0, 0
2026/08/17 13:02:37.108, 5, NVIDIA RTX PRO 6000 Blackwell Server Edition, 100, 1, 96741, 97887, 518.23, 600.00, 66, 2422, 12481, P0, 0
2026/08/17 13:02:37.109, 6, NVIDIA RTX PRO 6000 Blackwell Server Edition, 97, 61, 95811, 97887, 402.87, 600.00, 54, 2392, 12481, P0, 0
2026/08/17 13:02:37.109, 7, NVIDIA RTX PRO 6000 Blackwell Server Edition, 0, 0, 96045, 97887, 87.20, 600.00, 36, 2355, 12481, P0, 0
2026/08/17 13:02:42.110, 0, NVIDIA RTX PRO 6000 Blackwell Server Edition, 97, 57, 96743, 97887, 382.84, 600.00, 53, 2385, 12481, P0, 0
2026/08/17 13:02:42.111, 1, NVIDIA RTX PRO 6000 Blackwell Server Edition, 0, 0, 95739, 97887, 87.33, 600.00, 44, 2422, 12481, P0, 0
2026/08/17 13:02:42.111, 2, NVIDIA RTX PRO 6000 Blackwell Server Edition, 98, 62, 94399, 97887, 452.75, 600.00, 54, 2400, 12481, P0, 0
2026/08/17 13:02:42.111, 3, NVIDIA RTX PRO 6000 Blackwell Server Edition, 98, 61, 95827, 97887, 403.11, 600.00, 54, 2385, 12481, P0, 0
2026/08/17 13:02:42.112, 4, NVIDIA RTX PRO 6000 Blackwell Server Edition, 0, 0, 96825, 97887, 86.18, 600.00, 33, 2355, 12481, P0, 0
2026/08/17 13:02:42.112, 5, NVIDIA RTX PRO 6000 Blackwell Server Edition, 100, 1, 96741, 97887, 522.16, 600.00, 67, 2422, 12481, P0, 0
2026/08/17 13:02:42.112, 6, NVIDIA RTX PRO 6000 Blackwell Server Edition, 97, 62, 95811, 97887, 403.74, 600.00, 54, 2392, 12481, P0, 0
2026/08/17 13:02:42.113, 7, NVIDIA RTX PRO 6000 Blackwell Server Edition, 0, 0, 96045, 97887, 86.71, 600.00, 35, 2355, 12481, P0, 0
2026/08/17 13:02:47.113, 0, NVIDIA RTX PRO 6000 Blackwell Server Edition, 97, 57, 96743, 97887, 382.26, 600.00, 53, 2385, 12481, P0, 0
2026/08/17 13:02:47.114, 1, NVIDIA RTX PRO 6000 Blackwell Server Edition, 0, 0, 95739, 97887, 91.96, 600.00, 41, 2332, 12481, P0, 0
2026/08/17 13:02:47.115, 2, NVIDIA RTX PRO 6000 Blackwell Server Edition, 97, 60, 94399, 97887, 412.02, 600.00, 54, 2400, 12481, P0, 0
2026/08/17 13:02:47.115, 3, NVIDIA RTX PRO 6000 Blackwell Server Edition, 100, 35, 95827, 97887, 562.75, 600.00, 62, 2400, 12481, P0, 0
2026/08/17 13:02:47.116, 4, NVIDIA RTX PRO 6000 Blackwell Server Edition, 0, 0, 96825, 97887, 86.67, 600.00, 33, 2355, 12481, P0, 0
2026/08/17 13:02:47.116, 5, NVIDIA RTX PRO 6000 Blackwell Server Edition, 100, 1, 96741, 97887, 514.37, 600.00, 66, 2422, 12481, P0, 0
2026/08/17 13:02:47.118, 6, NVIDIA RTX PRO 6000 Blackwell Server Edition, 98, 62, 95811, 97887, 405.54, 600.00, 54, 2392, 12481, P0, 0
2026/08/17 13:02:47.119, 7, NVIDIA RTX PRO 6000 Blackwell Server Edition, 0, 0, 96045, 97887, 85.93, 600.00, 34, 2355, 12481, P0, 0
2026/08/17 13:02:52.119, 0, NVIDIA RTX PRO 6000 Blackwell Server Edition, 97, 57, 96743, 97887, 382.85, 600.00, 53, 2385, 12481, P0, 0
2026/08/17 13:02:52.120, 1, NVIDIA RTX PRO 6000 Blackwell Server Edition, 0, 0, 95739, 97887, 90.64, 600.00, 39, 2332, 12481, P0, 0
2026/08/17 13:02:52.120, 2, NVIDIA RTX PRO 6000 Blackwell Server Edition, 97, 60, 94399, 97887, 415.13, 600.00, 54, 2400, 12481, P0, 0
2026/08/17 13:02:52.120, 3, NVIDIA RTX PRO 6000 Blackwell Server Edition, 100, 37, 95827, 97887, 567.27, 600.00, 62, 2407, 12481, P0, 0
2026/08/17 13:02:52.121, 4, NVIDIA RTX PRO 6000 Blackwell Server Edition, 0, 0, 96825, 97887, 86.18, 600.00, 32, 2355, 12481, P0, 0
2026/08/17 13:02:52.121, 5, NVIDIA RTX PRO 6000 Blackwell Server Edition, 100, 1, 96741, 97887, 520.29, 600.00, 67, 2422, 12481, P0, 0
2026/08/17 13:02:52.122, 6, NVIDIA RTX PRO 6000 Blackwell Server Edition, 98, 62, 95811, 97887, 404.01, 600.00, 54, 2392, 12481, P0, 0
2026/08/17 13:02:52.123, 7, NVIDIA RTX PRO 6000 Blackwell Server Edition, 0, 0, 96045, 97887, 87.10, 600.00, 34, 2370, 12481, P0, 0
2026/08/17 13:02:57.123, 0, NVIDIA RTX PRO 6000 Blackwell Server Edition, 97, 57, 96743, 97887, 383.89, 600.00, 53, 2385, 12481, P0, 0
2026/08/17 13:02:57.124, 1, NVIDIA RTX PRO 6000 Blackwell Server Edition, 0, 0, 95739, 97887, 90.40, 600.00, 38, 2332, 12481, P0, 0
2026/08/17 13:02:57.124, 2, NVIDIA RTX PRO 6000 Blackwell Server Edition, 97, 60, 94399, 97887, 413.02, 600.00, 54, 2400, 12481, P0, 0
2026/08/17 13:02:57.125, 3, NVIDIA RTX PRO 6000 Blackwell Server Edition, 100, 23, 95827, 97887, 562.84, 600.00, 64, 2400, 12481, P0, 0
2026/08/17 13:02:57.125, 4, NVIDIA RTX PRO 6000 Blackwell Server Edition, 0, 0, 96825, 97887, 86.13, 600.00, 32, 2355, 12481, P0, 0
2026/08/17 13:02:57.126, 5, NVIDIA RTX PRO 6000 Blackwell Server Edition, 100, 1, 96741, 97887, 517.79, 600.00, 66, 2422, 12481, P0, 0
2026/08/17 13:02:57.126, 6, NVIDIA RTX PRO 6000 Blackwell Server Edition, 97, 57, 95811, 97887, 379.27, 600.00, 54, 2385, 12481, P0, 0
2026/08/17 13:02:57.127, 7, NVIDIA RTX PRO 6000 Blackwell Server Edition, 98, 57, 96045, 97887, 458.60, 600.00, 44, 2392, 12481, P0, 0
2026/08/17 13:03:02.128, 0, NVIDIA RTX PRO 6000 Blackwell Server Edition, 97, 57, 96743, 97887, 382.71, 600.00, 53, 2385, 12481, P0, 0
2026/08/17 13:03:02.128, 1, NVIDIA RTX PRO 6000 Blackwell Server Edition, 0, 0, 95739, 97887, 89.48, 600.00, 37, 2332, 12481, P0, 0
2026/08/17 13:03:02.128, 2, NVIDIA RTX PRO 6000 Blackwell Server Edition, 97, 60, 94399, 97887, 413.45, 600.00, 54, 2400, 12481, P0, 0
2026/08/17 13:03:02.129, 3, NVIDIA RTX PRO 6000 Blackwell Server Edition, 98, 65, 95827, 97887, 431.18, 600.00, 58, 2392, 12481, P0, 0
2026/08/17 13:03:02.129, 4, NVIDIA RTX PRO 6000 Blackwell Server Edition, 0, 0, 96825, 97887, 86.16, 600.00, 32, 2347, 12481, P0, 0
2026/08/17 13:03:02.130, 5, NVIDIA RTX PRO 6000 Blackwell Server Edition, 100, 1, 96741, 97887, 522.80, 600.00, 66, 2415, 12481, P0, 0
2026/08/17 13:03:02.130, 6, NVIDIA RTX PRO 6000 Blackwell Server Edition, 97, 57, 95811, 97887, 379.51, 600.00, 53, 2385, 12481, P0, 0
2026/08/17 13:03:02.130, 7, NVIDIA RTX PRO 6000 Blackwell Server Edition, 97, 57, 96045, 97887, 371.10, 600.00, 46, 2385, 12481, P0, 0
2026/08/17 13:03:07.131, 0, NVIDIA RTX PRO 6000 Blackwell Server Edition, 97, 57, 96743, 97887, 381.45, 600.00, 53, 2385, 12481, P0, 0
2026/08/17 13:03:07.133, 1, NVIDIA RTX PRO 6000 Blackwell Server Edition, 0, 0, 95739, 97887, 88.50, 600.00, 36, 2332, 12481, P0, 0
2026/08/17 13:03:07.135, 2, NVIDIA RTX PRO 6000 Blackwell Server Edition, 97, 60, 94399, 97887, 413.33, 600.00, 54, 2400, 12481, P0, 0
2026/08/17 13:03:07.136, 3, NVIDIA RTX PRO 6000 Blackwell Server Edition, 98, 66, 95827, 97887, 435.62, 600.00, 57, 2392, 12481, P0, 0
2026/08/17 13:03:07.136, 4, NVIDIA RTX PRO 6000 Blackwell Server Edition, 97, 55, 96825, 97887, 232.30, 600.00, 42, 2287, 12481, P0, 0
2026/08/17 13:03:07.137, 5, NVIDIA RTX PRO 6000 Blackwell Server Edition, 100, 1, 96741, 97887, 508.06, 600.00, 66, 2415, 12481, P0, 0
2026/08/17 13:03:07.137, 6, NVIDIA RTX PRO 6000 Blackwell Server Edition, 97, 57, 95811, 97887, 380.55, 600.00, 54, 2385, 12481, P0, 0
2026/08/17 13:03:07.138, 7, NVIDIA RTX PRO 6000 Blackwell Server Edition, 97, 57, 96045, 97887, 373.72, 600.00, 47, 2385, 12481, P0, 0
2026/08/17 13:03:12.139, 0, NVIDIA RTX PRO 6000 Blackwell Server Edition, 98, 57, 96743, 97887, 383.41, 600.00, 53, 2385, 12481, P0, 0
2026/08/17 13:03:12.139, 1, NVIDIA RTX PRO 6000 Blackwell Server Edition, 0, 0, 95739, 97887, 88.50, 600.00, 35, 2325, 12481, P0, 0
2026/08/17 13:03:12.139, 2, NVIDIA RTX PRO 6000 Blackwell Server Edition, 97, 60, 94399, 97887, 414.03, 600.00, 54, 2400, 12481, P0, 0
2026/08/17 13:03:12.140, 3, NVIDIA RTX PRO 6000 Blackwell Server Edition, 98, 66, 95827, 97887, 432.88, 600.00, 57, 2392, 12481, P0, 0
2026/08/17 13:03:12.140, 4, NVIDIA RTX PRO 6000 Blackwell Server Edition, 0, 0, 96825, 97887, 86.71, 600.00, 34, 2347, 12481, P0, 0
2026/08/17 13:03:12.141, 5, NVIDIA RTX PRO 6000 Blackwell Server Edition, 100, 21, 96741, 97887, 521.72, 600.00, 67, 2422, 12481, P0, 0
2026/08/17 13:03:12.141, 6, NVIDIA RTX PRO 6000 Blackwell Server Edition, 97, 57, 95811, 97887, 380.30, 600.00, 53, 2385, 12481, P0, 0
2026/08/17 13:03:12.142, 7, NVIDIA RTX PRO 6000 Blackwell Server Edition, 97, 57, 96045, 97887, 373.28, 600.00, 48, 2385, 12481, P0, 0
2026/08/17 13:03:17.142, 0, NVIDIA RTX PRO 6000 Blackwell Server Edition, 97, 57, 96743, 97887, 385.42, 600.00, 53, 2385, 12481, P0, 0
2026/08/17 13:03:17.143, 1, NVIDIA RTX PRO 6000 Blackwell Server Edition, 0, 0, 95739, 97887, 87.50, 600.00, 34, 2325, 12481, P0, 0
2026/08/17 13:03:17.143, 2, NVIDIA RTX PRO 6000 Blackwell Server Edition, 97, 60, 94399, 97887, 414.27, 600.00, 54, 2400, 12481, P0, 0
2026/08/17 13:03:17.144, 3, NVIDIA RTX PRO 6000 Blackwell Server Edition, 98, 66, 95827, 97887, 434.68, 600.00, 57, 2392, 12481, P0, 0
2026/08/17 13:03:17.144, 4, NVIDIA RTX PRO 6000 Blackwell Server Edition, 0, 0, 96825, 97887, 86.62, 600.00, 34, 2355, 12481, P0, 0
2026/08/17 13:03:17.145, 5, NVIDIA RTX PRO 6000 Blackwell Server Edition, 100, 1, 96741, 97887, 520.81, 600.00, 66, 2422, 12481, P0, 0
2026/08/17 13:03:17.145, 6, NVIDIA RTX PRO 6000 Blackwell Server Edition, 97, 57, 95811, 97887, 382.12, 600.00, 53, 2385, 12481, P0, 0
2026/08/17 13:03:17.145, 7, NVIDIA RTX PRO 6000 Blackwell Server Edition, 0, 0, 96045, 97887, 128.60, 600.00, 41, 2355, 12481, P0, 0
2026/08/17 13:03:22.146, 0, NVIDIA RTX PRO 6000 Blackwell Server Edition, 100, 36, 96743, 97887, 576.13, 600.00, 61, 2407, 12481, P0, 0
2026/08/17 13:03:22.146, 1, NVIDIA RTX PRO 6000 Blackwell Server Edition, 0, 0, 95739, 97887, 86.94, 600.00, 34, 2325, 12481, P0, 0
2026/08/17 13:03:22.147, 2, NVIDIA RTX PRO 6000 Blackwell Server Edition, 97, 60, 94399, 97887, 413.86, 600.00, 54, 2400, 12481, P0, 0
2026/08/17 13:03:22.147, 3, NVIDIA RTX PRO 6000 Blackwell Server Edition, 98, 66, 95827, 97887, 431.04, 600.00, 56, 2392, 12481, P0, 0
2026/08/17 13:03:22.148, 4, NVIDIA RTX PRO 6000 Blackwell Server Edition, 0, 0, 96825, 97887, 86.18, 600.00, 33, 2355, 12481, P0, 0
2026/08/17 13:03:22.148, 5, NVIDIA RTX PRO 6000 Blackwell Server Edition, 100, 1, 96741, 97887, 519.85, 600.00, 67, 2415, 12481, P0, 0
2026/08/17 13:03:22.149, 6, NVIDIA RTX PRO 6000 Blackwell Server Edition, 98, 57, 95811, 97887, 381.24, 600.00, 53, 2385, 12481, P0, 0
2026/08/17 13:03:22.149, 7, NVIDIA RTX PRO 6000 Blackwell Server Edition, 0, 0, 96045, 97887, 88.17, 600.00, 38, 2355, 12481, P0, 0
2026/08/17 13:03:27.150, 0, NVIDIA RTX PRO 6000 Blackwell Server Edition, 97, 62, 96743, 97887, 408.51, 600.00, 55, 2392, 12481, P0, 0
2026/08/17 13:03:27.150, 1, NVIDIA RTX PRO 6000 Blackwell Server Edition, 0, 0, 95739, 97887, 86.99, 600.00, 34, 2332, 12481, P0, 0
2026/08/17 13:03:27.151, 2, NVIDIA RTX PRO 6000 Blackwell Server Edition, 97, 60, 94399, 97887, 413.55, 600.00, 54, 2400, 12481, P0, 0
2026/08/17 13:03:27.151, 3, NVIDIA RTX PRO 6000 Blackwell Server Edition, 98, 66, 95827, 97887, 434.92, 600.00, 56, 2392, 12481, P0, 0
2026/08/17 13:03:27.152, 4, NVIDIA RTX PRO 6000 Blackwell Server Edition, 0, 0, 96825, 97887, 86.18, 600.00, 33, 2355, 12481, P0, 0
2026/08/17 13:03:27.152, 5, NVIDIA RTX PRO 6000 Blackwell Server Edition, 100, 10, 96741, 97887, 512.54, 600.00, 68, 2422, 12481, P0, 0
2026/08/17 13:03:27.152, 6, NVIDIA RTX PRO 6000 Blackwell Server Edition, 97, 57, 95811, 97887, 382.09, 600.00, 53, 2385, 12481, P0, 0
2026/08/17 13:03:27.153, 7, NVIDIA RTX PRO 6000 Blackwell Server Edition, 0, 0, 96045, 97887, 87.44, 600.00, 37, 2355, 12481, P0, 0
2026/08/17 13:03:32.153, 0, NVIDIA RTX PRO 6000 Blackwell Server Edition, 97, 62, 96743, 97887, 410.23, 600.00, 55, 2392, 12481, P0, 0
2026/08/17 13:03:32.154, 1, NVIDIA RTX PRO 6000 Blackwell Server Edition, 0, 0, 95739, 97887, 86.46, 600.00, 33, 2332, 12481, P0, 0
2026/08/17 13:03:32.154, 2, NVIDIA RTX PRO 6000 Blackwell Server Edition, 97, 60, 94399, 97887, 415.12, 600.00, 54, 2400, 12481, P0, 0
2026/08/17 13:03:32.155, 3, NVIDIA RTX PRO 6000 Blackwell Server Edition, 98, 61, 95827, 97887, 411.33, 600.00, 55, 2385, 12481, P0, 0
2026/08/17 13:03:32.155, 4, NVIDIA RTX PRO 6000 Blackwell Server Edition, 100, 37, 96825, 97887, 314.03, 600.00, 46, 2407, 12481, P0, 0
2026/08/17 13:03:32.156, 5, NVIDIA RTX PRO 6000 Blackwell Server Edition, 100, 1, 96741, 97887, 510.61, 600.00, 67, 2415, 12481, P0, 0
2026/08/17 13:03:32.157, 6, NVIDIA RTX PRO 6000 Blackwell Server Edition, 97, 57, 95811, 97887, 379.86, 600.00, 53, 2385, 12481, P0, 0
2026/08/17 13:03:32.157, 7, NVIDIA RTX PRO 6000 Blackwell Server Edition, 0, 0, 96045, 97887, 86.88, 600.00, 36, 2355, 12481, P0, 0
2026/08/17 13:03:37.158, 0, NVIDIA RTX PRO 6000 Blackwell Server Edition, 98, 62, 96743, 97887, 409.62, 600.00, 55, 2392, 12481, P0, 0
2026/08/17 13:03:37.158, 1, NVIDIA RTX PRO 6000 Blackwell Server Edition, 97, 57, 95739, 97887, 416.23, 600.00, 44, 2340, 12481, P0, 0
2026/08/17 13:03:37.160, 2, NVIDIA RTX PRO 6000 Blackwell Server Edition, 97, 60, 94399, 97887, 415.60, 600.00, 54, 2400, 12481, P0, 0
2026/08/17 13:03:37.161, 3, NVIDIA RTX PRO 6000 Blackwell Server Edition, 98, 61, 95827, 97887, 405.45, 600.00, 55, 2385, 12481, P0, 0
2026/08/17 13:03:37.161, 4, NVIDIA RTX PRO 6000 Blackwell Server Edition, 100, 35, 96825, 97887, 540.10, 600.00, 53, 2407, 12481, P0, 0
2026/08/17 13:03:37.163, 5, NVIDIA RTX PRO 6000 Blackwell Server Edition, 100, 16, 96741, 97887, 520.21, 600.00, 66, 2422, 12481, P0, 0
2026/08/17 13:03:37.163, 6, NVIDIA RTX PRO 6000 Blackwell Server Edition, 97, 57, 95811, 97887, 379.17, 600.00, 53, 2385, 12481, P0, 0
2026/08/17 13:03:37.164, 7, NVIDIA RTX PRO 6000 Blackwell Server Edition, 0, 0, 96045, 97887, 86.09, 600.00, 35, 2355, 12481, P0, 0
2026/08/17 13:03:42.164, 0, NVIDIA RTX PRO 6000 Blackwell Server Edition, 98, 62, 96743, 97887, 408.76, 600.00, 54, 2392, 12481, P0, 0
2026/08/17 13:03:42.165, 1, NVIDIA RTX PRO 6000 Blackwell Server Edition, 0, 0, 95739, 97887, 88.54, 600.00, 36, 2325, 12481, P0, 0
2026/08/17 13:03:42.165, 2, NVIDIA RTX PRO 6000 Blackwell Server Edition, 97, 60, 94399, 97887, 416.36, 600.00, 54, 2400, 12481, P0, 0
2026/08/17 13:03:42.166, 3, NVIDIA RTX PRO 6000 Blackwell Server Edition, 98, 61, 95827, 97887, 407.89, 600.00, 55, 2385, 12481, P0, 0
2026/08/17 13:03:42.166, 4, NVIDIA RTX PRO 6000 Blackwell Server Edition, 100, 23, 96825, 97887, 546.84, 600.00, 57, 2415, 12481, P0, 0
2026/08/17 13:03:42.166, 5, NVIDIA RTX PRO 6000 Blackwell Server Edition, 100, 1, 96741, 97887, 523.73, 600.00, 66, 2415, 12481, P0, 0
2026/08/17 13:03:42.167, 6, NVIDIA RTX PRO 6000 Blackwell Server Edition, 97, 57, 95811, 97887, 380.21, 600.00, 53, 2385, 12481, P0, 0
2026/08/17 13:03:42.167, 7, NVIDIA RTX PRO 6000 Blackwell Server Edition, 0, 0, 96045, 97887, 88.02, 600.00, 34, 2370, 12481, P0, 0
2026/08/17 13:03:47.168, 0, NVIDIA RTX PRO 6000 Blackwell Server Edition, 98, 62, 96743, 97887, 411.34, 600.00, 54, 2392, 12481, P0, 0
2026/08/17 13:03:47.168, 1, NVIDIA RTX PRO 6000 Blackwell Server Edition, 0, 0, 95739, 97887, 86.99, 600.00, 35, 2332, 12481, P0, 0
2026/08/17 13:03:47.169, 2, NVIDIA RTX PRO 6000 Blackwell Server Edition, 97, 60, 94399, 97887, 413.59, 600.00, 54, 2400, 12481, P0, 0
2026/08/17 13:03:47.169, 3, NVIDIA RTX PRO 6000 Blackwell Server Edition, 98, 61, 95827, 97887, 405.90, 600.00, 54, 2385, 12481, P0, 0
2026/08/17 13:03:47.170, 4, NVIDIA RTX PRO 6000 Blackwell Server Edition, 98, 59, 96825, 97887, 459.00, 600.00, 52, 2377, 12481, P0, 0
2026/08/17 13:03:47.170, 5, NVIDIA RTX PRO 6000 Blackwell Server Edition, 100, 1, 96741, 97887, 513.81, 600.00, 66, 2422, 12481, P0, 0
2026/08/17 13:03:47.171, 6, NVIDIA RTX PRO 6000 Blackwell Server Edition, 97, 57, 95811, 97887, 380.58, 600.00, 53, 2385, 12481, P0, 0
2026/08/17 13:03:47.171, 7, NVIDIA RTX PRO 6000 Blackwell Server Edition, 0, 0, 96045, 97887, 85.59, 600.00, 34, 2370, 12481, P0, 0
2026/08/17 13:03:52.172, 0, NVIDIA RTX PRO 6000 Blackwell Server Edition, 97, 57, 96743, 97887, 387.29, 600.00, 54, 2385, 12481, P0, 0
2026/08/17 13:03:52.172, 1, NVIDIA RTX PRO 6000 Blackwell Server Edition, 0, 0, 95739, 97887, 87.23, 600.00, 34, 2332, 12481, P0, 0
2026/08/17 13:03:52.172, 2, NVIDIA RTX PRO 6000 Blackwell Server Edition, 100, 29, 94399, 97887, 571.22, 600.00, 61, 2385, 12481, P0, 0
2026/08/17 13:03:52.174, 3, NVIDIA RTX PRO 6000 Blackwell Server Edition, 98, 61, 95827, 97887, 404.73, 600.00, 54, 2385, 12481, P0, 0
2026/08/17 13:03:52.174, 4, NVIDIA RTX PRO 6000 Blackwell Server Edition, 98, 59, 96825, 97887, 384.07, 600.00, 51, 2377, 12481, P0, 0
2026/08/17 13:03:52.175, 5, NVIDIA RTX PRO 6000 Blackwell Server Edition, 100, 26, 96741, 97887, 522.26, 600.00, 66, 2422, 12481, P0, 0
2026/08/17 13:03:52.175, 6, NVIDIA RTX PRO 6000 Blackwell Server Edition, 97, 57, 95811, 97887, 379.71, 600.00, 53, 2385, 12481, P0, 0
2026/08/17 13:03:52.176, 7, NVIDIA RTX PRO 6000 Blackwell Server Edition, 0, 0, 96045, 97887, 86.07, 600.00, 33, 2370, 12481, P0, 0
2026/08/17 13:03:57.176, 0, NVIDIA RTX PRO 6000 Blackwell Server Edition, 97, 57, 96743, 97887, 383.83, 600.00, 53, 2385, 12481, P0, 0
2026/08/17 13:03:57.177, 1, NVIDIA RTX PRO 6000 Blackwell Server Edition, 0, 0, 95739, 97887, 86.75, 600.00, 34, 2332, 12481, P0, 0
2026/08/17 13:03:57.177, 2, NVIDIA RTX PRO 6000 Blackwell Server Edition, 97, 61, 94399, 97887, 420.76, 600.00, 56, 2400, 12481, P0, 0
2026/08/17 13:03:57.177, 3, NVIDIA RTX PRO 6000 Blackwell Server Edition, 99, 26, 95827, 97887, 498.20, 600.00, 57, 2392, 12481, P0, 0
2026/08/17 13:03:57.178, 4, NVIDIA RTX PRO 6000 Blackwell Server Edition, 98, 59, 96825, 97887, 384.31, 600.00, 51, 2377, 12481, P0, 0
2026/08/17 13:03:57.179, 5, NVIDIA RTX PRO 6000 Blackwell Server Edition, 100, 1, 96741, 97887, 516.87, 600.00, 66, 2415, 12481, P0, 0
2026/08/17 13:03:57.179, 6, NVIDIA RTX PRO 6000 Blackwell Server Edition, 97, 57, 95811, 97887, 381.64, 600.00, 53, 2385, 12481, P0, 0
2026/08/17 13:03:57.180, 7, NVIDIA RTX PRO 6000 Blackwell Server Edition, 0, 0, 96045, 97887, 85.10, 600.00, 33, 2370, 12481, P0, 0
2026/08/17 13:04:02.180, 0, NVIDIA RTX PRO 6000 Blackwell Server Edition, 97, 58, 96743, 97887, 386.13, 600.00, 53, 2385, 12481, P0, 0
2026/08/17 13:04:02.184, 1, NVIDIA RTX PRO 6000 Blackwell Server Edition, 0, 0, 95739, 97887, 87.43, 600.00, 33, 2332, 12481, P0, 0
2026/08/17 13:04:02.187, 2, NVIDIA RTX PRO 6000 Blackwell Server Edition, 98, 61, 94399, 97887, 419.53, 600.00, 55, 2400, 12481, P0, 0
2026/08/17 13:04:02.188, 3, NVIDIA RTX PRO 6000 Blackwell Server Edition, 98, 65, 95827, 97887, 433.51, 600.00, 56, 2392, 12481, P0, 0
2026/08/17 13:04:02.191, 4, NVIDIA RTX PRO 6000 Blackwell Server Edition, 98, 59, 96825, 97887, 383.18, 600.00, 52, 2377, 12481, P0, 0
2026/08/17 13:04:02.192, 5, NVIDIA RTX PRO 6000 Blackwell Server Edition, 100, 1, 96741, 97887, 511.09, 600.00, 66, 2422, 12481, P0, 0
2026/08/17 13:04:02.195, 6, NVIDIA RTX PRO 6000 Blackwell Server Edition, 100, 37, 95811, 97887, 562.01, 600.00, 60, 2407, 12481, P0, 0
2026/08/17 13:04:02.196, 7, NVIDIA RTX PRO 6000 Blackwell Server Edition, 0, 0, 96045, 97887, 85.34, 600.00, 33, 2370, 12481, P0, 0
2026/08/17 13:04:07.199, 0, NVIDIA RTX PRO 6000 Blackwell Server Edition, 97, 58, 96743, 97887, 387.11, 600.00, 53, 2385, 12481, P0, 0
2026/08/17 13:04:07.199, 1, NVIDIA RTX PRO 6000 Blackwell Server Edition, 0, 0, 95739, 97887, 86.46, 600.00, 33, 2332, 12481, P0, 0
2026/08/17 13:04:07.200, 2, NVIDIA RTX PRO 6000 Blackwell Server Edition, 97, 60, 94399, 97887, 416.30, 600.00, 55, 2400, 12481, P0, 0
2026/08/17 13:04:07.200, 3, NVIDIA RTX PRO 6000 Blackwell Server Edition, 97, 58, 95827, 97887, 393.85, 600.00, 55, 2385, 12481, P0, 0
2026/08/17 13:04:07.201, 4, NVIDIA RTX PRO 6000 Blackwell Server Edition, 100, 33, 96825, 97887, 572.95, 600.00, 60, 2407, 12481, P0, 0
2026/08/17 13:04:07.204, 5, NVIDIA RTX PRO 6000 Blackwell Server Edition, 100, 25, 96741, 97887, 517.10, 600.00, 66, 2422, 12481, P0, 0
2026/08/17 13:04:07.205, 6, NVIDIA RTX PRO 6000 Blackwell Server Edition, 100, 32, 95811, 97887, 561.82, 600.00, 63, 2407, 12481, P0, 0
2026/08/17 13:04:07.205, 7, NVIDIA RTX PRO 6000 Blackwell Server Edition, 0, 0, 96045, 97887, 85.54, 600.00, 32, 2370, 12481, P0, 0
2026/08/17 13:04:12.206, 0, NVIDIA RTX PRO 6000 Blackwell Server Edition, 97, 58, 96743, 97887, 385.63, 600.00, 53, 2385, 12481, P0, 0
2026/08/17 13:04:12.207, 1, NVIDIA RTX PRO 6000 Blackwell Server Edition, 0, 0, 95739, 97887, 87.00, 600.00, 33, 2332, 12481, P0, 0
2026/08/17 13:04:12.209, 2, NVIDIA RTX PRO 6000 Blackwell Server Edition, 97, 61, 94399, 97887, 416.42, 600.00, 55, 2400, 12481, P0, 0
2026/08/17 13:04:12.210, 3, NVIDIA RTX PRO 6000 Blackwell Server Edition, 0, 0, 95827, 97887, 87.92, 600.00, 45, 2422, 12481, P0, 0
2026/08/17 13:04:12.211, 4, NVIDIA RTX PRO 6000 Blackwell Server Edition, 98, 63, 96825, 97887, 411.57, 600.00, 55, 2392, 12481, P0, 0
2026/08/17 13:04:12.212, 5, NVIDIA RTX PRO 6000 Blackwell Server Edition, 100, 1, 96741, 97887, 513.36, 600.00, 66, 2422, 12481, P0, 0
2026/08/17 13:04:12.212, 6, NVIDIA RTX PRO 6000 Blackwell Server Edition, 100, 14, 95811, 97887, 539.83, 600.00, 64, 2407, 12481, P0, 0
2026/08/17 13:04:12.213, 7, NVIDIA RTX PRO 6000 Blackwell Server Edition, 0, 0, 96045, 97887, 85.15, 600.00, 32, 2370, 12481, P0, 0
2026/08/17 13:04:17.213, 0, NVIDIA RTX PRO 6000 Blackwell Server Edition, 97, 58, 96743, 97887, 384.35, 600.00, 53, 2385, 12481, P0, 0
2026/08/17 13:04:17.214, 1, NVIDIA RTX PRO 6000 Blackwell Server Edition, 0, 0, 95739, 97887, 86.51, 600.00, 32, 2332, 12481, P0, 0
2026/08/17 13:04:17.214, 2, NVIDIA RTX PRO 6000 Blackwell Server Edition, 97, 60, 94399, 97887, 417.20, 600.00, 55, 2400, 12481, P0, 0
2026/08/17 13:04:17.215, 3, NVIDIA RTX PRO 6000 Blackwell Server Edition, 0, 0, 95827, 97887, 93.40, 600.00, 42, 2302, 12481, P0, 0
2026/08/17 13:04:17.215, 4, NVIDIA RTX PRO 6000 Blackwell Server Edition, 98, 59, 96825, 97887, 388.68, 600.00, 54, 2385, 12481, P0, 0
2026/08/17 13:04:17.215, 5, NVIDIA RTX PRO 6000 Blackwell Server Edition, 100, 1, 96741, 97887, 519.59, 600.00, 66, 2415, 12481, P0, 0
2026/08/17 13:04:17.216, 6, NVIDIA RTX PRO 6000 Blackwell Server Edition, 98, 63, 95811, 97887, 409.79, 600.00, 57, 2392, 12481, P0, 0
2026/08/17 13:04:17.216, 7, NVIDIA RTX PRO 6000 Blackwell Server Edition, 0, 0, 96045, 97887, 85.15, 600.00, 32, 2370, 12481, P0, 0
2026/08/17 13:04:22.217, 0, NVIDIA RTX PRO 6000 Blackwell Server Edition, 0, 0, 96743, 97887, 86.30, 600.00, 44, 2422, 12481, P0, 0
2026/08/17 13:04:22.217, 1, NVIDIA RTX PRO 6000 Blackwell Server Edition, 0, 0, 95739, 97887, 86.38, 600.00, 32, 2332, 12481, P0, 0
2026/08/17 13:04:22.218, 2, NVIDIA RTX PRO 6000 Blackwell Server Edition, 97, 56, 94399, 97887, 394.68, 600.00, 54, 2392, 12481, P0, 0
2026/08/17 13:04:22.218, 3, NVIDIA RTX PRO 6000 Blackwell Server Edition, 0, 0, 95827, 97887, 91.70, 600.00, 40, 2302, 12481, P0, 0
2026/08/17 13:04:22.219, 4, NVIDIA RTX PRO 6000 Blackwell Server Edition, 98, 59, 96825, 97887, 391.13, 600.00, 54, 2385, 12481, P0, 0
2026/08/17 13:04:22.219, 5, NVIDIA RTX PRO 6000 Blackwell Server Edition, 100, 1, 96741, 97887, 517.24, 600.00, 66, 2415, 12481, P0, 0
2026/08/17 13:04:22.220, 6, NVIDIA RTX PRO 6000 Blackwell Server Edition, 97, 63, 95811, 97887, 411.80, 600.00, 57, 2392, 12481, P0, 0
2026/08/17 13:04:22.220, 7, NVIDIA RTX PRO 6000 Blackwell Server Edition, 97, 55, 96045, 97887, 409.72, 600.00, 43, 2287, 12481, P0, 0
2026/08/17 13:04:27.221, 0, NVIDIA RTX PRO 6000 Blackwell Server Edition, 0, 0, 96743, 97887, 89.95, 600.00, 41, 2347, 12481, P0, 0
2026/08/17 13:04:27.221, 1, NVIDIA RTX PRO 6000 Blackwell Server Edition, 0, 0, 95739, 97887, 86.08, 600.00, 32, 2332, 12481, P0, 0
2026/08/17 13:04:27.222, 2, NVIDIA RTX PRO 6000 Blackwell Server Edition, 97, 56, 94399, 97887, 393.58, 600.00, 54, 2392, 12481, P0, 0
2026/08/17 13:04:27.222, 3, NVIDIA RTX PRO 6000 Blackwell Server Edition, 0, 0, 95827, 97887, 90.43, 600.00, 38, 2302, 12481, P0, 0
2026/08/17 13:04:27.222, 4, NVIDIA RTX PRO 6000 Blackwell Server Edition, 0, 0, 96825, 97887, 89.19, 600.00, 43, 2347, 12481, P0, 0
2026/08/17 13:04:27.223, 5, NVIDIA RTX PRO 6000 Blackwell Server Edition, 100, 1, 96741, 97887, 513.46, 600.00, 66, 2415, 12481, P0, 0
2026/08/17 13:04:27.224, 6, NVIDIA RTX PRO 6000 Blackwell Server Edition, 97, 63, 95811, 97887, 408.57, 600.00, 56, 2392, 12481, P0, 0
2026/08/17 13:04:27.224, 7, NVIDIA RTX PRO 6000 Blackwell Server Edition, 97, 56, 96045, 97887, 373.62, 600.00, 45, 2385, 12481, P0, 0
2026/08/17 13:04:32.225, 0, NVIDIA RTX PRO 6000 Blackwell Server Edition, 0, 0, 96743, 97887, 88.19, 600.00, 39, 2347, 12481, P0, 0
2026/08/17 13:04:32.225, 1, NVIDIA RTX PRO 6000 Blackwell Server Edition, 0, 0, 95739, 97887, 86.08, 600.00, 32, 2332, 12481, P0, 0
2026/08/17 13:04:32.226, 2, NVIDIA RTX PRO 6000 Blackwell Server Edition, 97, 56, 94399, 97887, 392.78, 600.00, 54, 2392, 12481, P0, 0
2026/08/17 13:04:32.226, 3, NVIDIA RTX PRO 6000 Blackwell Server Edition, 0, 0, 95827, 97887, 89.97, 600.00, 37, 2302, 12481, P0, 0
2026/08/17 13:04:32.227, 4, NVIDIA RTX PRO 6000 Blackwell Server Edition, 0, 0, 96825, 97887, 90.44, 600.00, 41, 2347, 12481, P0, 0
2026/08/17 13:04:32.227, 5, NVIDIA RTX PRO 6000 Blackwell Server Edition, 100, 1, 96741, 97887, 517.47, 600.00, 66, 2415, 12481, P0, 0
2026/08/17 13:04:32.227, 6, NVIDIA RTX PRO 6000 Blackwell Server Edition, 97, 57, 95811, 97887, 382.71, 600.00, 55, 2385, 12481, P0, 0
2026/08/17 13:04:32.228, 7, NVIDIA RTX PRO 6000 Blackwell Server Edition, 97, 56, 96045, 97887, 368.10, 600.00, 46, 2385, 12481, P0, 0
2026/08/17 13:04:37.229, 0, NVIDIA RTX PRO 6000 Blackwell Server Edition, 0, 0, 96743, 97887, 88.62, 600.00, 38, 2347, 12481, P0, 0
2026/08/17 13:04:37.229, 1, NVIDIA RTX PRO 6000 Blackwell Server Edition, 0, 0, 95739, 97887, 86.08, 600.00, 32, 2332, 12481, P0, 0
2026/08/17 13:04:37.231, 2, NVIDIA RTX PRO 6000 Blackwell Server Edition, 97, 56, 94399, 97887, 391.67, 600.00, 54, 2392, 12481, P0, 0
2026/08/17 13:04:37.231, 3, NVIDIA RTX PRO 6000 Blackwell Server Edition, 0, 0, 95827, 97887, 88.77, 600.00, 36, 2302, 12481, P0, 0
2026/08/17 13:04:37.232, 4, NVIDIA RTX PRO 6000 Blackwell Server Edition, 0, 0, 96825, 97887, 89.16, 600.00, 39, 2347, 12481, P0, 0
2026/08/17 13:04:37.232, 5, NVIDIA RTX PRO 6000 Blackwell Server Edition, 100, 1, 96741, 97887, 503.71, 600.00, 66, 2415, 12481, P0, 0
2026/08/17 13:04:37.232, 6, NVIDIA RTX PRO 6000 Blackwell Server Edition, 97, 57, 95811, 97887, 382.02, 600.00, 55, 2385, 12481, P0, 0
2026/08/17 13:04:37.233, 7, NVIDIA RTX PRO 6000 Blackwell Server Edition, 97, 56, 96045, 97887, 371.49, 600.00, 47, 2385, 12481, P0, 0
2026/08/17 13:04:42.233, 0, NVIDIA RTX PRO 6000 Blackwell Server Edition, 0, 0, 96743, 97887, 87.70, 600.00, 36, 2347, 12481, P0, 0
2026/08/17 13:04:42.234, 1, NVIDIA RTX PRO 6000 Blackwell Server Edition, 0, 0, 95739, 97887, 86.08, 600.00, 32, 2332, 12481, P0, 0
2026/08/17 13:04:42.234, 2, NVIDIA RTX PRO 6000 Blackwell Server Edition, 97, 56, 94399, 97887, 394.24, 600.00, 53, 2392, 12481, P0, 0
2026/08/17 13:04:42.235, 3, NVIDIA RTX PRO 6000 Blackwell Server Edition, 0, 0, 95827, 97887, 88.23, 600.00, 35, 2302, 12481, P0, 0
2026/08/17 13:04:42.236, 4, NVIDIA RTX PRO 6000 Blackwell Server Edition, 0, 0, 96825, 97887, 87.89, 600.00, 37, 2347, 12481, P0, 0
2026/08/17 13:04:42.236, 5, NVIDIA RTX PRO 6000 Blackwell Server Edition, 100, 1, 96741, 97887, 521.10, 600.00, 66, 2415, 12481, P0, 0
2026/08/17 13:04:42.237, 6, NVIDIA RTX PRO 6000 Blackwell Server Edition, 97, 57, 95811, 97887, 380.25, 600.00, 54, 2385, 12481, P0, 0
2026/08/17 13:04:42.237, 7, NVIDIA RTX PRO 6000 Blackwell Server Edition, 96, 56, 96045, 97887, 371.50, 600.00, 48, 2385, 12481, P0, 0
2026/08/17 13:04:47.238, 0, NVIDIA RTX PRO 6000 Blackwell Server Edition, 0, 0, 96743, 97887, 87.70, 600.00, 36, 2347, 12481, P0, 0
2026/08/17 13:04:47.238, 1, NVIDIA RTX PRO 6000 Blackwell Server Edition, 0, 0, 95739, 97887, 86.33, 600.00, 32, 2332, 12481, P0, 0
2026/08/17 13:04:47.239, 2, NVIDIA RTX PRO 6000 Blackwell Server Edition, 97, 57, 94399, 97887, 391.99, 600.00, 54, 2392, 12481, P0, 0
2026/08/17 13:04:47.239, 3, NVIDIA RTX PRO 6000 Blackwell Server Edition, 0, 0, 95827, 97887, 87.21, 600.00, 35, 2295, 12481, P0, 0
2026/08/17 13:04:47.239, 4, NVIDIA RTX PRO 6000 Blackwell Server Edition, 0, 0, 96825, 97887, 88.38, 600.00, 36, 2347, 12481, P0, 0
2026/08/17 13:04:47.240, 5, NVIDIA RTX PRO 6000 Blackwell Server Edition, 100, 1, 96741, 97887, 517.12, 600.00, 67, 2422, 12481, P0, 0
2026/08/17 13:04:47.240, 6, NVIDIA RTX PRO 6000 Blackwell Server Edition, 97, 57, 95811, 97887, 382.21, 600.00, 54, 2385, 12481, P0, 0
2026/08/17 13:04:47.240, 7, NVIDIA RTX PRO 6000 Blackwell Server Edition, 96, 56, 96045, 97887, 371.08, 600.00, 49, 2385, 12481, P0, 0
2026/08/17 13:04:52.241, 0, NVIDIA RTX PRO 6000 Blackwell Server Edition, 100, 33, 96743, 97887, 559.03, 600.00, 51, 2385, 12481, P0, 0
2026/08/17 13:04:52.243, 1, NVIDIA RTX PRO 6000 Blackwell Server Edition, 0, 0, 95739, 97887, 86.95, 600.00, 32, 2332, 12481, P0, 0
2026/08/17 13:04:52.243, 2, NVIDIA RTX PRO 6000 Blackwell Server Edition, 97, 57, 94399, 97887, 391.98, 600.00, 53, 2392, 12481, P0, 0
2026/08/17 13:04:52.243, 3, NVIDIA RTX PRO 6000 Blackwell Server Edition, 0, 0, 95827, 97887, 87.15, 600.00, 34, 2295, 12481, P0, 0
2026/08/17 13:04:52.244, 4, NVIDIA RTX PRO 6000 Blackwell Server Edition, 0, 0, 96825, 97887, 86.62, 600.00, 35, 2340, 12481, P0, 0
2026/08/17 13:04:52.244, 5, NVIDIA RTX PRO 6000 Blackwell Server Edition, 100, 1, 96741, 97887, 516.52, 600.00, 66, 2422, 12481, P0, 0
2026/08/17 13:04:52.244, 6, NVIDIA RTX PRO 6000 Blackwell Server Edition, 97, 57, 95811, 97887, 382.18, 600.00, 54, 2385, 12481, P0, 0
2026/08/17 13:04:52.245, 7, NVIDIA RTX PRO 6000 Blackwell Server Edition, 97, 55, 96045, 97887, 373.92, 600.00, 50, 2385, 12481, P0, 0
2026/08/17 13:04:57.245, 0, NVIDIA RTX PRO 6000 Blackwell Server Edition, 97, 57, 96743, 97887, 377.92, 600.00, 46, 2385, 12481, P0, 0
2026/08/17 13:04:57.246, 1, NVIDIA RTX PRO 6000 Blackwell Server Edition, 0, 0, 95739, 97887, 86.03, 600.00, 32, 2332, 12481, P0, 0
2026/08/17 13:04:57.246, 2, NVIDIA RTX PRO 6000 Blackwell Server Edition, 97, 57, 94399, 97887, 393.15, 600.00, 53, 2392, 12481, P0, 0
2026/08/17 13:04:57.247, 3, NVIDIA RTX PRO 6000 Blackwell Server Edition, 0, 0, 95827, 97887, 87.69, 600.00, 34, 2302, 12481, P0, 0
2026/08/17 13:04:57.247, 4, NVIDIA RTX PRO 6000 Blackwell Server Edition, 0, 0, 96825, 97887, 87.16, 600.00, 35, 2340, 12481, P0, 0
2026/08/17 13:04:57.247, 5, NVIDIA RTX PRO 6000 Blackwell Server Edition, 100, 24, 96741, 97887, 523.76, 600.00, 64, 2415, 12481, P0, 0
2026/08/17 13:04:57.248, 6, NVIDIA RTX PRO 6000 Blackwell Server Edition, 97, 58, 95811, 97887, 382.09, 600.00, 54, 2385, 12481, P0, 0
2026/08/17 13:04:57.248, 7, NVIDIA RTX PRO 6000 Blackwell Server Edition, 96, 56, 96045, 97887, 373.10, 600.00, 50, 2385, 12481, P0, 0
2026/08/17 13:05:02.249, 0, NVIDIA RTX PRO 6000 Blackwell Server Edition, 97, 57, 96743, 97887, 379.62, 600.00, 48, 2385, 12481, P0, 0
2026/08/17 13:05:02.250, 1, NVIDIA RTX PRO 6000 Blackwell Server Edition, 0, 0, 95739, 97887, 85.54, 600.00, 32, 2332, 12481, P0, 0
2026/08/17 13:05:02.250, 2, NVIDIA RTX PRO 6000 Blackwell Server Edition, 97, 57, 94399, 97887, 392.80, 600.00, 53, 2392, 12481, P0, 0
2026/08/17 13:05:02.251, 3, NVIDIA RTX PRO 6000 Blackwell Server Edition, 0, 0, 95827, 97887, 87.11, 600.00, 33, 2310, 12481, P0, 0
2026/08/17 13:05:02.251, 4, NVIDIA RTX PRO 6000 Blackwell Server Edition, 0, 0, 96825, 97887, 86.14, 600.00, 34, 2340, 12481, P0, 0
2026/08/17 13:05:02.251, 5, NVIDIA RTX PRO 6000 Blackwell Server Edition, 100, 1, 96741, 97887, 523.06, 600.00, 66, 2422, 12481, P0, 0
2026/08/17 13:05:02.252, 6, NVIDIA RTX PRO 6000 Blackwell Server Edition, 98, 58, 95811, 97887, 383.61, 600.00, 53, 2385, 12481, P0, 0
2026/08/17 13:05:02.252, 7, NVIDIA RTX PRO 6000 Blackwell Server Edition, 96, 56, 96045, 97887, 375.52, 600.00, 51, 2385, 12481, P0, 0
2026/08/17 13:05:07.253, 0, NVIDIA RTX PRO 6000 Blackwell Server Edition, 0, 0, 96743, 97887, 88.43, 600.00, 38, 2347, 12481, P0, 0
2026/08/17 13:05:07.253, 1, NVIDIA RTX PRO 6000 Blackwell Server Edition, 0, 0, 95739, 97887, 85.64, 600.00, 32, 2332, 12481, P0, 0
2026/08/17 13:05:07.253, 2, NVIDIA RTX PRO 6000 Blackwell Server Edition, 97, 57, 94399, 97887, 394.99, 600.00, 53, 2392, 12481, P0, 0
2026/08/17 13:05:07.254, 3, NVIDIA RTX PRO 6000 Blackwell Server Edition, 0, 0, 95827, 97887, 86.24, 600.00, 33, 2310, 12481, P0, 0
2026/08/17 13:05:07.254, 4, NVIDIA RTX PRO 6000 Blackwell Server Edition, 0, 0, 96825, 97887, 86.19, 600.00, 34, 2355, 12481, P0, 0
2026/08/17 13:05:07.254, 5, NVIDIA RTX PRO 6000 Blackwell Server Edition, 100, 1, 96741, 97887, 511.95, 600.00, 66, 2422, 12481, P0, 0
2026/08/17 13:05:07.255, 6, NVIDIA RTX PRO 6000 Blackwell Server Edition, 100, 13, 95811, 97887, 540.72, 600.00, 62, 2407, 12481, P0, 0
2026/08/17 13:05:07.255, 7, NVIDIA RTX PRO 6000 Blackwell Server Edition, 97, 56, 96045, 97887, 375.43, 600.00, 51, 2385, 12481, P0, 0
2026/08/17 13:05:12.256, 0, NVIDIA RTX PRO 6000 Blackwell Server Edition, 0, 0, 96743, 97887, 90.14, 600.00, 37, 2347, 12481, P0, 0
2026/08/17 13:05:12.256, 1, NVIDIA RTX PRO 6000 Blackwell Server Edition, 0, 0, 95739, 97887, 85.60, 600.00, 32, 2332, 12481, P0, 0
2026/08/17 13:05:12.256, 2, NVIDIA RTX PRO 6000 Blackwell Server Edition, 97, 57, 94399, 97887, 393.43, 600.00, 53, 2392, 12481, P0, 0
2026/08/17 13:05:12.257, 3, NVIDIA RTX PRO 6000 Blackwell Server Edition, 0, 0, 95827, 97887, 86.24, 600.00, 33, 2310, 12481, P0, 0
2026/08/17 13:05:12.257, 4, NVIDIA RTX PRO 6000 Blackwell Server Edition, 0, 0, 96825, 97887, 86.65, 600.00, 33, 2347, 12481, P0, 0
2026/08/17 13:05:12.257, 5, NVIDIA RTX PRO 6000 Blackwell Server Edition, 100, 1, 96741, 97887, 518.70, 600.00, 66, 2422, 12481, P0, 0
2026/08/17 13:05:12.258, 6, NVIDIA RTX PRO 6000 Blackwell Server Edition, 100, 22, 95811, 97887, 512.66, 600.00, 61, 2392, 12481, P0, 0
2026/08/17 13:05:12.258, 7, NVIDIA RTX PRO 6000 Blackwell Server Edition, 97, 56, 96045, 97887, 375.81, 600.00, 51, 2385, 12481, P0, 0
2026/08/17 13:05:17.259, 0, NVIDIA RTX PRO 6000 Blackwell Server Edition, 0, 0, 96743, 97887, 87.21, 600.00, 36, 2347, 12481, P0, 0
2026/08/17 13:05:17.259, 1, NVIDIA RTX PRO 6000 Blackwell Server Edition, 0, 0, 95739, 97887, 85.11, 600.00, 32, 2332, 12481, P0, 0
2026/08/17 13:05:17.260, 2, NVIDIA RTX PRO 6000 Blackwell Server Edition, 97, 57, 94399, 97887, 394.10, 600.00, 53, 2392, 12481, P0, 0
2026/08/17 13:05:17.260, 3, NVIDIA RTX PRO 6000 Blackwell Server Edition, 0, 0, 95827, 97887, 86.73, 600.00, 33, 2310, 12481, P0, 0
2026/08/17 13:05:17.261, 4, NVIDIA RTX PRO 6000 Blackwell Server Edition, 0, 0, 96825, 97887, 86.19, 600.00, 33, 2355, 12481, P0, 0
2026/08/17 13:05:17.261, 5, NVIDIA RTX PRO 6000 Blackwell Server Edition, 100, 3, 96741, 97887, 514.08, 600.00, 66, 2422, 12481, P0, 0
2026/08/17 13:05:17.261, 6, NVIDIA RTX PRO 6000 Blackwell Server Edition, 98, 64, 95811, 97887, 417.67, 600.00, 57, 2392, 12481, P0, 0
2026/08/17 13:05:17.262, 7, NVIDIA RTX PRO 6000 Blackwell Server Edition, 97, 56, 96045, 97887, 375.26, 600.00, 51, 2385, 12481, P0, 0
2026/08/17 13:05:22.262, 0, NVIDIA RTX PRO 6000 Blackwell Server Edition, 0, 0, 96743, 97887, 86.73, 600.00, 35, 2347, 12481, P0, 0
2026/08/17 13:05:22.263, 1, NVIDIA RTX PRO 6000 Blackwell Server Edition, 0, 0, 95739, 97887, 86.08, 600.00, 32, 2332, 12481, P0, 0
2026/08/17 13:05:22.263, 2, NVIDIA RTX PRO 6000 Blackwell Server Edition, 97, 57, 94399, 97887, 392.33, 600.00, 53, 2392, 12481, P0, 0
2026/08/17 13:05:22.263, 3, NVIDIA RTX PRO 6000 Blackwell Server Edition, 0, 0, 95827, 97887, 86.48, 600.00, 32, 2302, 12481, P0, 0
2026/08/17 13:05:22.264, 4, NVIDIA RTX PRO 6000 Blackwell Server Edition, 0, 0, 96825, 97887, 85.70, 600.00, 33, 2347, 12481, P0, 0
2026/08/17 13:05:22.264, 5, NVIDIA RTX PRO 6000 Blackwell Server Edition, 100, 1, 96741, 97887, 510.09, 600.00, 66, 2422, 12481, P0, 0
2026/08/17 13:05:22.264, 6, NVIDIA RTX PRO 6000 Blackwell Server Edition, 97, 64, 95811, 97887, 413.73, 600.00, 56, 2392, 12481, P0, 0
2026/08/17 13:05:22.265, 7, NVIDIA RTX PRO 6000 Blackwell Server Edition, 97, 57, 96045, 97887, 377.62, 600.00, 52, 2385, 12481, P0, 0
2026/08/17 13:05:27.266, 0, NVIDIA RTX PRO 6000 Blackwell Server Edition, 0, 0, 96743, 97887, 86.48, 600.00, 34, 2362, 12481, P0, 0
2026/08/17 13:05:27.266, 1, NVIDIA RTX PRO 6000 Blackwell Server Edition, 0, 0, 95739, 97887, 86.57, 600.00, 32, 2332, 12481, P0, 0
2026/08/17 13:05:27.266, 2, NVIDIA RTX PRO 6000 Blackwell Server Edition, 97, 57, 94399, 97887, 391.24, 600.00, 53, 2392, 12481, P0, 0
2026/08/17 13:05:27.268, 3, NVIDIA RTX PRO 6000 Blackwell Server Edition, 0, 0, 95827, 97887, 86.23, 600.00, 32, 2310, 12481, P0, 0
2026/08/17 13:05:27.268, 4, NVIDIA RTX PRO 6000 Blackwell Server Edition, 0, 0, 96825, 97887, 86.19, 600.00, 33, 2347, 12481, P0, 0
2026/08/17 13:05:27.269, 5, NVIDIA RTX PRO 6000 Blackwell Server Edition, 100, 6, 96741, 97887, 518.95, 600.00, 66, 2415, 12481, P0, 0
2026/08/17 13:05:27.269, 6, NVIDIA RTX PRO 6000 Blackwell Server Edition, 98, 64, 95811, 97887, 416.59, 600.00, 56, 2392, 12481, P0, 0
2026/08/17 13:05:27.270, 7, NVIDIA RTX PRO 6000 Blackwell Server Edition, 96, 56, 96045, 97887, 375.68, 600.00, 52, 2385, 12481, P0, 0
2026/08/17 13:05:32.271, 0, NVIDIA RTX PRO 6000 Blackwell Server Edition, 0, 0, 96743, 97887, 86.63, 600.00, 34, 2362, 12481, P0, 0
2026/08/17 13:05:32.271, 1, NVIDIA RTX PRO 6000 Blackwell Server Edition, 0, 0, 95739, 97887, 86.57, 600.00, 32, 2332, 12481, P0, 0
2026/08/17 13:05:32.271, 2, NVIDIA RTX PRO 6000 Blackwell Server Edition, 97, 57, 94399, 97887, 393.59, 600.00, 53, 2392, 12481, P0, 0
2026/08/17 13:05:32.272, 3, NVIDIA RTX PRO 6000 Blackwell Server Edition, 0, 0, 95827, 97887, 86.48, 600.00, 32, 2310, 12481, P0, 0
2026/08/17 13:05:32.272, 4, NVIDIA RTX PRO 6000 Blackwell Server Edition, 0, 0, 96825, 97887, 85.70, 600.00, 32, 2347, 12481, P0, 0
2026/08/17 13:05:32.272, 5, NVIDIA RTX PRO 6000 Blackwell Server Edition, 100, 1, 96741, 97887, 509.24, 600.00, 66, 2422, 12481, P0, 0
2026/08/17 13:05:32.273, 6, NVIDIA RTX PRO 6000 Blackwell Server Edition, 98, 57, 95811, 97887, 383.02, 600.00, 55, 2385, 12481, P0, 0
2026/08/17 13:05:32.273, 7, NVIDIA RTX PRO 6000 Blackwell Server Edition, 100, 42, 96045, 97887, 582.78, 600.00, 60, 2400, 12481, P0, 0
2026/08/17 13:05:37.274, 0, NVIDIA RTX PRO 6000 Blackwell Server Edition, 0, 0, 96743, 97887, 86.24, 600.00, 33, 2362, 12481, P0, 0
2026/08/17 13:05:37.274, 1, NVIDIA RTX PRO 6000 Blackwell Server Edition, 0, 0, 95739, 97887, 85.84, 600.00, 32, 2332, 12481, P0, 0
2026/08/17 13:05:37.276, 2, NVIDIA RTX PRO 6000 Blackwell Server Edition, 97, 57, 94399, 97887, 392.67, 600.00, 53, 2392, 12481, P0, 0
2026/08/17 13:05:37.276, 3, NVIDIA RTX PRO 6000 Blackwell Server Edition, 0, 0, 95827, 97887, 86.24, 600.00, 32, 2302, 12481, P0, 0
2026/08/17 13:05:37.277, 4, NVIDIA RTX PRO 6000 Blackwell Server Edition, 0, 0, 96825, 97887, 85.65, 600.00, 32, 2355, 12481, P0, 0
2026/08/17 13:05:37.277, 5, NVIDIA RTX PRO 6000 Blackwell Server Edition, 100, 1, 96741, 97887, 516.92, 600.00, 66, 2415, 12481, P0, 0
2026/08/17 13:05:37.277, 6, NVIDIA RTX PRO 6000 Blackwell Server Edition, 97, 57, 95811, 97887, 382.70, 600.00, 54, 2385, 12481, P0, 0
2026/08/17 13:05:37.278, 7, NVIDIA RTX PRO 6000 Blackwell Server Edition, 100, 33, 96045, 97887, 570.08, 600.00, 61, 2407, 12481, P0, 0
2026/08/17 13:05:42.279, 0, NVIDIA RTX PRO 6000 Blackwell Server Edition, 0, 0, 96743, 97887, 87.21, 600.00, 33, 2362, 12481, P0, 0
2026/08/17 13:05:42.279, 1, NVIDIA RTX PRO 6000 Blackwell Server Edition, 0, 0, 95739, 97887, 87.55, 600.00, 32, 2332, 12481, P0, 0
2026/08/17 13:05:42.279, 2, NVIDIA RTX PRO 6000 Blackwell Server Edition, 97, 57, 94399, 97887, 392.65, 600.00, 53, 2392, 12481, P0, 0
2026/08/17 13:05:42.280, 3, NVIDIA RTX PRO 6000 Blackwell Server Edition, 0, 0, 95827, 97887, 85.99, 600.00, 32, 2310, 12481, P0, 0
2026/08/17 13:05:42.280, 4, NVIDIA RTX PRO 6000 Blackwell Server Edition, 0, 0, 96825, 97887, 86.62, 600.00, 32, 2347, 12481, P0, 0
2026/08/17 13:05:42.280, 5, NVIDIA RTX PRO 6000 Blackwell Server Edition, 100, 1, 96741, 97887, 518.79, 600.00, 66, 2422, 12481, P0, 0
2026/08/17 13:05:42.281, 6, NVIDIA RTX PRO 6000 Blackwell Server Edition, 97, 57, 95811, 97887, 381.99, 600.00, 54, 2385, 12481, P0, 0
2026/08/17 13:05:42.281, 7, NVIDIA RTX PRO 6000 Blackwell Server Edition, 100, 24, 96045, 97887, 556.67, 600.00, 62, 2407, 12481, P0, 0
2026/08/17 13:05:47.282, 0, NVIDIA RTX PRO 6000 Blackwell Server Edition, 98, 57, 96743, 97887, 389.61, 600.00, 44, 2370, 12481, P0, 0
2026/08/17 13:05:47.282, 1, NVIDIA RTX PRO 6000 Blackwell Server Edition, 0, 0, 95739, 97887, 85.49, 600.00, 32, 2332, 12481, P0, 0
2026/08/17 13:05:47.283, 2, NVIDIA RTX PRO 6000 Blackwell Server Edition, 97, 57, 94399, 97887, 394.40, 600.00, 53, 2392, 12481, P0, 0
2026/08/17 13:05:47.283, 3, NVIDIA RTX PRO 6000 Blackwell Server Edition, 0, 0, 95827, 97887, 85.88, 600.00, 32, 2302, 12481, P0, 0
2026/08/17 13:05:47.284, 4, NVIDIA RTX PRO 6000 Blackwell Server Edition, 0, 0, 96825, 97887, 85.46, 600.00, 32, 2347, 12481, P0, 0
2026/08/17 13:05:47.284, 5, NVIDIA RTX PRO 6000 Blackwell Server Edition, 100, 1, 96741, 97887, 518.55, 600.00, 66, 2422, 12481, P0, 0
2026/08/17 13:05:47.284, 6, NVIDIA RTX PRO 6000 Blackwell Server Edition, 0, 0, 95811, 97887, 84.30, 600.00, 45, 2430, 12481, P0, 0
2026/08/17 13:05:47.285, 7, NVIDIA RTX PRO 6000 Blackwell Server Edition, 100, 38, 96045, 97887, 561.51, 600.00, 63, 2407, 12481, P0, 0
2026/08/17 13:05:52.285, 0, NVIDIA RTX PRO 6000 Blackwell Server Edition, 97, 57, 96743, 97887, 380.66, 600.00, 46, 2385, 12481, P0, 0
2026/08/17 13:05:52.286, 1, NVIDIA RTX PRO 6000 Blackwell Server Edition, 97, 55, 95739, 97887, 424.06, 600.00, 44, 2287, 12481, P0, 0
2026/08/17 13:05:52.286, 2, NVIDIA RTX PRO 6000 Blackwell Server Edition, 98, 57, 94399, 97887, 393.41, 600.00, 53, 2392, 12481, P0, 0
2026/08/17 13:05:52.287, 3, NVIDIA RTX PRO 6000 Blackwell Server Edition, 0, 0, 95827, 97887, 87.54, 600.00, 32, 2310, 12481, P0, 0
2026/08/17 13:05:52.287, 4, NVIDIA RTX PRO 6000 Blackwell Server Edition, 0, 0, 96825, 97887, 85.91, 600.00, 32, 2355, 12481, P0, 0
2026/08/17 13:05:52.287, 5, NVIDIA RTX PRO 6000 Blackwell Server Edition, 100, 1, 96741, 97887, 516.44, 600.00, 66, 2422, 12481, P0, 0
2026/08/17 13:05:52.288, 6, NVIDIA RTX PRO 6000 Blackwell Server Edition, 0, 0, 95811, 97887, 89.00, 600.00, 42, 2347, 12481, P0, 0
2026/08/17 13:05:52.288, 7, NVIDIA RTX PRO 6000 Blackwell Server Edition, 100, 38, 96045, 97887, 557.21, 600.00, 63, 2407, 12481, P0, 0
2026/08/17 13:05:57.289, 0, NVIDIA RTX PRO 6000 Blackwell Server Edition, 97, 57, 96743, 97887, 377.47, 600.00, 47, 2385, 12481, P0, 0
2026/08/17 13:05:57.289, 1, NVIDIA RTX PRO 6000 Blackwell Server Edition, 97, 56, 95739, 97887, 395.58, 600.00, 45, 2385, 12481, P0, 0
2026/08/17 13:05:57.290, 2, NVIDIA RTX PRO 6000 Blackwell Server Edition, 97, 57, 94399, 97887, 394.12, 600.00, 53, 2392, 12481, P0, 0
2026/08/17 13:05:57.291, 3, NVIDIA RTX PRO 6000 Blackwell Server Edition, 0, 0, 95827, 97887, 86.07, 600.00, 32, 2310, 12481, P0, 0
2026/08/17 13:05:57.291, 4, NVIDIA RTX PRO 6000 Blackwell Server Edition, 0, 0, 96825, 97887, 85.65, 600.00, 32, 2355, 12481, P0, 0
2026/08/17 13:05:57.291, 5, NVIDIA RTX PRO 6000 Blackwell Server Edition, 100, 13, 96741, 97887, 519.86, 600.00, 66, 2415, 12481, P0, 0
2026/08/17 13:05:57.292, 6, NVIDIA RTX PRO 6000 Blackwell Server Edition, 0, 0, 95811, 97887, 87.78, 600.00, 40, 2347, 12481, P0, 0
2026/08/17 13:05:57.292, 7, NVIDIA RTX PRO 6000 Blackwell Server Edition, 100, 17, 96045, 97887, 524.67, 600.00, 64, 2400, 12481, P0, 0
2026/08/17 13:06:02.293, 0, NVIDIA RTX PRO 6000 Blackwell Server Edition, 0, 0, 96743, 97887, 87.86, 600.00, 38, 2347, 12481, P0, 0
2026/08/17 13:06:02.293, 1, NVIDIA RTX PRO 6000 Blackwell Server Edition, 97, 56, 95739, 97887, 375.41, 600.00, 46, 2385, 12481, P0, 0
2026/08/17 13:06:02.294, 2, NVIDIA RTX PRO 6000 Blackwell Server Edition, 100, 23, 94399, 97887, 520.54, 600.00, 60, 2400, 12481, P0, 0
2026/08/17 13:06:02.294, 3, NVIDIA RTX PRO 6000 Blackwell Server Edition, 0, 0, 95827, 97887, 85.86, 600.00, 32, 2302, 12481, P0, 0
2026/08/17 13:06:02.294, 4, NVIDIA RTX PRO 6000 Blackwell Server Edition, 0, 0, 96825, 97887, 85.70, 600.00, 32, 2347, 12481, P0, 0
2026/08/17 13:06:02.295, 5, NVIDIA RTX PRO 6000 Blackwell Server Edition, 100, 1, 96741, 97887, 512.24, 600.00, 66, 2422, 12481, P0, 0
2026/08/17 13:06:02.295, 6, NVIDIA RTX PRO 6000 Blackwell Server Edition, 0, 0, 95811, 97887, 87.25, 600.00, 39, 2347, 12481, P0, 0
2026/08/17 13:06:02.296, 7, NVIDIA RTX PRO 6000 Blackwell Server Edition, 97, 57, 96045, 97887, 384.08, 600.00, 57, 2392, 12481, P0, 0
2026/08/17 13:06:07.296, 0, NVIDIA RTX PRO 6000 Blackwell Server Edition, 0, 0, 96743, 97887, 87.35, 600.00, 36, 2347, 12481, P0, 0
2026/08/17 13:06:07.297, 1, NVIDIA RTX PRO 6000 Blackwell Server Edition, 97, 56, 95739, 97887, 376.36, 600.00, 47, 2385, 12481, P0, 0
2026/08/17 13:06:07.301, 2, NVIDIA RTX PRO 6000 Blackwell Server Edition, 100, 35, 94399, 97887, 562.39, 600.00, 62, 2407, 12481, P0, 0
2026/08/17 13:06:07.302, 3, NVIDIA RTX PRO 6000 Blackwell Server Edition, 0, 0, 95827, 97887, 86.34, 600.00, 32, 2310, 12481, P0, 0
2026/08/17 13:06:07.302, 4, NVIDIA RTX PRO 6000 Blackwell Server Edition, 0, 0, 96825, 97887, 85.69, 600.00, 32, 2347, 12481, P0, 0
2026/08/17 13:06:07.302, 5, NVIDIA RTX PRO 6000 Blackwell Server Edition, 100, 1, 96741, 97887, 518.90, 600.00, 67, 2415, 12481, P0, 0
2026/08/17 13:06:07.302, 6, NVIDIA RTX PRO 6000 Blackwell Server Edition, 0, 0, 95811, 97887, 86.71, 600.00, 37, 2347, 12481, P0, 0
2026/08/17 13:06:07.303, 7, NVIDIA RTX PRO 6000 Blackwell Server Edition, 96, 56, 96045, 97887, 383.76, 600.00, 56, 2392, 12481, P0, 0
2026/08/17 13:06:12.303, 0, NVIDIA RTX PRO 6000 Blackwell Server Edition, 0, 0, 96743, 97887, 86.51, 600.00, 35, 2347, 12481, P0, 0
2026/08/17 13:06:12.305, 1, NVIDIA RTX PRO 6000 Blackwell Server Edition, 97, 56, 95739, 97887, 376.36, 600.00, 48, 2385, 12481, P0, 0
2026/08/17 13:06:12.308, 2, NVIDIA RTX PRO 6000 Blackwell Server Edition, 100, 19, 94399, 97887, 531.16, 600.00, 62, 2392, 12481, P0, 0
2026/08/17 13:06:12.309, 3, NVIDIA RTX PRO 6000 Blackwell Server Edition, 97, 57, 95827, 97887, 421.11, 600.00, 42, 2257, 12481, P0, 0
2026/08/17 13:06:12.312, 4, NVIDIA RTX PRO 6000 Blackwell Server Edition, 0, 0, 96825, 97887, 85.91, 600.00, 32, 2347, 12481, P0, 0
2026/08/17 13:06:12.313, 5, NVIDIA RTX PRO 6000 Blackwell Server Edition, 100, 9, 96741, 97887, 516.24, 600.00, 66, 2415, 12481, P0, 0
2026/08/17 13:06:12.314, 6, NVIDIA RTX PRO 6000 Blackwell Server Edition, 0, 0, 95811, 97887, 86.46, 600.00, 36, 2347, 12481, P0, 0
2026/08/17 13:06:12.316, 7, NVIDIA RTX PRO 6000 Blackwell Server Edition, 97, 56, 96045, 97887, 381.72, 600.00, 55, 2392, 12481, P0, 0
2026/08/17 13:06:17.317, 0, NVIDIA RTX PRO 6000 Blackwell Server Edition, 0, 0, 96743, 97887, 86.65, 600.00, 34, 2347, 12481, P0, 0
2026/08/17 13:06:17.317, 1, NVIDIA RTX PRO 6000 Blackwell Server Edition, 98, 56, 95739, 97887, 378.31, 600.00, 49, 2385, 12481, P0, 0
2026/08/17 13:06:17.318, 2, NVIDIA RTX PRO 6000 Blackwell Server Edition, 97, 57, 94399, 97887, 397.52, 600.00, 56, 2392, 12481, P0, 0
2026/08/17 13:06:17.318, 3, NVIDIA RTX PRO 6000 Blackwell Server Edition, 0, 0, 95827, 97887, 88.18, 600.00, 35, 2302, 12481, P0, 0
2026/08/17 13:06:17.319, 4, NVIDIA RTX PRO 6000 Blackwell Server Edition, 100, 26, 96825, 97887, 520.92, 600.00, 48, 2407, 12481, P0, 0
2026/08/17 13:06:17.319, 5, NVIDIA RTX PRO 6000 Blackwell Server Edition, 100, 1, 96741, 97887, 513.76, 600.00, 67, 2422, 12481, P0, 0
2026/08/17 13:06:17.319, 6, NVIDIA RTX PRO 6000 Blackwell Server Edition, 0, 0, 95811, 97887, 85.50, 600.00, 35, 2347, 12481, P0, 0
2026/08/17 13:06:17.320, 7, NVIDIA RTX PRO 6000 Blackwell Server Edition, 97, 56, 96045, 97887, 381.73, 600.00, 54, 2392, 12481, P0, 0
2026/08/17 13:06:22.320, 0, NVIDIA RTX PRO 6000 Blackwell Server Edition, 0, 0, 96743, 97887, 86.18, 600.00, 34, 2355, 12481, P0, 0
2026/08/17 13:06:22.321, 1, NVIDIA RTX PRO 6000 Blackwell Server Edition, 97, 56, 95739, 97887, 377.71, 600.00, 49, 2385, 12481, P0, 0
2026/08/17 13:06:22.321, 2, NVIDIA RTX PRO 6000 Blackwell Server Edition, 97, 57, 94399, 97887, 397.33, 600.00, 55, 2392, 12481, P0, 0
2026/08/17 13:06:22.322, 3, NVIDIA RTX PRO 6000 Blackwell Server Edition, 0, 0, 95827, 97887, 87.13, 600.00, 34, 2310, 12481, P0, 0
2026/08/17 13:06:22.322, 4, NVIDIA RTX PRO 6000 Blackwell Server Edition, 100, 17, 96825, 97887, 540.79, 600.00, 55, 2407, 12481, P0, 0
2026/08/17 13:06:22.322, 5, NVIDIA RTX PRO 6000 Blackwell Server Edition, 100, 1, 96741, 97887, 517.51, 600.00, 66, 2422, 12481, P0, 0
2026/08/17 13:06:22.323, 6, NVIDIA RTX PRO 6000 Blackwell Server Edition, 0, 0, 95811, 97887, 85.49, 600.00, 35, 2347, 12481, P0, 0
2026/08/17 13:06:22.323, 7, NVIDIA RTX PRO 6000 Blackwell Server Edition, 96, 56, 96045, 97887, 381.01, 600.00, 54, 2392, 12481, P0, 0
2026/08/17 13:06:27.324, 0, NVIDIA RTX PRO 6000 Blackwell Server Edition, 0, 0, 96743, 97887, 85.89, 600.00, 33, 2362, 12481, P0, 0
2026/08/17 13:06:27.325, 1, NVIDIA RTX PRO 6000 Blackwell Server Edition, 97, 56, 95739, 97887, 380.78, 600.00, 50, 2385, 12481, P0, 0
2026/08/17 13:06:27.325, 2, NVIDIA RTX PRO 6000 Blackwell Server Edition, 97, 57, 94399, 97887, 394.99, 600.00, 55, 2385, 12481, P0, 0
2026/08/17 13:06:27.326, 3, NVIDIA RTX PRO 6000 Blackwell Server Edition, 0, 0, 95827, 97887, 86.94, 600.00, 33, 2310, 12481, P0, 0
2026/08/17 13:06:27.326, 4, NVIDIA RTX PRO 6000 Blackwell Server Edition, 98, 60, 96825, 97887, 427.20, 600.00, 49, 2377, 12481, P0, 0
2026/08/17 13:06:27.326, 5, NVIDIA RTX PRO 6000 Blackwell Server Edition, 100, 36, 96741, 97887, 523.49, 600.00, 65, 2415, 12481, P0, 0
2026/08/17 13:06:27.327, 6, NVIDIA RTX PRO 6000 Blackwell Server Edition, 0, 0, 95811, 97887, 85.00, 600.00, 34, 2340, 12481, P0, 0
2026/08/17 13:06:27.327, 7, NVIDIA RTX PRO 6000 Blackwell Server Edition, 97, 56, 96045, 97887, 380.39, 600.00, 54, 2392, 12481, P0, 0
2026/08/17 13:06:32.328, 0, NVIDIA RTX PRO 6000 Blackwell Server Edition, 0, 0, 96743, 97887, 86.37, 600.00, 33, 2362, 12481, P0, 0
2026/08/17 13:06:32.328, 1, NVIDIA RTX PRO 6000 Blackwell Server Edition, 100, 27, 95739, 97887, 550.35, 600.00, 58, 2407, 12481, P0, 0
2026/08/17 13:06:32.329, 2, NVIDIA RTX PRO 6000 Blackwell Server Edition, 97, 57, 94399, 97887, 397.12, 600.00, 54, 2392, 12481, P0, 0
2026/08/17 13:06:32.329, 3, NVIDIA RTX PRO 6000 Blackwell Server Edition, 0, 0, 95827, 97887, 86.07, 600.00, 33, 2302, 12481, P0, 0
2026/08/17 13:06:32.329, 4, NVIDIA RTX PRO 6000 Blackwell Server Edition, 0, 0, 96825, 97887, 89.60, 600.00, 39, 2347, 12481, P0, 0
2026/08/17 13:06:32.329, 5, NVIDIA RTX PRO 6000 Blackwell Server Edition, 100, 1, 96741, 97887, 518.04, 600.00, 66, 2415, 12481, P0, 0
2026/08/17 13:06:32.330, 6, NVIDIA RTX PRO 6000 Blackwell Server Edition, 0, 0, 95811, 97887, 85.00, 600.00, 34, 2347, 12481, P0, 0
2026/08/17 13:06:32.330, 7, NVIDIA RTX PRO 6000 Blackwell Server Edition, 97, 57, 96045, 97887, 379.05, 600.00, 54, 2385, 12481, P0, 0
2026/08/17 13:06:37.331, 0, NVIDIA RTX PRO 6000 Blackwell Server Edition, 0, 0, 96743, 97887, 85.64, 600.00, 33, 2362, 12481, P0, 0
2026/08/17 13:06:37.331, 1, NVIDIA RTX PRO 6000 Blackwell Server Edition, 97, 62, 95739, 97887, 406.75, 600.00, 52, 2392, 12481, P0, 0
2026/08/17 13:06:37.332, 2, NVIDIA RTX PRO 6000 Blackwell Server Edition, 97, 57, 94399, 97887, 396.38, 600.00, 54, 2385, 12481, P0, 0
2026/08/17 13:06:37.332, 3, NVIDIA RTX PRO 6000 Blackwell Server Edition, 0, 0, 95827, 97887, 87.10, 600.00, 33, 2310, 12481, P0, 0
2026/08/17 13:06:37.333, 4, NVIDIA RTX PRO 6000 Blackwell Server Edition, 0, 0, 96825, 97887, 89.11, 600.00, 37, 2347, 12481, P0, 0
2026/08/17 13:06:37.333, 5, NVIDIA RTX PRO 6000 Blackwell Server Edition, 100, 1, 96741, 97887, 511.06, 600.00, 66, 2422, 12481, P0, 0
2026/08/17 13:06:37.333, 6, NVIDIA RTX PRO 6000 Blackwell Server Edition, 0, 0, 95811, 97887, 84.57, 600.00, 34, 2355, 12481, P0, 0
2026/08/17 13:06:37.334, 7, NVIDIA RTX PRO 6000 Blackwell Server Edition, 97, 57, 96045, 97887, 377.27, 600.00, 54, 2385, 12481, P0, 0
2026/08/17 13:06:42.334, 0, NVIDIA RTX PRO 6000 Blackwell Server Edition, 0, 0, 96743, 97887, 85.81, 600.00, 33, 2362, 12481, P0, 0
2026/08/17 13:06:42.335, 1, NVIDIA RTX PRO 6000 Blackwell Server Edition, 97, 62, 95739, 97887, 407.64, 600.00, 52, 2392, 12481, P0, 0
2026/08/17 13:06:42.335, 2, NVIDIA RTX PRO 6000 Blackwell Server Edition, 97, 57, 94399, 97887, 396.02, 600.00, 54, 2385, 12481, P0, 0
2026/08/17 13:06:42.336, 3, NVIDIA RTX PRO 6000 Blackwell Server Edition, 0, 0, 95827, 97887, 86.67, 600.00, 32, 2310, 12481, P0, 0
2026/08/17 13:06:42.336, 4, NVIDIA RTX PRO 6000 Blackwell Server Edition, 0, 0, 96825, 97887, 88.08, 600.00, 36, 2347, 12481, P0, 0
2026/08/17 13:06:42.336, 5, NVIDIA RTX PRO 6000 Blackwell Server Edition, 100, 1, 96741, 97887, 503.34, 600.00, 66, 2422, 12481, P0, 0
2026/08/17 13:06:42.336, 6, NVIDIA RTX PRO 6000 Blackwell Server Edition, 97, 56, 95811, 97887, 369.07, 600.00, 45, 2385, 12481, P0, 0
2026/08/17 13:06:42.337, 7, NVIDIA RTX PRO 6000 Blackwell Server Edition, 97, 57, 96045, 97887, 379.54, 600.00, 53, 2385, 12481, P0, 0
2026/08/17 13:06:47.338, 0, NVIDIA RTX PRO 6000 Blackwell Server Edition, 0, 0, 96743, 97887, 85.15, 600.00, 32, 2362, 12481, P0, 0
2026/08/17 13:06:47.338, 1, NVIDIA RTX PRO 6000 Blackwell Server Edition, 97, 62, 95739, 97887, 406.22, 600.00, 53, 2392, 12481, P0, 0
2026/08/17 13:06:47.339, 2, NVIDIA RTX PRO 6000 Blackwell Server Edition, 97, 57, 94399, 97887, 393.92, 600.00, 54, 2385, 12481, P0, 0
2026/08/17 13:06:47.340, 3, NVIDIA RTX PRO 6000 Blackwell Server Edition, 0, 0, 95827, 97887, 86.37, 600.00, 32, 2302, 12481, P0, 0
2026/08/17 13:06:47.340, 4, NVIDIA RTX PRO 6000 Blackwell Server Edition, 0, 0, 96825, 97887, 87.60, 600.00, 35, 2347, 12481, P0, 0
2026/08/17 13:06:47.340, 5, NVIDIA RTX PRO 6000 Blackwell Server Edition, 100, 1, 96741, 97887, 513.44, 600.00, 66, 2422, 12481, P0, 0
2026/08/17 13:06:47.341, 6, NVIDIA RTX PRO 6000 Blackwell Server Edition, 97, 56, 95811, 97887, 370.79, 600.00, 46, 2385, 12481, P0, 0
2026/08/17 13:06:47.341, 7, NVIDIA RTX PRO 6000 Blackwell Server Edition, 97, 60, 96045, 97887, 419.60, 600.00, 54, 2400, 12481, P0, 0
2026/08/17 13:06:52.342, 0, NVIDIA RTX PRO 6000 Blackwell Server Edition, 97, 56, 96743, 97887, 445.01, 600.00, 43, 2280, 12481, P0, 0
2026/08/17 13:06:52.343, 1, NVIDIA RTX PRO 6000 Blackwell Server Edition, 97, 62, 95739, 97887, 406.02, 600.00, 53, 2392, 12481, P0, 0
2026/08/17 13:06:52.343, 2, NVIDIA RTX PRO 6000 Blackwell Server Edition, 97, 57, 94399, 97887, 394.20, 600.00, 54, 2392, 12481, P0, 0
2026/08/17 13:06:52.343, 3, NVIDIA RTX PRO 6000 Blackwell Server Edition, 0, 0, 95827, 97887, 86.10, 600.00, 32, 2302, 12481, P0, 0
2026/08/17 13:06:52.344, 4, NVIDIA RTX PRO 6000 Blackwell Server Edition, 0, 0, 96825, 97887, 87.16, 600.00, 34, 2340, 12481, P0, 0
2026/08/17 13:06:52.344, 5, NVIDIA RTX PRO 6000 Blackwell Server Edition, 100, 1, 96741, 97887, 517.74, 600.00, 66, 2422, 12481, P0, 0
2026/08/17 13:06:52.344, 6, NVIDIA RTX PRO 6000 Blackwell Server Edition, 0, 0, 95811, 97887, 87.04, 600.00, 39, 2347, 12481, P0, 0
2026/08/17 13:06:52.345, 7, NVIDIA RTX PRO 6000 Blackwell Server Edition, 97, 57, 96045, 97887, 377.49, 600.00, 53, 2385, 12481, P0, 0
2026/08/17 13:06:57.345, 0, NVIDIA RTX PRO 6000 Blackwell Server Edition, 0, 0, 96743, 97887, 86.62, 600.00, 34, 2347, 12481, P0, 0
2026/08/17 13:06:57.346, 1, NVIDIA RTX PRO 6000 Blackwell Server Edition, 97, 62, 95739, 97887, 408.63, 600.00, 53, 2392, 12481, P0, 0
2026/08/17 13:06:57.346, 2, NVIDIA RTX PRO 6000 Blackwell Server Edition, 97, 57, 94399, 97887, 395.29, 600.00, 53, 2392, 12481, P0, 0
2026/08/17 13:06:57.347, 3, NVIDIA RTX PRO 6000 Blackwell Server Edition, 0, 0, 95827, 97887, 86.12, 600.00, 32, 2302, 12481, P0, 0
2026/08/17 13:06:57.347, 4, NVIDIA RTX PRO 6000 Blackwell Server Edition, 0, 0, 96825, 97887, 86.68, 600.00, 34, 2340, 12481, P0, 0
2026/08/17 13:06:57.348, 5, NVIDIA RTX PRO 6000 Blackwell Server Edition, 100, 1, 96741, 97887, 521.40, 600.00, 66, 2422, 12481, P0, 0
2026/08/17 13:06:57.348, 6, NVIDIA RTX PRO 6000 Blackwell Server Edition, 0, 0, 95811, 97887, 86.25, 600.00, 37, 2347, 12481, P0, 0
2026/08/17 13:06:57.348, 7, NVIDIA RTX PRO 6000 Blackwell Server Edition, 97, 56, 96045, 97887, 377.23, 600.00, 53, 2385, 12481, P0, 0
2026/08/17 13:07:02.349, 0, NVIDIA RTX PRO 6000 Blackwell Server Edition, 0, 0, 96743, 97887, 85.89, 600.00, 34, 2362, 12481, P0, 0
2026/08/17 13:07:02.349, 1, NVIDIA RTX PRO 6000 Blackwell Server Edition, 97, 62, 95739, 97887, 407.23, 600.00, 53, 2392, 12481, P0, 0
2026/08/17 13:07:02.350, 2, NVIDIA RTX PRO 6000 Blackwell Server Edition, 97, 57, 94399, 97887, 394.21, 600.00, 53, 2392, 12481, P0, 0
2026/08/17 13:07:02.351, 3, NVIDIA RTX PRO 6000 Blackwell Server Edition, 0, 0, 95827, 97887, 86.12, 600.00, 32, 2310, 12481, P0, 0
2026/08/17 13:07:02.351, 4, NVIDIA RTX PRO 6000 Blackwell Server Edition, 0, 0, 96825, 97887, 86.19, 600.00, 33, 2355, 12481, P0, 0
2026/08/17 13:07:02.351, 5, NVIDIA RTX PRO 6000 Blackwell Server Edition, 100, 1, 96741, 97887, 524.08, 600.00, 67, 2422, 12481, P0, 0
2026/08/17 13:07:02.351, 6, NVIDIA RTX PRO 6000 Blackwell Server Edition, 0, 0, 95811, 97887, 86.25, 600.00, 36, 2347, 12481, P0, 0
2026/08/17 13:07:02.352, 7, NVIDIA RTX PRO 6000 Blackwell Server Edition, 97, 57, 96045, 97887, 377.80, 600.00, 53, 2385, 12481, P0, 0
2026/08/17 13:07:07.352, 0, NVIDIA RTX PRO 6000 Blackwell Server Edition, 0, 0, 96743, 97887, 85.89, 600.00, 33, 2362, 12481, P0, 0
2026/08/17 13:07:07.353, 1, NVIDIA RTX PRO 6000 Blackwell Server Edition, 97, 62, 95739, 97887, 408.40, 600.00, 53, 2392, 12481, P0, 0
2026/08/17 13:07:07.353, 2, NVIDIA RTX PRO 6000 Blackwell Server Edition, 98, 57, 94399, 97887, 393.72, 600.00, 53, 2385, 12481, P0, 0
2026/08/17 13:07:07.354, 3, NVIDIA RTX PRO 6000 Blackwell Server Edition, 0, 0, 95827, 97887, 85.64, 600.00, 32, 2302, 12481, P0, 0
2026/08/17 13:07:07.354, 4, NVIDIA RTX PRO 6000 Blackwell Server Edition, 0, 0, 96825, 97887, 85.46, 600.00, 33, 2355, 12481, P0, 0
2026/08/17 13:07:07.354, 5, NVIDIA RTX PRO 6000 Blackwell Server Edition, 100, 1, 96741, 97887, 513.40, 600.00, 65, 2422, 12481, P0, 0
2026/08/17 13:07:07.355, 6, NVIDIA RTX PRO 6000 Blackwell Server Edition, 0, 0, 95811, 97887, 85.54, 600.00, 35, 2347, 12481, P0, 0
2026/08/17 13:07:07.355, 7, NVIDIA RTX PRO 6000 Blackwell Server Edition, 97, 57, 96045, 97887, 380.74, 600.00, 53, 2385, 12481, P0, 0
2026/08/17 13:07:12.356, 0, NVIDIA RTX PRO 6000 Blackwell Server Edition, 0, 0, 96743, 97887, 85.15, 600.00, 33, 2362, 12481, P0, 0
2026/08/17 13:07:12.356, 1, NVIDIA RTX PRO 6000 Blackwell Server Edition, 100, 34, 95739, 97887, 431.32, 600.00, 57, 2385, 12481, P0, 0
2026/08/17 13:07:12.357, 2, NVIDIA RTX PRO 6000 Blackwell Server Edition, 97, 57, 94399, 97887, 394.76, 600.00, 53, 2392, 12481, P0, 0
2026/08/17 13:07:12.357, 3, NVIDIA RTX PRO 6000 Blackwell Server Edition, 0, 0, 95827, 97887, 86.13, 600.00, 32, 2302, 12481, P0, 0
2026/08/17 13:07:12.357, 4, NVIDIA RTX PRO 6000 Blackwell Server Edition, 0, 0, 96825, 97887, 86.43, 600.00, 33, 2355, 12481, P0, 0
2026/08/17 13:07:12.358, 5, NVIDIA RTX PRO 6000 Blackwell Server Edition, 100, 1, 96741, 97887, 515.43, 600.00, 65, 2422, 12481, P0, 0
2026/08/17 13:07:12.358, 6, NVIDIA RTX PRO 6000 Blackwell Server Edition, 0, 0, 95811, 97887, 85.30, 600.00, 34, 2340, 12481, P0, 0
2026/08/17 13:07:12.358, 7, NVIDIA RTX PRO 6000 Blackwell Server Edition, 97, 57, 96045, 97887, 380.12, 600.00, 53, 2385, 12481, P0, 0
2026/08/17 13:07:17.359, 0, NVIDIA RTX PRO 6000 Blackwell Server Edition, 0, 0, 96743, 97887, 85.64, 600.00, 33, 2362, 12481, P0, 0
2026/08/17 13:07:17.359, 1, NVIDIA RTX PRO 6000 Blackwell Server Edition, 97, 62, 95739, 97887, 408.15, 600.00, 54, 2392, 12481, P0, 0
2026/08/17 13:07:17.360, 2, NVIDIA RTX PRO 6000 Blackwell Server Edition, 97, 57, 94399, 97887, 395.30, 600.00, 53, 2392, 12481, P0, 0
2026/08/17 13:07:17.361, 3, NVIDIA RTX PRO 6000 Blackwell Server Edition, 0, 0, 95827, 97887, 86.37, 600.00, 32, 2310, 12481, P0, 0
2026/08/17 13:07:17.361, 4, NVIDIA RTX PRO 6000 Blackwell Server Edition, 0, 0, 96825, 97887, 85.94, 600.00, 33, 2355, 12481, P0, 0
2026/08/17 13:07:17.361, 5, NVIDIA RTX PRO 6000 Blackwell Server Edition, 100, 1, 96741, 97887, 513.29, 600.00, 67, 2422, 12481, P0, 0
2026/08/17 13:07:17.361, 6, NVIDIA RTX PRO 6000 Blackwell Server Edition, 0, 0, 95811, 97887, 85.49, 600.00, 34, 2347, 12481, P0, 0
2026/08/17 13:07:17.362, 7, NVIDIA RTX PRO 6000 Blackwell Server Edition, 97, 57, 96045, 97887, 379.98, 600.00, 53, 2385, 12481, P0, 0
2026/08/17 13:07:22.363, 0, NVIDIA RTX PRO 6000 Blackwell Server Edition, 0, 0, 96743, 97887, 85.06, 600.00, 32, 2362, 12481, P0, 0
2026/08/17 13:07:22.363, 1, NVIDIA RTX PRO 6000 Blackwell Server Edition, 98, 62, 95739, 97887, 406.61, 600.00, 54, 2392, 12481, P0, 0
2026/08/17 13:07:22.363, 2, NVIDIA RTX PRO 6000 Blackwell Server Edition, 100, 36, 94399, 97887, 461.76, 600.00, 59, 2385, 12481, P0, 0
2026/08/17 13:07:22.364, 3, NVIDIA RTX PRO 6000 Blackwell Server Edition, 0, 0, 95827, 97887, 85.64, 600.00, 32, 2302, 12481, P0, 0
2026/08/17 13:07:22.364, 4, NVIDIA RTX PRO 6000 Blackwell Server Edition, 0, 0, 96825, 97887, 85.24, 600.00, 32, 2355, 12481, P0, 0
2026/08/17 13:07:22.364, 5, NVIDIA RTX PRO 6000 Blackwell Server Edition, 100, 1, 96741, 97887, 506.80, 600.00, 66, 2422, 12481, P0, 0
2026/08/17 13:07:22.365, 6, NVIDIA RTX PRO 6000 Blackwell Server Edition, 0, 0, 95811, 97887, 85.05, 600.00, 33, 2347, 12481, P0, 0
2026/08/17 13:07:22.365, 7, NVIDIA RTX PRO 6000 Blackwell Server Edition, 0, 0, 96045, 97887, 178.56, 600.00, 45, 2430, 12481, P0, 0
2026/08/17 13:07:27.365, 0, NVIDIA RTX PRO 6000 Blackwell Server Edition, 0, 0, 96743, 97887, 85.57, 600.00, 32, 2362, 12481, P0, 0
2026/08/17 13:07:27.366, 1, NVIDIA RTX PRO 6000 Blackwell Server Edition, 98, 62, 95739, 97887, 410.06, 600.00, 54, 2392, 12481, P0, 0
2026/08/17 13:07:27.366, 2, NVIDIA RTX PRO 6000 Blackwell Server Edition, 97, 61, 94399, 97887, 415.90, 600.00, 54, 2400, 12481, P0, 0
2026/08/17 13:07:27.367, 3, NVIDIA RTX PRO 6000 Blackwell Server Edition, 0, 0, 95827, 97887, 86.07, 600.00, 32, 2302, 12481, P0, 0
2026/08/17 13:07:27.367, 4, NVIDIA RTX PRO 6000 Blackwell Server Edition, 0, 0, 96825, 97887, 86.68, 600.00, 32, 2355, 12481, P0, 0
2026/08/17 13:07:27.367, 5, NVIDIA RTX PRO 6000 Blackwell Server Edition, 100, 1, 96741, 97887, 516.82, 600.00, 66, 2422, 12481, P0, 0
2026/08/17 13:07:27.368, 6, NVIDIA RTX PRO 6000 Blackwell Server Edition, 0, 0, 95811, 97887, 84.81, 600.00, 33, 2347, 12481, P0, 0
2026/08/17 13:07:27.368, 7, NVIDIA RTX PRO 6000 Blackwell Server Edition, 0, 0, 96045, 97887, 89.30, 600.00, 42, 2355, 12481, P0, 0
2026/08/17 13:07:32.369, 0, NVIDIA RTX PRO 6000 Blackwell Server Edition, 0, 0, 96743, 97887, 86.03, 600.00, 32, 2362, 12481, P0, 0
2026/08/17 13:07:32.369, 1, NVIDIA RTX PRO 6000 Blackwell Server Edition, 97, 62, 95739, 97887, 407.78, 600.00, 54, 2392, 12481, P0, 0
2026/08/17 13:07:32.370, 2, NVIDIA RTX PRO 6000 Blackwell Server Edition, 97, 61, 94399, 97887, 528.12, 600.00, 56, 2385, 12481, P0, 0
2026/08/17 13:07:32.370, 3, NVIDIA RTX PRO 6000 Blackwell Server Edition, 0, 0, 95827, 97887, 86.07, 600.00, 32, 2302, 12481, P0, 0
2026/08/17 13:07:32.370, 4, NVIDIA RTX PRO 6000 Blackwell Server Edition, 0, 0, 96825, 97887, 85.48, 600.00, 32, 2355, 12481, P0, 0
2026/08/17 13:07:32.371, 5, NVIDIA RTX PRO 6000 Blackwell Server Edition, 100, 1, 96741, 97887, 509.32, 600.00, 66, 2422, 12481, P0, 0
2026/08/17 13:07:32.371, 6, NVIDIA RTX PRO 6000 Blackwell Server Edition, 0, 0, 95811, 97887, 84.56, 600.00, 33, 2347, 12481, P0, 0
2026/08/17 13:07:32.371, 7, NVIDIA RTX PRO 6000 Blackwell Server Edition, 0, 0, 96045, 97887, 88.23, 600.00, 40, 2355, 12481, P0, 0
2026/08/17 13:07:37.372, 0, NVIDIA RTX PRO 6000 Blackwell Server Edition, 0, 0, 96743, 97887, 84.57, 600.00, 32, 2362, 12481, P0, 0
2026/08/17 13:07:37.372, 1, NVIDIA RTX PRO 6000 Blackwell Server Edition, 97, 60, 95739, 97887, 402.85, 600.00, 54, 2392, 12481, P0, 0
2026/08/17 13:07:37.373, 2, NVIDIA RTX PRO 6000 Blackwell Server Edition, 98, 62, 94399, 97887, 419.02, 600.00, 55, 2400, 12481, P0, 0
2026/08/17 13:07:37.373, 3, NVIDIA RTX PRO 6000 Blackwell Server Edition, 0, 0, 95827, 97887, 86.36, 600.00, 32, 2302, 12481, P0, 0
2026/08/17 13:07:37.374, 4, NVIDIA RTX PRO 6000 Blackwell Server Edition, 0, 0, 96825, 97887, 85.70, 600.00, 32, 2355, 12481, P0, 0
2026/08/17 13:07:37.374, 5, NVIDIA RTX PRO 6000 Blackwell Server Edition, 100, 1, 96741, 97887, 510.21, 600.00, 66, 2415, 12481, P0, 0
2026/08/17 13:07:37.375, 6, NVIDIA RTX PRO 6000 Blackwell Server Edition, 0, 0, 95811, 97887, 84.81, 600.00, 33, 2347, 12481, P0, 0
2026/08/17 13:07:37.375, 7, NVIDIA RTX PRO 6000 Blackwell Server Edition, 0, 0, 96045, 97887, 88.72, 600.00, 38, 2355, 12481, P0, 0
2026/08/17 13:07:42.375, 0, NVIDIA RTX PRO 6000 Blackwell Server Edition, 0, 0, 96743, 97887, 85.50, 600.00, 32, 2362, 12481, P0, 0
2026/08/17 13:07:42.376, 1, NVIDIA RTX PRO 6000 Blackwell Server Edition, 97, 60, 95739, 97887, 404.23, 600.00, 53, 2392, 12481, P0, 0
2026/08/17 13:07:42.376, 2, NVIDIA RTX PRO 6000 Blackwell Server Edition, 97, 61, 94399, 97887, 417.79, 600.00, 55, 2400, 12481, P0, 0
2026/08/17 13:07:42.377, 3, NVIDIA RTX PRO 6000 Blackwell Server Edition, 97, 55, 95827, 97887, 397.49, 600.00, 44, 2355, 12481, P0, 0
2026/08/17 13:07:42.377, 4, NVIDIA RTX PRO 6000 Blackwell Server Edition, 0, 0, 96825, 97887, 85.46, 600.00, 32, 2355, 12481, P0, 0
2026/08/17 13:07:42.378, 5, NVIDIA RTX PRO 6000 Blackwell Server Edition, 100, 1, 96741, 97887, 509.35, 600.00, 66, 2415, 12481, P0, 0
2026/08/17 13:07:42.378, 6, NVIDIA RTX PRO 6000 Blackwell Server Edition, 0, 0, 95811, 97887, 84.08, 600.00, 32, 2347, 12481, P0, 0
2026/08/17 13:07:42.378, 7, NVIDIA RTX PRO 6000 Blackwell Server Edition, 0, 0, 96045, 97887, 87.50, 600.00, 37, 2355, 12481, P0, 0
2026/08/17 13:07:47.379, 0, NVIDIA RTX PRO 6000 Blackwell Server Edition, 0, 0, 96743, 97887, 85.74, 600.00, 32, 2362, 12481, P0, 0
2026/08/17 13:07:47.379, 1, NVIDIA RTX PRO 6000 Blackwell Server Edition, 97, 60, 95739, 97887, 403.54, 600.00, 53, 2392, 12481, P0, 0
2026/08/17 13:07:47.380, 2, NVIDIA RTX PRO 6000 Blackwell Server Edition, 98, 61, 94399, 97887, 419.55, 600.00, 55, 2400, 12481, P0, 0
2026/08/17 13:07:47.380, 3, NVIDIA RTX PRO 6000 Blackwell Server Edition, 97, 56, 95827, 97887, 385.59, 600.00, 45, 2385, 12481, P0, 0
2026/08/17 13:07:47.381, 4, NVIDIA RTX PRO 6000 Blackwell Server Edition, 0, 0, 96825, 97887, 86.92, 600.00, 32, 2355, 12481, P0, 0
2026/08/17 13:07:47.381, 5, NVIDIA RTX PRO 6000 Blackwell Server Edition, 100, 7, 96741, 97887, 516.72, 600.00, 66, 2422, 12481, P0, 0
2026/08/17 13:07:47.381, 6, NVIDIA RTX PRO 6000 Blackwell Server Edition, 0, 0, 95811, 97887, 83.59, 600.00, 32, 2347, 12481, P0, 0
2026/08/17 13:07:47.382, 7, NVIDIA RTX PRO 6000 Blackwell Server Edition, 0, 0, 96045, 97887, 86.77, 600.00, 36, 2355, 12481, P0, 0
2026/08/17 13:07:52.382, 0, NVIDIA RTX PRO 6000 Blackwell Server Edition, 0, 0, 96743, 97887, 85.32, 600.00, 32, 2362, 12481, P0, 0
2026/08/17 13:07:52.382, 1, NVIDIA RTX PRO 6000 Blackwell Server Edition, 97, 57, 95739, 97887, 384.10, 600.00, 53, 2385, 12481, P0, 0
2026/08/17 13:07:52.383, 2, NVIDIA RTX PRO 6000 Blackwell Server Edition, 97, 61, 94399, 97887, 419.29, 600.00, 55, 2400, 12481, P0, 0
2026/08/17 13:07:52.383, 3, NVIDIA RTX PRO 6000 Blackwell Server Edition, 98, 58, 95827, 97887, 397.49, 600.00, 48, 2385, 12481, P0, 0
2026/08/17 13:07:52.384, 4, NVIDIA RTX PRO 6000 Blackwell Server Edition, 100, 39, 96825, 97887, 487.98, 600.00, 48, 2392, 12481, P0, 0
2026/08/17 13:07:52.385, 5, NVIDIA RTX PRO 6000 Blackwell Server Edition, 100, 1, 96741, 97887, 516.16, 600.00, 66, 2422, 12481, P0, 0
2026/08/17 13:07:52.385, 6, NVIDIA RTX PRO 6000 Blackwell Server Edition, 0, 0, 95811, 97887, 84.51, 600.00, 32, 2347, 12481, P0, 0
2026/08/17 13:07:52.385, 7, NVIDIA RTX PRO 6000 Blackwell Server Edition, 0, 0, 96045, 97887, 85.64, 600.00, 35, 2355, 12481, P0, 0
2026/08/17 13:07:57.386, 0, NVIDIA RTX PRO 6000 Blackwell Server Edition, 0, 0, 96743, 97887, 85.50, 600.00, 32, 2362, 12481, P0, 0
2026/08/17 13:07:57.386, 1, NVIDIA RTX PRO 6000 Blackwell Server Edition, 97, 57, 95739, 97887, 383.98, 600.00, 53, 2385, 12481, P0, 0
2026/08/17 13:07:57.387, 2, NVIDIA RTX PRO 6000 Blackwell Server Edition, 97, 61, 94399, 97887, 420.25, 600.00, 55, 2400, 12481, P0, 0
2026/08/17 13:07:57.387, 3, NVIDIA RTX PRO 6000 Blackwell Server Edition, 97, 58, 95827, 97887, 390.40, 600.00, 49, 2385, 12481, P0, 0
2026/08/17 13:07:57.388, 4, NVIDIA RTX PRO 6000 Blackwell Server Edition, 97, 60, 96825, 97887, 395.50, 600.00, 46, 2377, 12481, P0, 0
2026/08/17 13:07:57.388, 5, NVIDIA RTX PRO 6000 Blackwell Server Edition, 100, 1, 96741, 97887, 505.16, 600.00, 66, 2422, 12481, P0, 0
2026/08/17 13:07:57.389, 6, NVIDIA RTX PRO 6000 Blackwell Server Edition, 0, 0, 95811, 97887, 84.51, 600.00, 32, 2347, 12481, P0, 0
2026/08/17 13:07:57.389, 7, NVIDIA RTX PRO 6000 Blackwell Server Edition, 0, 0, 96045, 97887, 86.13, 600.00, 34, 2355, 12481, P0, 0
2026/08/17 13:08:02.390, 0, NVIDIA RTX PRO 6000 Blackwell Server Edition, 0, 0, 96743, 97887, 85.54, 600.00, 32, 2362, 12481, P0, 0
2026/08/17 13:08:02.390, 1, NVIDIA RTX PRO 6000 Blackwell Server Edition, 97, 57, 95739, 97887, 384.73, 600.00, 53, 2385, 12481, P0, 0
2026/08/17 13:08:02.390, 2, NVIDIA RTX PRO 6000 Blackwell Server Edition, 98, 58, 94399, 97887, 415.27, 600.00, 55, 2392, 12481, P0, 0
2026/08/17 13:08:02.391, 3, NVIDIA RTX PRO 6000 Blackwell Server Edition, 98, 58, 95827, 97887, 389.36, 600.00, 50, 2385, 12481, P0, 0
2026/08/17 13:08:02.391, 4, NVIDIA RTX PRO 6000 Blackwell Server Edition, 97, 60, 96825, 97887, 391.45, 600.00, 47, 2385, 12481, P0, 0
2026/08/17 13:08:02.392, 5, NVIDIA RTX PRO 6000 Blackwell Server Edition, 100, 1, 96741, 97887, 515.63, 600.00, 66, 2415, 12481, P0, 0
2026/08/17 13:08:02.392, 6, NVIDIA RTX PRO 6000 Blackwell Server Edition, 97, 55, 95811, 97887, 415.37, 600.00, 44, 2280, 12481, P0, 0
2026/08/17 13:08:02.393, 7, NVIDIA RTX PRO 6000 Blackwell Server Edition, 0, 0, 96045, 97887, 86.07, 600.00, 34, 2370, 12481, P0, 0
2026/08/17 13:08:07.393, 0, NVIDIA RTX PRO 6000 Blackwell Server Edition, 0, 0, 96743, 97887, 85.11, 600.00, 32, 2362, 12481, P0, 0
2026/08/17 13:08:07.394, 1, NVIDIA RTX PRO 6000 Blackwell Server Edition, 97, 57, 95739, 97887, 382.60, 600.00, 52, 2385, 12481, P0, 0
2026/08/17 13:08:07.394, 2, NVIDIA RTX PRO 6000 Blackwell Server Edition, 97, 57, 94399, 97887, 396.62, 600.00, 54, 2392, 12481, P0, 0
2026/08/17 13:08:07.395, 3, NVIDIA RTX PRO 6000 Blackwell Server Edition, 0, 0, 95827, 97887, 91.65, 600.00, 40, 2302, 12481, P0, 0
2026/08/17 13:08:07.395, 4, NVIDIA RTX PRO 6000 Blackwell Server Edition, 97, 60, 96825, 97887, 393.44, 600.00, 49, 2385, 12481, P0, 0
2026/08/17 13:08:07.395, 5, NVIDIA RTX PRO 6000 Blackwell Server Edition, 99, 10, 96741, 97887, 515.91, 600.00, 66, 2422, 12481, P0, 0
2026/08/17 13:08:07.396, 6, NVIDIA RTX PRO 6000 Blackwell Server Edition, 0, 0, 95811, 97887, 85.27, 600.00, 34, 2347, 12481, P0, 0
2026/08/17 13:08:07.396, 7, NVIDIA RTX PRO 6000 Blackwell Server Edition, 100, 38, 96045, 97887, 560.73, 600.00, 50, 2385, 12481, P0, 0
2026/08/17 13:08:12.398, 0, NVIDIA RTX PRO 6000 Blackwell Server Edition, 100, 29, 96743, 97887, 567.35, 600.00, 51, 2415, 12481, P0, 0
2026/08/17 13:08:12.399, 1, NVIDIA RTX PRO 6000 Blackwell Server Edition, 97, 57, 95739, 97887, 384.54, 600.00, 52, 2385, 12481, P0, 0
2026/08/17 13:08:12.400, 2, NVIDIA RTX PRO 6000 Blackwell Server Edition, 97, 57, 94399, 97887, 397.65, 600.00, 54, 2392, 12481, P0, 0
2026/08/17 13:08:12.400, 3, NVIDIA RTX PRO 6000 Blackwell Server Edition, 0, 0, 95827, 97887, 90.31, 600.00, 38, 2302, 12481, P0, 0
2026/08/17 13:08:12.401, 4, NVIDIA RTX PRO 6000 Blackwell Server Edition, 97, 60, 96825, 97887, 394.60, 600.00, 49, 2385, 12481, P0, 0
2026/08/17 13:08:12.401, 5, NVIDIA RTX PRO 6000 Blackwell Server Edition, 100, 1, 96741, 97887, 509.84, 600.00, 66, 2422, 12481, P0, 0
2026/08/17 13:08:12.402, 6, NVIDIA RTX PRO 6000 Blackwell Server Edition, 0, 0, 95811, 97887, 84.75, 600.00, 33, 2347, 12481, P0, 0
2026/08/17 13:08:12.402, 7, NVIDIA RTX PRO 6000 Blackwell Server Edition, 97, 56, 96045, 97887, 372.37, 600.00, 45, 2385, 12481, P0, 0
2026/08/17 13:08:17.403, 0, NVIDIA RTX PRO 6000 Blackwell Server Edition, 98, 59, 96743, 97887, 380.68, 600.00, 46, 2385, 12481, P0, 0
2026/08/17 13:08:17.403, 1, NVIDIA RTX PRO 6000 Blackwell Server Edition, 100, 41, 95739, 97887, 554.08, 600.00, 59, 2407, 12481, P0, 0
2026/08/17 13:08:17.405, 2, NVIDIA RTX PRO 6000 Blackwell Server Edition, 98, 57, 94399, 97887, 394.98, 600.00, 54, 2392, 12481, P0, 0
2026/08/17 13:08:17.405, 3, NVIDIA RTX PRO 6000 Blackwell Server Edition, 0, 0, 95827, 97887, 90.99, 600.00, 36, 2302, 12481, P0, 0
2026/08/17 13:08:17.406, 4, NVIDIA RTX PRO 6000 Blackwell Server Edition, 97, 60, 96825, 97887, 395.18, 600.00, 50, 2385, 12481, P0, 0
2026/08/17 13:08:17.406, 5, NVIDIA RTX PRO 6000 Blackwell Server Edition, 100, 1, 96741, 97887, 514.56, 600.00, 66, 2415, 12481, P0, 0
2026/08/17 13:08:17.406, 6, NVIDIA RTX PRO 6000 Blackwell Server Edition, 0, 0, 95811, 97887, 86.94, 600.00, 33, 2347, 12481, P0, 0
2026/08/17 13:08:17.407, 7, NVIDIA RTX PRO 6000 Blackwell Server Edition, 97, 56, 96045, 97887, 369.03, 600.00, 46, 2385, 12481, P0, 0
2026/08/17 13:08:22.408, 0, NVIDIA RTX PRO 6000 Blackwell Server Edition, 97, 59, 96743, 97887, 384.82, 600.00, 47, 2385, 12481, P0, 0
2026/08/17 13:08:22.408, 1, NVIDIA RTX PRO 6000 Blackwell Server Edition, 100, 32, 95739, 97887, 568.41, 600.00, 63, 2407, 12481, P0, 0
2026/08/17 13:08:22.408, 2, NVIDIA RTX PRO 6000 Blackwell Server Edition, 97, 57, 94399, 97887, 397.09, 600.00, 53, 2392, 12481, P0, 0
2026/08/17 13:08:22.409, 3, NVIDIA RTX PRO 6000 Blackwell Server Edition, 0, 0, 95827, 97887, 90.50, 600.00, 36, 2302, 12481, P0, 0
2026/08/17 13:08:22.409, 4, NVIDIA RTX PRO 6000 Blackwell Server Edition, 97, 60, 96825, 97887, 395.75, 600.00, 51, 2385, 12481, P0, 0
2026/08/17 13:08:22.410, 5, NVIDIA RTX PRO 6000 Blackwell Server Edition, 100, 1, 96741, 97887, 518.35, 600.00, 67, 2422, 12481, P0, 0
2026/08/17 13:08:22.410, 6, NVIDIA RTX PRO 6000 Blackwell Server Edition, 0, 0, 95811, 97887, 85.00, 600.00, 33, 2347, 12481, P0, 0
2026/08/17 13:08:22.410, 7, NVIDIA RTX PRO 6000 Blackwell Server Edition, 0, 0, 96045, 97887, 116.68, 600.00, 39, 2355, 12481, P0, 0
2026/08/17 13:08:27.411, 0, NVIDIA RTX PRO 6000 Blackwell Server Edition, 97, 59, 96743, 97887, 383.51, 600.00, 48, 2385, 12481, P0, 0
2026/08/17 13:08:27.411, 1, NVIDIA RTX PRO 6000 Blackwell Server Edition, 97, 62, 95739, 97887, 413.93, 600.00, 56, 2400, 12481, P0, 0
2026/08/17 13:08:27.412, 2, NVIDIA RTX PRO 6000 Blackwell Server Edition, 100, 38, 94399, 97887, 511.82, 600.00, 58, 2377, 12481, P0, 0
2026/08/17 13:08:27.413, 3, NVIDIA RTX PRO 6000 Blackwell Server Edition, 0, 0, 95827, 97887, 89.10, 600.00, 35, 2302, 12481, P0, 0
2026/08/17 13:08:27.413, 4, NVIDIA RTX PRO 6000 Blackwell Server Edition, 98, 56, 96825, 97887, 393.12, 600.00, 51, 2377, 12481, P0, 0
2026/08/17 13:08:27.413, 5, NVIDIA RTX PRO 6000 Blackwell Server Edition, 100, 1, 96741, 97887, 502.95, 600.00, 66, 2422, 12481, P0, 0
2026/08/17 13:08:27.414, 6, NVIDIA RTX PRO 6000 Blackwell Server Edition, 0, 0, 95811, 97887, 85.02, 600.00, 32, 2347, 12481, P0, 0
2026/08/17 13:08:27.414, 7, NVIDIA RTX PRO 6000 Blackwell Server Edition, 0, 0, 96045, 97887, 87.74, 600.00, 37, 2355, 12481, P0, 0
2026/08/17 13:08:32.415, 0, NVIDIA RTX PRO 6000 Blackwell Server Edition, 97, 59, 96743, 97887, 384.77, 600.00, 49, 2385, 12481, P0, 0
2026/08/17 13:08:32.415, 1, NVIDIA RTX PRO 6000 Blackwell Server Edition, 97, 57, 95739, 97887, 389.42, 600.00, 55, 2392, 12481, P0, 0
2026/08/17 13:08:32.416, 2, NVIDIA RTX PRO 6000 Blackwell Server Edition, 97, 57, 94399, 97887, 410.89, 600.00, 54, 2392, 12481, P0, 0
2026/08/17 13:08:32.416, 3, NVIDIA RTX PRO 6000 Blackwell Server Edition, 0, 0, 95827, 97887, 88.36, 600.00, 34, 2302, 12481, P0, 0
2026/08/17 13:08:32.417, 4, NVIDIA RTX PRO 6000 Blackwell Server Edition, 97, 56, 96825, 97887, 376.62, 600.00, 51, 2377, 12481, P0, 0
2026/08/17 13:08:32.417, 5, NVIDIA RTX PRO 6000 Blackwell Server Edition, 100, 11, 96741, 97887, 515.60, 600.00, 66, 2422, 12481, P0, 0
2026/08/17 13:08:32.417, 6, NVIDIA RTX PRO 6000 Blackwell Server Edition, 0, 0, 95811, 97887, 84.76, 600.00, 32, 2347, 12481, P0, 0
2026/08/17 13:08:32.418, 7, NVIDIA RTX PRO 6000 Blackwell Server Edition, 0, 0, 96045, 97887, 86.71, 600.00, 36, 2355, 12481, P0, 0
2026/08/17 13:08:37.418, 0, NVIDIA RTX PRO 6000 Blackwell Server Edition, 0, 0, 96743, 97887, 90.51, 600.00, 40, 2347, 12481, P0, 0
2026/08/17 13:08:37.419, 1, NVIDIA RTX PRO 6000 Blackwell Server Edition, 97, 57, 95739, 97887, 390.27, 600.00, 54, 2392, 12481, P0, 0
2026/08/17 13:08:37.420, 2, NVIDIA RTX PRO 6000 Blackwell Server Edition, 97, 57, 94399, 97887, 397.22, 600.00, 54, 2385, 12481, P0, 0
2026/08/17 13:08:37.420, 3, NVIDIA RTX PRO 6000 Blackwell Server Edition, 94, 35, 95827, 97887, 135.59, 600.00, 43, 2310, 12481, P0, 0
2026/08/17 13:08:37.421, 4, NVIDIA RTX PRO 6000 Blackwell Server Edition, 97, 56, 96825, 97887, 375.52, 600.00, 51, 2377, 12481, P0, 0
2026/08/17 13:08:37.421, 5, NVIDIA RTX PRO 6000 Blackwell Server Edition, 100, 1, 96741, 97887, 507.98, 600.00, 66, 2422, 12481, P0, 0
2026/08/17 13:08:37.422, 6, NVIDIA RTX PRO 6000 Blackwell Server Edition, 0, 0, 95811, 97887, 84.51, 600.00, 32, 2347, 12481, P0, 0
2026/08/17 13:08:37.422, 7, NVIDIA RTX PRO 6000 Blackwell Server Edition, 0, 0, 96045, 97887, 86.49, 600.00, 35, 2355, 12481, P0, 0
2026/08/17 13:08:42.423, 0, NVIDIA RTX PRO 6000 Blackwell Server Edition, 0, 0, 96743, 97887, 89.00, 600.00, 38, 2347, 12481, P0, 0
2026/08/17 13:08:42.423, 1, NVIDIA RTX PRO 6000 Blackwell Server Edition, 97, 57, 95739, 97887, 390.89, 600.00, 54, 2392, 12481, P0, 0
2026/08/17 13:08:42.423, 2, NVIDIA RTX PRO 6000 Blackwell Server Edition, 97, 57, 94399, 97887, 396.10, 600.00, 54, 2385, 12481, P0, 0
2026/08/17 13:08:42.424, 3, NVIDIA RTX PRO 6000 Blackwell Server Edition, 97, 56, 95827, 97887, 385.70, 600.00, 45, 2385, 12481, P0, 0
2026/08/17 13:08:42.425, 4, NVIDIA RTX PRO 6000 Blackwell Server Edition, 97, 56, 96825, 97887, 374.86, 600.00, 51, 2377, 12481, P0, 0
2026/08/17 13:08:42.425, 5, NVIDIA RTX PRO 6000 Blackwell Server Edition, 100, 8, 96741, 97887, 512.17, 600.00, 66, 2415, 12481, P0, 0
2026/08/17 13:08:42.425, 6, NVIDIA RTX PRO 6000 Blackwell Server Edition, 0, 0, 95811, 97887, 84.08, 600.00, 32, 2347, 12481, P0, 0
2026/08/17 13:08:42.426, 7, NVIDIA RTX PRO 6000 Blackwell Server Edition, 0, 0, 96045, 97887, 85.64, 600.00, 34, 2355, 12481, P0, 0
2026/08/17 13:08:47.426, 0, NVIDIA RTX PRO 6000 Blackwell Server Edition, 0, 0, 96743, 97887, 88.03, 600.00, 37, 2347, 12481, P0, 0
2026/08/17 13:08:47.426, 1, NVIDIA RTX PRO 6000 Blackwell Server Edition, 97, 57, 95739, 97887, 390.13, 600.00, 54, 2392, 12481, P0, 0
2026/08/17 13:08:47.427, 2, NVIDIA RTX PRO 6000 Blackwell Server Edition, 98, 57, 94399, 97887, 396.98, 600.00, 54, 2392, 12481, P0, 0
2026/08/17 13:08:47.428, 3, NVIDIA RTX PRO 6000 Blackwell Server Edition, 97, 56, 95827, 97887, 380.28, 600.00, 46, 2385, 12481, P0, 0
2026/08/17 13:08:47.428, 4, NVIDIA RTX PRO 6000 Blackwell Server Edition, 100, 33, 96825, 97887, 552.78, 600.00, 59, 2407, 12481, P0, 0
2026/08/17 13:08:47.428, 5, NVIDIA RTX PRO 6000 Blackwell Server Edition, 100, 1, 96741, 97887, 507.50, 600.00, 66, 2422, 12481, P0, 0
2026/08/17 13:08:47.430, 6, NVIDIA RTX PRO 6000 Blackwell Server Edition, 97, 56, 95811, 97887, 398.44, 600.00, 44, 2332, 12481, P0, 0
2026/08/17 13:08:47.431, 7, NVIDIA RTX PRO 6000 Blackwell Server Edition, 0, 0, 96045, 97887, 87.05, 600.00, 34, 2370, 12481, P0, 0
2026/08/17 13:08:52.432, 0, NVIDIA RTX PRO 6000 Blackwell Server Edition, 0, 0, 96743, 97887, 87.05, 600.00, 36, 2347, 12481, P0, 0
2026/08/17 13:08:52.432, 1, NVIDIA RTX PRO 6000 Blackwell Server Edition, 97, 57, 95739, 97887, 388.85, 600.00, 53, 2392, 12481, P0, 0
2026/08/17 13:08:52.432, 2, NVIDIA RTX PRO 6000 Blackwell Server Edition, 97, 57, 94399, 97887, 397.81, 600.00, 54, 2392, 12481, P0, 0
2026/08/17 13:08:52.433, 3, NVIDIA RTX PRO 6000 Blackwell Server Edition, 97, 56, 95827, 97887, 382.84, 600.00, 47, 2385, 12481, P0, 0
2026/08/17 13:08:52.434, 4, NVIDIA RTX PRO 6000 Blackwell Server Edition, 100, 22, 96825, 97887, 530.67, 600.00, 60, 2400, 12481, P0, 0
2026/08/17 13:08:52.434, 5, NVIDIA RTX PRO 6000 Blackwell Server Edition, 100, 1, 96741, 97887, 507.79, 600.00, 66, 2415, 12481, P0, 0
2026/08/17 13:08:52.434, 6, NVIDIA RTX PRO 6000 Blackwell Server Edition, 97, 56, 95811, 97887, 375.31, 600.00, 45, 2385, 12481, P0, 0
2026/08/17 13:08:52.435, 7, NVIDIA RTX PRO 6000 Blackwell Server Edition, 0, 0, 96045, 97887, 85.59, 600.00, 33, 2370, 12481, P0, 0
2026/08/17 13:08:57.435, 0, NVIDIA RTX PRO 6000 Blackwell Server Edition, 0, 0, 96743, 97887, 87.05, 600.00, 35, 2347, 12481, P0, 0
2026/08/17 13:08:57.436, 1, NVIDIA RTX PRO 6000 Blackwell Server Edition, 97, 57, 95739, 97887, 384.38, 600.00, 53, 2385, 12481, P0, 0
2026/08/17 13:08:57.436, 2, NVIDIA RTX PRO 6000 Blackwell Server Edition, 97, 57, 94399, 97887, 394.48, 600.00, 54, 2392, 12481, P0, 0
2026/08/17 13:08:57.437, 3, NVIDIA RTX PRO 6000 Blackwell Server Edition, 97, 57, 95827, 97887, 381.63, 600.00, 48, 2385, 12481, P0, 0
2026/08/17 13:08:57.437, 4, NVIDIA RTX PRO 6000 Blackwell Server Edition, 97, 62, 96825, 97887, 409.91, 600.00, 55, 2392, 12481, P0, 0
2026/08/17 13:08:57.438, 5, NVIDIA RTX PRO 6000 Blackwell Server Edition, 100, 1, 96741, 97887, 516.20, 600.00, 66, 2422, 12481, P0, 0
2026/08/17 13:08:57.438, 6, NVIDIA RTX PRO 6000 Blackwell Server Edition, 97, 57, 95811, 97887, 372.87, 600.00, 47, 2385, 12481, P0, 0
2026/08/17 13:08:57.439, 7, NVIDIA RTX PRO 6000 Blackwell Server Edition, 0, 0, 96045, 97887, 86.56, 600.00, 33, 2370, 12481, P0, 0
2026/08/17 13:09:02.439, 0, NVIDIA RTX PRO 6000 Blackwell Server Edition, 0, 0, 96743, 97887, 86.07, 600.00, 34, 2347, 12481, P0, 0
2026/08/17 13:09:02.439, 1, NVIDIA RTX PRO 6000 Blackwell Server Edition, 97, 57, 95739, 97887, 386.63, 600.00, 53, 2385, 12481, P0, 0
2026/08/17 13:09:02.440, 2, NVIDIA RTX PRO 6000 Blackwell Server Edition, 97, 57, 94399, 97887, 394.65, 600.00, 54, 2392, 12481, P0, 0
2026/08/17 13:09:02.441, 3, NVIDIA RTX PRO 6000 Blackwell Server Edition, 97, 56, 95827, 97887, 385.26, 600.00, 49, 2385, 12481, P0, 0
2026/08/17 13:09:02.441, 4, NVIDIA RTX PRO 6000 Blackwell Server Edition, 97, 57, 96825, 97887, 406.92, 600.00, 54, 2392, 12481, P0, 0
2026/08/17 13:09:02.442, 5, NVIDIA RTX PRO 6000 Blackwell Server Edition, 100, 1, 96741, 97887, 511.43, 600.00, 66, 2415, 12481, P0, 0
2026/08/17 13:09:02.442, 6, NVIDIA RTX PRO 6000 Blackwell Server Edition, 97, 57, 95811, 97887, 371.37, 600.00, 48, 2385, 12481, P0, 0
2026/08/17 13:09:02.442, 7, NVIDIA RTX PRO 6000 Blackwell Server Edition, 0, 0, 96045, 97887, 85.59, 600.00, 33, 2370, 12481, P0, 0
2026/08/17 13:09:07.443, 0, NVIDIA RTX PRO 6000 Blackwell Server Edition, 0, 0, 96743, 97887, 87.29, 600.00, 34, 2362, 12481, P0, 0
2026/08/17 13:09:07.443, 1, NVIDIA RTX PRO 6000 Blackwell Server Edition, 97, 57, 95739, 97887, 383.91, 600.00, 53, 2385, 12481, P0, 0
2026/08/17 13:09:07.444, 2, NVIDIA RTX PRO 6000 Blackwell Server Edition, 97, 57, 94399, 97887, 395.97, 600.00, 53, 2392, 12481, P0, 0
2026/08/17 13:09:07.444, 3, NVIDIA RTX PRO 6000 Blackwell Server Edition, 97, 57, 95827, 97887, 384.64, 600.00, 50, 2385, 12481, P0, 0
2026/08/17 13:09:07.445, 4, NVIDIA RTX PRO 6000 Blackwell Server Edition, 97, 56, 96825, 97887, 381.58, 600.00, 53, 2385, 12481, P0, 0
2026/08/17 13:09:07.445, 5, NVIDIA RTX PRO 6000 Blackwell Server Edition, 100, 1, 96741, 97887, 510.80, 600.00, 66, 2422, 12481, P0, 0
2026/08/17 13:09:07.446, 6, NVIDIA RTX PRO 6000 Blackwell Server Edition, 97, 56, 95811, 97887, 373.76, 600.00, 49, 2385, 12481, P0, 0
2026/08/17 13:09:07.446, 7, NVIDIA RTX PRO 6000 Blackwell Server Edition, 0, 0, 96045, 97887, 86.81, 600.00, 32, 2370, 12481, P0, 0
2026/08/17 13:09:12.447, 0, NVIDIA RTX PRO 6000 Blackwell Server Edition, 0, 0, 96743, 97887, 86.07, 600.00, 33, 2362, 12481, P0, 0
2026/08/17 13:09:12.447, 1, NVIDIA RTX PRO 6000 Blackwell Server Edition, 97, 57, 95739, 97887, 384.79, 600.00, 53, 2385, 12481, P0, 0
2026/08/17 13:09:12.448, 2, NVIDIA RTX PRO 6000 Blackwell Server Edition, 97, 57, 94399, 97887, 396.18, 600.00, 53, 2392, 12481, P0, 0
2026/08/17 13:09:12.448, 3, NVIDIA RTX PRO 6000 Blackwell Server Edition, 97, 57, 95827, 97887, 384.96, 600.00, 50, 2385, 12481, P0, 0
2026/08/17 13:09:12.449, 4, NVIDIA RTX PRO 6000 Blackwell Server Edition, 0, 0, 96825, 97887, 85.06, 600.00, 43, 2422, 12481, P0, 0
2026/08/17 13:09:12.449, 5, NVIDIA RTX PRO 6000 Blackwell Server Edition, 100, 7, 96741, 97887, 517.30, 600.00, 66, 2422, 12481, P0, 0
2026/08/17 13:09:12.449, 6, NVIDIA RTX PRO 6000 Blackwell Server Edition, 100, 33, 95811, 97887, 521.34, 600.00, 56, 2407, 12481, P0, 0
2026/08/17 13:09:12.450, 7, NVIDIA RTX PRO 6000 Blackwell Server Edition, 0, 0, 96045, 97887, 85.64, 600.00, 32, 2370, 12481, P0, 0
2026/08/17 13:09:17.450, 0, NVIDIA RTX PRO 6000 Blackwell Server Edition, 0, 0, 96743, 97887, 86.47, 600.00, 33, 2362, 12481, P0, 0
2026/08/17 13:09:17.450, 1, NVIDIA RTX PRO 6000 Blackwell Server Edition, 97, 57, 95739, 97887, 384.28, 600.00, 53, 2385, 12481, P0, 0
2026/08/17 13:09:17.451, 2, NVIDIA RTX PRO 6000 Blackwell Server Edition, 97, 57, 94399, 97887, 396.43, 600.00, 53, 2392, 12481, P0, 0
2026/08/17 13:09:17.451, 3, NVIDIA RTX PRO 6000 Blackwell Server Edition, 97, 57, 95827, 97887, 387.46, 600.00, 51, 2385, 12481, P0, 0
2026/08/17 13:09:17.452, 4, NVIDIA RTX PRO 6000 Blackwell Server Edition, 0, 0, 96825, 97887, 90.56, 600.00, 41, 2347, 12481, P0, 0
2026/08/17 13:09:17.452, 5, NVIDIA RTX PRO 6000 Blackwell Server Edition, 100, 1, 96741, 97887, 509.94, 600.00, 66, 2422, 12481, P0, 0
2026/08/17 13:09:17.453, 6, NVIDIA RTX PRO 6000 Blackwell Server Edition, 100, 25, 95811, 97887, 549.32, 600.00, 59, 2407, 12481, P0, 0
2026/08/17 13:09:17.453, 7, NVIDIA RTX PRO 6000 Blackwell Server Edition, 100, 35, 96045, 97887, 550.17, 600.00, 51, 2400, 12481, P0, 0
2026/08/17 13:09:22.454, 0, NVIDIA RTX PRO 6000 Blackwell Server Edition, 0, 0, 96743, 97887, 86.07, 600.00, 33, 2362, 12481, P0, 0
2026/08/17 13:09:22.454, 1, NVIDIA RTX PRO 6000 Blackwell Server Edition, 97, 57, 95739, 97887, 385.08, 600.00, 52, 2385, 12481, P0, 0
2026/08/17 13:09:22.455, 2, NVIDIA RTX PRO 6000 Blackwell Server Edition, 97, 57, 94399, 97887, 396.75, 600.00, 53, 2392, 12481, P0, 0
2026/08/17 13:09:22.455, 3, NVIDIA RTX PRO 6000 Blackwell Server Edition, 97, 56, 95827, 97887, 386.08, 600.00, 51, 2385, 12481, P0, 0
2026/08/17 13:09:22.456, 4, NVIDIA RTX PRO 6000 Blackwell Server Edition, 0, 0, 96825, 97887, 89.64, 600.00, 39, 2347, 12481, P0, 0
2026/08/17 13:09:22.456, 5, NVIDIA RTX PRO 6000 Blackwell Server Edition, 100, 1, 96741, 97887, 523.04, 600.00, 65, 2422, 12481, P0, 0
2026/08/17 13:09:22.456, 6, NVIDIA RTX PRO 6000 Blackwell Server Edition, 97, 62, 95811, 97887, 398.81, 600.00, 54, 2392, 12481, P0, 0
2026/08/17 13:09:22.457, 7, NVIDIA RTX PRO 6000 Blackwell Server Edition, 96, 57, 96045, 97887, 370.37, 600.00, 46, 2385, 12481, P0, 0
2026/08/17 13:09:27.458, 0, NVIDIA RTX PRO 6000 Blackwell Server Edition, 0, 0, 96743, 97887, 86.56, 600.00, 33, 2362, 12481, P0, 0
2026/08/17 13:09:27.458, 1, NVIDIA RTX PRO 6000 Blackwell Server Edition, 97, 57, 95739, 97887, 383.70, 600.00, 52, 2385, 12481, P0, 0
2026/08/17 13:09:27.458, 2, NVIDIA RTX PRO 6000 Blackwell Server Edition, 97, 57, 94399, 97887, 397.17, 600.00, 53, 2392, 12481, P0, 0
2026/08/17 13:09:27.459, 3, NVIDIA RTX PRO 6000 Blackwell Server Edition, 97, 56, 95827, 97887, 384.68, 600.00, 51, 2385, 12481, P0, 0
2026/08/17 13:09:27.459, 4, NVIDIA RTX PRO 6000 Blackwell Server Edition, 0, 0, 96825, 97887, 89.15, 600.00, 37, 2347, 12481, P0, 0
2026/08/17 13:09:27.460, 5, NVIDIA RTX PRO 6000 Blackwell Server Edition, 100, 1, 96741, 97887, 508.12, 600.00, 66, 2415, 12481, P0, 0
2026/08/17 13:09:27.460, 6, NVIDIA RTX PRO 6000 Blackwell Server Edition, 97, 62, 95811, 97887, 404.15, 600.00, 54, 2392, 12481, P0, 0
2026/08/17 13:09:27.461, 7, NVIDIA RTX PRO 6000 Blackwell Server Edition, 96, 56, 96045, 97887, 370.92, 600.00, 47, 2385, 12481, P0, 0
2026/08/17 13:09:32.462, 0, NVIDIA RTX PRO 6000 Blackwell Server Edition, 97, 57, 96743, 97887, 407.76, 600.00, 43, 2340, 12481, P0, 0
2026/08/17 13:09:32.462, 1, NVIDIA RTX PRO 6000 Blackwell Server Edition, 97, 57, 95739, 97887, 382.21, 600.00, 52, 2385, 12481, P0, 0
2026/08/17 13:09:32.463, 2, NVIDIA RTX PRO 6000 Blackwell Server Edition, 97, 57, 94399, 97887, 396.25, 600.00, 53, 2392, 12481, P0, 0
2026/08/17 13:09:32.463, 3, NVIDIA RTX PRO 6000 Blackwell Server Edition, 97, 57, 95827, 97887, 386.80, 600.00, 51, 2385, 12481, P0, 0
2026/08/17 13:09:32.464, 4, NVIDIA RTX PRO 6000 Blackwell Server Edition, 0, 0, 96825, 97887, 87.83, 600.00, 36, 2340, 12481, P0, 0
2026/08/17 13:09:32.464, 5, NVIDIA RTX PRO 6000 Blackwell Server Edition, 100, 1, 96741, 97887, 507.51, 600.00, 66, 2422, 12481, P0, 0
2026/08/17 13:09:32.464, 6, NVIDIA RTX PRO 6000 Blackwell Server Edition, 95, 61, 95811, 97887, 402.88, 600.00, 54, 2392, 12481, P0, 0
2026/08/17 13:09:32.465, 7, NVIDIA RTX PRO 6000 Blackwell Server Edition, 97, 57, 96045, 97887, 373.57, 600.00, 48, 2385, 12481, P0, 0
2026/08/17 13:09:37.466, 0, NVIDIA RTX PRO 6000 Blackwell Server Edition, 97, 58, 96743, 97887, 383.09, 600.00, 45, 2385, 12481, P0, 0
2026/08/17 13:09:37.467, 1, NVIDIA RTX PRO 6000 Blackwell Server Edition, 98, 57, 95739, 97887, 384.95, 600.00, 52, 2385, 12481, P0, 0
2026/08/17 13:09:37.467, 2, NVIDIA RTX PRO 6000 Blackwell Server Edition, 97, 58, 94399, 97887, 396.27, 600.00, 53, 2392, 12481, P0, 0
2026/08/17 13:09:37.467, 3, NVIDIA RTX PRO 6000 Blackwell Server Edition, 97, 57, 95827, 97887, 387.04, 600.00, 52, 2385, 12481, P0, 0
2026/08/17 13:09:37.468, 4, NVIDIA RTX PRO 6000 Blackwell Server Edition, 0, 0, 96825, 97887, 87.84, 600.00, 35, 2347, 12481, P0, 0
2026/08/17 13:09:37.468, 5, NVIDIA RTX PRO 6000 Blackwell Server Edition, 100, 1, 96741, 97887, 523.62, 600.00, 67, 2422, 12481, P0, 0
2026/08/17 13:09:37.469, 6, NVIDIA RTX PRO 6000 Blackwell Server Edition, 97, 62, 95811, 97887, 400.87, 600.00, 54, 2392, 12481, P0, 0
2026/08/17 13:09:37.469, 7, NVIDIA RTX PRO 6000 Blackwell Server Edition, 97, 57, 96045, 97887, 373.17, 600.00, 49, 2385, 12481, P0, 0
2026/08/17 13:09:42.470, 0, NVIDIA RTX PRO 6000 Blackwell Server Edition, 97, 58, 96743, 97887, 379.48, 600.00, 47, 2385, 12481, P0, 0
2026/08/17 13:09:42.470, 1, NVIDIA RTX PRO 6000 Blackwell Server Edition, 97, 57, 95739, 97887, 384.77, 600.00, 52, 2385, 12481, P0, 0
2026/08/17 13:09:42.471, 2, NVIDIA RTX PRO 6000 Blackwell Server Edition, 97, 58, 94399, 97887, 398.00, 600.00, 53, 2392, 12481, P0, 0
2026/08/17 13:09:42.472, 3, NVIDIA RTX PRO 6000 Blackwell Server Edition, 98, 57, 95827, 97887, 387.07, 600.00, 52, 2385, 12481, P0, 0
2026/08/17 13:09:42.472, 4, NVIDIA RTX PRO 6000 Blackwell Server Edition, 0, 0, 96825, 97887, 87.59, 600.00, 35, 2340, 12481, P0, 0
2026/08/17 13:09:42.472, 5, NVIDIA RTX PRO 6000 Blackwell Server Edition, 100, 1, 96741, 97887, 503.17, 600.00, 66, 2415, 12481, P0, 0
2026/08/17 13:09:42.473, 6, NVIDIA RTX PRO 6000 Blackwell Server Edition, 98, 63, 95811, 97887, 403.49, 600.00, 54, 2392, 12481, P0, 0
2026/08/17 13:09:42.473, 7, NVIDIA RTX PRO 6000 Blackwell Server Edition, 97, 57, 96045, 97887, 374.57, 600.00, 50, 2385, 12481, P0, 0
2026/08/17 13:09:47.474, 0, NVIDIA RTX PRO 6000 Blackwell Server Edition, 0, 0, 96743, 97887, 88.27, 600.00, 38, 2347, 12481, P0, 0
2026/08/17 13:09:47.475, 1, NVIDIA RTX PRO 6000 Blackwell Server Edition, 97, 57, 95739, 97887, 384.99, 600.00, 52, 2385, 12481, P0, 0
2026/08/17 13:09:47.475, 2, NVIDIA RTX PRO 6000 Blackwell Server Edition, 97, 58, 94399, 97887, 399.05, 600.00, 53, 2392, 12481, P0, 0
2026/08/17 13:09:47.476, 3, NVIDIA RTX PRO 6000 Blackwell Server Edition, 97, 57, 95827, 97887, 387.06, 600.00, 52, 2385, 12481, P0, 0
2026/08/17 13:09:47.476, 4, NVIDIA RTX PRO 6000 Blackwell Server Edition, 0, 0, 96825, 97887, 87.11, 600.00, 34, 2355, 12481, P0, 0
2026/08/17 13:09:47.476, 5, NVIDIA RTX PRO 6000 Blackwell Server Edition, 100, 1, 96741, 97887, 502.61, 600.00, 66, 2422, 12481, P0, 0
2026/08/17 13:09:47.477, 6, NVIDIA RTX PRO 6000 Blackwell Server Edition, 97, 63, 95811, 97887, 406.57, 600.00, 54, 2392, 12481, P0, 0
2026/08/17 13:09:47.477, 7, NVIDIA RTX PRO 6000 Blackwell Server Edition, 96, 57, 96045, 97887, 373.97, 600.00, 50, 2385, 12481, P0, 0
2026/08/17 13:09:52.478, 0, NVIDIA RTX PRO 6000 Blackwell Server Edition, 0, 0, 96743, 97887, 87.05, 600.00, 36, 2347, 12481, P0, 0
2026/08/17 13:09:52.478, 1, NVIDIA RTX PRO 6000 Blackwell Server Edition, 97, 57, 95739, 97887, 383.79, 600.00, 52, 2385, 12481, P0, 0
2026/08/17 13:09:52.479, 2, NVIDIA RTX PRO 6000 Blackwell Server Edition, 97, 58, 94399, 97887, 396.55, 600.00, 53, 2392, 12481, P0, 0
2026/08/17 13:09:52.480, 3, NVIDIA RTX PRO 6000 Blackwell Server Edition, 97, 57, 95827, 97887, 387.38, 600.00, 52, 2385, 12481, P0, 0
2026/08/17 13:09:52.480, 4, NVIDIA RTX PRO 6000 Blackwell Server Edition, 0, 0, 96825, 97887, 87.11, 600.00, 34, 2355, 12481, P0, 0
2026/08/17 13:09:52.480, 5, NVIDIA RTX PRO 6000 Blackwell Server Edition, 100, 1, 96741, 97887, 507.97, 600.00, 66, 2422, 12481, P0, 0
2026/08/17 13:09:52.481, 6, NVIDIA RTX PRO 6000 Blackwell Server Edition, 97, 57, 95811, 97887, 380.02, 600.00, 53, 2385, 12481, P0, 0
2026/08/17 13:09:52.482, 7, NVIDIA RTX PRO 6000 Blackwell Server Edition, 100, 38, 96045, 97887, 556.62, 600.00, 59, 2407, 12481, P0, 0
2026/08/17 13:09:57.483, 0, NVIDIA RTX PRO 6000 Blackwell Server Edition, 0, 0, 96743, 97887, 86.40, 600.00, 35, 2347, 12481, P0, 0
2026/08/17 13:09:57.484, 1, NVIDIA RTX PRO 6000 Blackwell Server Edition, 97, 57, 95739, 97887, 384.51, 600.00, 52, 2385, 12481, P0, 0
2026/08/17 13:09:57.484, 2, NVIDIA RTX PRO 6000 Blackwell Server Edition, 97, 58, 94399, 97887, 397.73, 600.00, 53, 2392, 12481, P0, 0
2026/08/17 13:09:57.485, 3, NVIDIA RTX PRO 6000 Blackwell Server Edition, 0, 0, 95827, 97887, 94.26, 600.00, 43, 2302, 12481, P0, 0
2026/08/17 13:09:57.485, 4, NVIDIA RTX PRO 6000 Blackwell Server Edition, 0, 0, 96825, 97887, 86.43, 600.00, 33, 2347, 12481, P0, 0
2026/08/17 13:09:57.485, 5, NVIDIA RTX PRO 6000 Blackwell Server Edition, 100, 4, 96741, 97887, 506.91, 600.00, 66, 2415, 12481, P0, 0
2026/08/17 13:09:57.485, 6, NVIDIA RTX PRO 6000 Blackwell Server Edition, 0, 0, 95811, 97887, 89.98, 600.00, 43, 2347, 12481, P0, 0
2026/08/17 13:09:57.486, 7, NVIDIA RTX PRO 6000 Blackwell Server Edition, 100, 27, 96045, 97887, 535.33, 600.00, 61, 2400, 12481, P0, 0
2026/08/17 13:10:02.488, 0, NVIDIA RTX PRO 6000 Blackwell Server Edition, 97, 59, 96743, 97887, 383.74, 600.00, 46, 2385, 12481, P0, 0
2026/08/17 13:10:02.488, 1, NVIDIA RTX PRO 6000 Blackwell Server Edition, 100, 34, 95739, 97887, 569.63, 600.00, 59, 2385, 12481, P0, 0
2026/08/17 13:10:02.489, 2, NVIDIA RTX PRO 6000 Blackwell Server Edition, 98, 58, 94399, 97887, 397.06, 600.00, 53, 2392, 12481, P0, 0
2026/08/17 13:10:02.489, 3, NVIDIA RTX PRO 6000 Blackwell Server Edition, 0, 0, 95827, 97887, 92.12, 600.00, 41, 2295, 12481, P0, 0
2026/08/17 13:10:02.489, 4, NVIDIA RTX PRO 6000 Blackwell Server Edition, 0, 0, 96825, 97887, 86.19, 600.00, 33, 2347, 12481, P0, 0
2026/08/17 13:10:02.490, 5, NVIDIA RTX PRO 6000 Blackwell Server Edition, 100, 7, 96741, 97887, 516.20, 600.00, 66, 2422, 12481, P0, 0
2026/08/17 13:10:02.490, 6, NVIDIA RTX PRO 6000 Blackwell Server Edition, 0, 0, 95811, 97887, 88.51, 600.00, 41, 2347, 12481, P0, 0
2026/08/17 13:10:02.490, 7, NVIDIA RTX PRO 6000 Blackwell Server Edition, 96, 57, 96045, 97887, 381.39, 600.00, 54, 2392, 12481, P0, 0
2026/08/17 13:10:07.492, 0, NVIDIA RTX PRO 6000 Blackwell Server Edition, 59, 36, 96743, 97887, 332.41, 600.00, 41, 2385, 12481, P0, 0
2026/08/17 13:10:07.492, 1, NVIDIA RTX PRO 6000 Blackwell Server Edition, 82, 23, 95739, 97887, 423.26, 600.00, 58, 2392, 12481, P0, 0
2026/08/17 13:10:07.493, 2, NVIDIA RTX PRO 6000 Blackwell Server Edition, 97, 57, 94399, 97887, 398.09, 600.00, 53, 2392, 12481, P0, 0
2026/08/17 13:10:07.493, 3, NVIDIA RTX PRO 6000 Blackwell Server Edition, 0, 0, 95827, 97887, 90.80, 600.00, 39, 2302, 12481, P0, 0
2026/08/17 13:10:07.494, 4, NVIDIA RTX PRO 6000 Blackwell Server Edition, 0, 0, 96825, 97887, 86.18, 600.00, 33, 2347, 12481, P0, 0
2026/08/17 13:10:07.494, 5, NVIDIA RTX PRO 6000 Blackwell Server Edition, 100, 1, 96741, 97887, 502.80, 600.00, 66, 2422, 12481, P0, 0
2026/08/17 13:10:07.494, 6, NVIDIA RTX PRO 6000 Blackwell Server Edition, 0, 0, 95811, 97887, 88.19, 600.00, 39, 2347, 12481, P0, 0
2026/08/17 13:10:07.494, 7, NVIDIA RTX PRO 6000 Blackwell Server Edition, 97, 57, 96045, 97887, 381.33, 600.00, 53, 2392, 12481, P0, 0
2026/08/17 13:10:12.496, 0, NVIDIA RTX PRO 6000 Blackwell Server Edition, 0, 0, 96743, 97887, 88.08, 600.00, 38, 2347, 12481, P0, 0
2026/08/17 13:10:12.496, 1, NVIDIA RTX PRO 6000 Blackwell Server Edition, 98, 62, 95739, 97887, 412.97, 600.00, 54, 2400, 12481, P0, 0
2026/08/17 13:10:12.497, 2, NVIDIA RTX PRO 6000 Blackwell Server Edition, 97, 58, 94399, 97887, 396.07, 600.00, 53, 2392, 12481, P0, 0
2026/08/17 13:10:12.497, 3, NVIDIA RTX PRO 6000 Blackwell Server Edition, 0, 0, 95827, 97887, 89.40, 600.00, 37, 2302, 12481, P0, 0
2026/08/17 13:10:12.498, 4, NVIDIA RTX PRO 6000 Blackwell Server Edition, 0, 0, 96825, 97887, 85.94, 600.00, 33, 2355, 12481, P0, 0
2026/08/17 13:10:12.498, 5, NVIDIA RTX PRO 6000 Blackwell Server Edition, 100, 1, 96741, 97887, 505.31, 600.00, 66, 2422, 12481, P0, 0
2026/08/17 13:10:12.498, 6, NVIDIA RTX PRO 6000 Blackwell Server Edition, 0, 0, 95811, 97887, 86.76, 600.00, 38, 2347, 12481, P0, 0
2026/08/17 13:10:12.499, 7, NVIDIA RTX PRO 6000 Blackwell Server Edition, 97, 57, 96045, 97887, 382.00, 600.00, 53, 2392, 12481, P0, 0
2026/08/17 13:10:17.500, 0, NVIDIA RTX PRO 6000 Blackwell Server Edition, 0, 0, 96743, 97887, 87.11, 600.00, 36, 2347, 12481, P0, 0
2026/08/17 13:10:17.500, 1, NVIDIA RTX PRO 6000 Blackwell Server Edition, 97, 62, 95739, 97887, 414.00, 600.00, 54, 2400, 12481, P0, 0
2026/08/17 13:10:17.500, 2, NVIDIA RTX PRO 6000 Blackwell Server Edition, 100, 35, 94399, 97887, 587.78, 600.00, 61, 2392, 12481, P0, 0
2026/08/17 13:10:17.501, 3, NVIDIA RTX PRO 6000 Blackwell Server Edition, 0, 0, 95827, 97887, 89.10, 600.00, 36, 2302, 12481, P0, 0
2026/08/17 13:10:17.501, 4, NVIDIA RTX PRO 6000 Blackwell Server Edition, 0, 0, 96825, 97887, 85.15, 600.00, 33, 2355, 12481, P0, 0
2026/08/17 13:10:17.501, 5, NVIDIA RTX PRO 6000 Blackwell Server Edition, 100, 1, 96741, 97887, 511.83, 600.00, 66, 2422, 12481, P0, 0
2026/08/17 13:10:17.502, 6, NVIDIA RTX PRO 6000 Blackwell Server Edition, 0, 0, 95811, 97887, 86.22, 600.00, 36, 2347, 12481, P0, 0
2026/08/17 13:10:17.502, 7, NVIDIA RTX PRO 6000 Blackwell Server Edition, 96, 57, 96045, 97887, 379.05, 600.00, 53, 2385, 12481, P0, 0
2026/08/17 13:10:22.503, 0, NVIDIA RTX PRO 6000 Blackwell Server Edition, 0, 0, 96743, 97887, 86.83, 600.00, 35, 2347, 12481, P0, 0
2026/08/17 13:10:22.503, 1, NVIDIA RTX PRO 6000 Blackwell Server Edition, 97, 62, 95739, 97887, 413.71, 600.00, 54, 2400, 12481, P0, 0
2026/08/17 13:10:22.504, 2, NVIDIA RTX PRO 6000 Blackwell Server Edition, 99, 25, 94399, 97887, 572.50, 600.00, 62, 2392, 12481, P0, 0
2026/08/17 13:10:22.504, 3, NVIDIA RTX PRO 6000 Blackwell Server Edition, 0, 0, 95827, 97887, 89.58, 600.00, 35, 2302, 12481, P0, 0
2026/08/17 13:10:22.504, 4, NVIDIA RTX PRO 6000 Blackwell Server Edition, 0, 0, 96825, 97887, 85.94, 600.00, 32, 2347, 12481, P0, 0
2026/08/17 13:10:22.505, 5, NVIDIA RTX PRO 6000 Blackwell Server Edition, 100, 1, 96741, 97887, 510.24, 600.00, 65, 2415, 12481, P0, 0
2026/08/17 13:10:22.505, 6, NVIDIA RTX PRO 6000 Blackwell Server Edition, 0, 0, 95811, 97887, 86.03, 600.00, 36, 2347, 12481, P0, 0
2026/08/17 13:10:22.505, 7, NVIDIA RTX PRO 6000 Blackwell Server Edition, 97, 56, 96045, 97887, 377.84, 600.00, 53, 2385, 12481, P0, 0
2026/08/17 13:10:27.506, 0, NVIDIA RTX PRO 6000 Blackwell Server Edition, 0, 0, 96743, 97887, 86.34, 600.00, 34, 2347, 12481, P0, 0
2026/08/17 13:10:27.506, 1, NVIDIA RTX PRO 6000 Blackwell Server Edition, 98, 62, 95739, 97887, 413.72, 600.00, 54, 2400, 12481, P0, 0
2026/08/17 13:10:27.507, 2, NVIDIA RTX PRO 6000 Blackwell Server Edition, 100, 29, 94399, 97887, 566.41, 600.00, 65, 2400, 12481, P0, 0
2026/08/17 13:10:27.508, 3, NVIDIA RTX PRO 6000 Blackwell Server Edition, 0, 0, 95827, 97887, 88.61, 600.00, 35, 2302, 12481, P0, 0
2026/08/17 13:10:27.508, 4, NVIDIA RTX PRO 6000 Blackwell Server Edition, 0, 0, 96825, 97887, 85.21, 600.00, 32, 2347, 12481, P0, 0
2026/08/17 13:10:27.508, 5, NVIDIA RTX PRO 6000 Blackwell Server Edition, 100, 13, 96741, 97887, 513.21, 600.00, 66, 2415, 12481, P0, 0
2026/08/17 13:10:27.508, 6, NVIDIA RTX PRO 6000 Blackwell Server Edition, 0, 0, 95811, 97887, 85.98, 600.00, 35, 2340, 12481, P0, 0
2026/08/17 13:10:27.509, 7, NVIDIA RTX PRO 6000 Blackwell Server Edition, 97, 56, 96045, 97887, 379.23, 600.00, 53, 2385, 12481, P0, 0
2026/08/17 13:10:32.510, 0, NVIDIA RTX PRO 6000 Blackwell Server Edition, 0, 0, 96743, 97887, 85.64, 600.00, 34, 2362, 12481, P0, 0
2026/08/17 13:10:32.510, 1, NVIDIA RTX PRO 6000 Blackwell Server Edition, 97, 62, 95739, 97887, 413.11, 600.00, 54, 2400, 12481, P0, 0
2026/08/17 13:10:32.510, 2, NVIDIA RTX PRO 6000 Blackwell Server Edition, 97, 58, 94399, 97887, 414.68, 600.00, 57, 2392, 12481, P0, 0
2026/08/17 13:10:32.511, 3, NVIDIA RTX PRO 6000 Blackwell Server Edition, 0, 0, 95827, 97887, 88.56, 600.00, 34, 2302, 12481, P0, 0
2026/08/17 13:10:32.511, 4, NVIDIA RTX PRO 6000 Blackwell Server Edition, 0, 0, 96825, 97887, 85.70, 600.00, 32, 2347, 12481, P0, 0
2026/08/17 13:10:32.511, 5, NVIDIA RTX PRO 6000 Blackwell Server Edition, 100, 32, 96741, 97887, 518.43, 600.00, 66, 2415, 12481, P0, 0
2026/08/17 13:10:32.512, 6, NVIDIA RTX PRO 6000 Blackwell Server Edition, 0, 0, 95811, 97887, 84.54, 600.00, 34, 2340, 12481, P0, 0
2026/08/17 13:10:32.512, 7, NVIDIA RTX PRO 6000 Blackwell Server Edition, 97, 57, 96045, 97887, 378.48, 600.00, 53, 2385, 12481, P0, 0
2026/08/17 13:10:37.513, 0, NVIDIA RTX PRO 6000 Blackwell Server Edition, 0, 0, 96743, 97887, 86.05, 600.00, 33, 2362, 12481, P0, 0
2026/08/17 13:10:37.513, 1, NVIDIA RTX PRO 6000 Blackwell Server Edition, 97, 62, 95739, 97887, 414.09, 600.00, 54, 2400, 12481, P0, 0
2026/08/17 13:10:37.514, 2, NVIDIA RTX PRO 6000 Blackwell Server Edition, 97, 58, 94399, 97887, 400.07, 600.00, 56, 2385, 12481, P0, 0
2026/08/17 13:10:37.514, 3, NVIDIA RTX PRO 6000 Blackwell Server Edition, 100, 35, 95827, 97887, 555.67, 600.00, 52, 2407, 12481, P0, 0
2026/08/17 13:10:37.515, 4, NVIDIA RTX PRO 6000 Blackwell Server Edition, 0, 0, 96825, 97887, 85.45, 600.00, 32, 2355, 12481, P0, 0
2026/08/17 13:10:37.515, 5, NVIDIA RTX PRO 6000 Blackwell Server Edition, 100, 1, 96741, 97887, 506.39, 600.00, 66, 2422, 12481, P0, 0
2026/08/17 13:10:37.516, 6, NVIDIA RTX PRO 6000 Blackwell Server Edition, 0, 0, 95811, 97887, 84.54, 600.00, 34, 2347, 12481, P0, 0
2026/08/17 13:10:37.516, 7, NVIDIA RTX PRO 6000 Blackwell Server Edition, 97, 57, 96045, 97887, 378.52, 600.00, 53, 2385, 12481, P0, 0
2026/08/17 13:10:42.517, 0, NVIDIA RTX PRO 6000 Blackwell Server Edition, 0, 0, 96743, 97887, 85.54, 600.00, 33, 2362, 12481, P0, 0
2026/08/17 13:10:42.517, 1, NVIDIA RTX PRO 6000 Blackwell Server Edition, 97, 62, 95739, 97887, 413.36, 600.00, 54, 2400, 12481, P0, 0
2026/08/17 13:10:42.518, 2, NVIDIA RTX PRO 6000 Blackwell Server Edition, 98, 58, 94399, 97887, 400.50, 600.00, 55, 2385, 12481, P0, 0
2026/08/17 13:10:42.518, 3, NVIDIA RTX PRO 6000 Blackwell Server Edition, 97, 57, 95827, 97887, 383.22, 600.00, 46, 2385, 12481, P0, 0
2026/08/17 13:10:42.519, 4, NVIDIA RTX PRO 6000 Blackwell Server Edition, 98, 58, 96825, 97887, 404.90, 600.00, 44, 2347, 12481, P0, 0
2026/08/17 13:10:42.519, 5, NVIDIA RTX PRO 6000 Blackwell Server Edition, 100, 1, 96741, 97887, 509.15, 600.00, 66, 2422, 12481, P0, 0
2026/08/17 13:10:42.520, 6, NVIDIA RTX PRO 6000 Blackwell Server Edition, 0, 0, 95811, 97887, 84.03, 600.00, 33, 2347, 12481, P0, 0
2026/08/17 13:10:42.520, 7, NVIDIA RTX PRO 6000 Blackwell Server Edition, 97, 57, 96045, 97887, 376.12, 600.00, 52, 2385, 12481, P0, 0
2026/08/17 13:10:47.521, 0, NVIDIA RTX PRO 6000 Blackwell Server Edition, 0, 0, 96743, 97887, 86.03, 600.00, 33, 2362, 12481, P0, 0
2026/08/17 13:10:47.521, 1, NVIDIA RTX PRO 6000 Blackwell Server Edition, 97, 61, 95739, 97887, 409.58, 600.00, 54, 2400, 12481, P0, 0
2026/08/17 13:10:47.522, 2, NVIDIA RTX PRO 6000 Blackwell Server Edition, 97, 58, 94399, 97887, 400.43, 600.00, 55, 2392, 12481, P0, 0
2026/08/17 13:10:47.522, 3, NVIDIA RTX PRO 6000 Blackwell Server Edition, 97, 57, 95827, 97887, 384.60, 600.00, 47, 2385, 12481, P0, 0
2026/08/17 13:10:47.523, 4, NVIDIA RTX PRO 6000 Blackwell Server Edition, 98, 58, 96825, 97887, 384.31, 600.00, 46, 2370, 12481, P0, 0
2026/08/17 13:10:47.523, 5, NVIDIA RTX PRO 6000 Blackwell Server Edition, 100, 1, 96741, 97887, 507.38, 600.00, 66, 2422, 12481, P0, 0
2026/08/17 13:10:47.524, 6, NVIDIA RTX PRO 6000 Blackwell Server Edition, 0, 0, 95811, 97887, 85.05, 600.00, 33, 2347, 12481, P0, 0
2026/08/17 13:10:47.524, 7, NVIDIA RTX PRO 6000 Blackwell Server Edition, 96, 57, 96045, 97887, 380.16, 600.00, 53, 2385, 12481, P0, 0
2026/08/17 13:10:52.525, 0, NVIDIA RTX PRO 6000 Blackwell Server Edition, 0, 0, 96743, 97887, 85.34, 600.00, 33, 2362, 12481, P0, 0
2026/08/17 13:10:52.525, 1, NVIDIA RTX PRO 6000 Blackwell Server Edition, 98, 61, 95739, 97887, 409.51, 600.00, 54, 2400, 12481, P0, 0
2026/08/17 13:10:52.526, 2, NVIDIA RTX PRO 6000 Blackwell Server Edition, 98, 63, 94399, 97887, 425.12, 600.00, 56, 2392, 12481, P0, 0
2026/08/17 13:10:52.526, 3, NVIDIA RTX PRO 6000 Blackwell Server Edition, 98, 57, 95827, 97887, 384.62, 600.00, 49, 2385, 12481, P0, 0
2026/08/17 13:10:52.527, 4, NVIDIA RTX PRO 6000 Blackwell Server Edition, 97, 58, 96825, 97887, 378.10, 600.00, 47, 2377, 12481, P0, 0
2026/08/17 13:10:52.527, 5, NVIDIA RTX PRO 6000 Blackwell Server Edition, 100, 1, 96741, 97887, 506.90, 600.00, 66, 2422, 12481, P0, 0
2026/08/17 13:10:52.528, 6, NVIDIA RTX PRO 6000 Blackwell Server Edition, 0, 0, 95811, 97887, 84.76, 600.00, 33, 2347, 12481, P0, 0
2026/08/17 13:10:52.528, 7, NVIDIA RTX PRO 6000 Blackwell Server Edition, 97, 57, 96045, 97887, 378.13, 600.00, 53, 2385, 12481, P0, 0
2026/08/17 13:10:57.529, 0, NVIDIA RTX PRO 6000 Blackwell Server Edition, 0, 0, 96743, 97887, 85.59, 600.00, 32, 2362, 12481, P0, 0
2026/08/17 13:10:57.529, 1, NVIDIA RTX PRO 6000 Blackwell Server Edition, 97, 61, 95739, 97887, 412.09, 600.00, 54, 2400, 12481, P0, 0
2026/08/17 13:10:57.530, 2, NVIDIA RTX PRO 6000 Blackwell Server Edition, 98, 63, 94399, 97887, 424.74, 600.00, 56, 2392, 12481, P0, 0
2026/08/17 13:10:57.530, 3, NVIDIA RTX PRO 6000 Blackwell Server Edition, 97, 57, 95827, 97887, 384.98, 600.00, 49, 2385, 12481, P0, 0
2026/08/17 13:10:57.531, 4, NVIDIA RTX PRO 6000 Blackwell Server Edition, 0, 0, 96825, 97887, 88.14, 600.00, 37, 2347, 12481, P0, 0
2026/08/17 13:10:57.531, 5, NVIDIA RTX PRO 6000 Blackwell Server Edition, 100, 1, 96741, 97887, 508.80, 600.00, 66, 2422, 12481, P0, 0
2026/08/17 13:10:57.531, 6, NVIDIA RTX PRO 6000 Blackwell Server Edition, 0, 0, 95811, 97887, 85.00, 600.00, 33, 2347, 12481, P0, 0
2026/08/17 13:10:57.532, 7, NVIDIA RTX PRO 6000 Blackwell Server Edition, 97, 57, 96045, 97887, 379.56, 600.00, 53, 2385, 12481, P0, 0
2026/08/17 13:11:02.532, 0, NVIDIA RTX PRO 6000 Blackwell Server Edition, 0, 0, 96743, 97887, 85.00, 600.00, 32, 2362, 12481, P0, 0
2026/08/17 13:11:02.533, 1, NVIDIA RTX PRO 6000 Blackwell Server Edition, 97, 61, 95739, 97887, 408.89, 600.00, 54, 2400, 12481, P0, 0
2026/08/17 13:11:02.533, 2, NVIDIA RTX PRO 6000 Blackwell Server Edition, 98, 63, 94399, 97887, 424.17, 600.00, 56, 2392, 12481, P0, 0
2026/08/17 13:11:02.534, 3, NVIDIA RTX PRO 6000 Blackwell Server Edition, 97, 57, 95827, 97887, 385.80, 600.00, 50, 2385, 12481, P0, 0
2026/08/17 13:11:02.534, 4, NVIDIA RTX PRO 6000 Blackwell Server Edition, 0, 0, 96825, 97887, 87.11, 600.00, 36, 2340, 12481, P0, 0
2026/08/17 13:11:02.535, 5, NVIDIA RTX PRO 6000 Blackwell Server Edition, 100, 1, 96741, 97887, 511.80, 600.00, 66, 2422, 12481, P0, 0
2026/08/17 13:11:02.535, 6, NVIDIA RTX PRO 6000 Blackwell Server Edition, 97, 58, 95811, 97887, 401.55, 600.00, 45, 2340, 12481, P0, 0
2026/08/17 13:11:02.535, 7, NVIDIA RTX PRO 6000 Blackwell Server Edition, 98, 57, 96045, 97887, 378.88, 600.00, 53, 2385, 12481, P0, 0
2026/08/17 13:11:07.536, 0, NVIDIA RTX PRO 6000 Blackwell Server Edition, 0, 0, 96743, 97887, 85.49, 600.00, 32, 2362, 12481, P0, 0
2026/08/17 13:11:07.537, 1, NVIDIA RTX PRO 6000 Blackwell Server Edition, 97, 61, 95739, 97887, 410.19, 600.00, 54, 2400, 12481, P0, 0
2026/08/17 13:11:07.537, 2, NVIDIA RTX PRO 6000 Blackwell Server Edition, 97, 63, 94399, 97887, 424.63, 600.00, 55, 2392, 12481, P0, 0
2026/08/17 13:11:07.538, 3, NVIDIA RTX PRO 6000 Blackwell Server Edition, 97, 57, 95827, 97887, 386.67, 600.00, 50, 2385, 12481, P0, 0
2026/08/17 13:11:07.538, 4, NVIDIA RTX PRO 6000 Blackwell Server Edition, 0, 0, 96825, 97887, 87.11, 600.00, 35, 2340, 12481, P0, 0
2026/08/17 13:11:07.539, 5, NVIDIA RTX PRO 6000 Blackwell Server Edition, 100, 1, 96741, 97887, 509.21, 600.00, 66, 2422, 12481, P0, 0
2026/08/17 13:11:07.539, 6, NVIDIA RTX PRO 6000 Blackwell Server Edition, 97, 59, 95811, 97887, 380.02, 600.00, 46, 2385, 12481, P0, 0
2026/08/17 13:11:07.540, 7, NVIDIA RTX PRO 6000 Blackwell Server Edition, 97, 57, 96045, 97887, 381.24, 600.00, 53, 2385, 12481, P0, 0
2026/08/17 13:11:12.541, 0, NVIDIA RTX PRO 6000 Blackwell Server Edition, 0, 0, 96743, 97887, 85.59, 600.00, 32, 2362, 12481, P0, 0
2026/08/17 13:11:12.542, 1, NVIDIA RTX PRO 6000 Blackwell Server Edition, 97, 61, 95739, 97887, 409.42, 600.00, 54, 2400, 12481, P0, 0
2026/08/17 13:11:12.542, 2, NVIDIA RTX PRO 6000 Blackwell Server Edition, 98, 63, 94399, 97887, 425.88, 600.00, 55, 2392, 12481, P0, 0
2026/08/17 13:11:12.543, 3, NVIDIA RTX PRO 6000 Blackwell Server Edition, 98, 57, 95827, 97887, 387.58, 600.00, 51, 2385, 12481, P0, 0
2026/08/17 13:11:12.543, 4, NVIDIA RTX PRO 6000 Blackwell Server Edition, 0, 0, 96825, 97887, 86.62, 600.00, 34, 2340, 12481, P0, 0
2026/08/17 13:11:12.544, 5, NVIDIA RTX PRO 6000 Blackwell Server Edition, 100, 1, 96741, 97887, 506.01, 600.00, 66, 2422, 12481, P0, 0
2026/08/17 13:11:12.544, 6, NVIDIA RTX PRO 6000 Blackwell Server Edition, 97, 58, 95811, 97887, 380.85, 600.00, 47, 2385, 12481, P0, 0
2026/08/17 13:11:12.544, 7, NVIDIA RTX PRO 6000 Blackwell Server Edition, 97, 57, 96045, 97887, 378.90, 600.00, 53, 2385, 12481, P0, 0
2026/08/17 13:11:17.546, 0, NVIDIA RTX PRO 6000 Blackwell Server Edition, 0, 0, 96743, 97887, 85.05, 600.00, 32, 2362, 12481, P0, 0
2026/08/17 13:11:17.546, 1, NVIDIA RTX PRO 6000 Blackwell Server Edition, 98, 61, 95739, 97887, 411.50, 600.00, 54, 2400, 12481, P0, 0
2026/08/17 13:11:17.547, 2, NVIDIA RTX PRO 6000 Blackwell Server Edition, 97, 63, 94399, 97887, 424.23, 600.00, 55, 2392, 12481, P0, 0
2026/08/17 13:11:17.547, 3, NVIDIA RTX PRO 6000 Blackwell Server Edition, 98, 57, 95827, 97887, 390.29, 600.00, 51, 2385, 12481, P0, 0
2026/08/17 13:11:17.548, 4, NVIDIA RTX PRO 6000 Blackwell Server Edition, 0, 0, 96825, 97887, 86.13, 600.00, 34, 2355, 12481, P0, 0
2026/08/17 13:11:17.548, 5, NVIDIA RTX PRO 6000 Blackwell Server Edition, 100, 1, 96741, 97887, 503.23, 600.00, 66, 2422, 12481, P0, 0
2026/08/17 13:11:17.548, 6, NVIDIA RTX PRO 6000 Blackwell Server Edition, 97, 59, 95811, 97887, 384.48, 600.00, 48, 2385, 12481, P0, 0
2026/08/17 13:11:17.549, 7, NVIDIA RTX PRO 6000 Blackwell Server Edition, 97, 57, 96045, 97887, 378.99, 600.00, 53, 2385, 12481, P0, 0
2026/08/17 13:11:22.550, 0, NVIDIA RTX PRO 6000 Blackwell Server Edition, 0, 0, 96743, 97887, 85.00, 600.00, 32, 2362, 12481, P0, 0
2026/08/17 13:11:22.551, 1, NVIDIA RTX PRO 6000 Blackwell Server Edition, 97, 57, 95739, 97887, 389.01, 600.00, 53, 2392, 12481, P0, 0
2026/08/17 13:11:22.551, 2, NVIDIA RTX PRO 6000 Blackwell Server Edition, 97, 58, 94399, 97887, 398.85, 600.00, 54, 2392, 12481, P0, 0
2026/08/17 13:11:22.552, 3, NVIDIA RTX PRO 6000 Blackwell Server Edition, 98, 57, 95827, 97887, 389.62, 600.00, 51, 2385, 12481, P0, 0
2026/08/17 13:11:22.552, 4, NVIDIA RTX PRO 6000 Blackwell Server Edition, 0, 0, 96825, 97887, 85.64, 600.00, 33, 2355, 12481, P0, 0
2026/08/17 13:11:22.553, 5, NVIDIA RTX PRO 6000 Blackwell Server Edition, 100, 1, 96741, 97887, 508.03, 600.00, 66, 2422, 12481, P0, 0
2026/08/17 13:11:22.553, 6, NVIDIA RTX PRO 6000 Blackwell Server Edition, 97, 59, 95811, 97887, 380.41, 600.00, 49, 2385, 12481, P0, 0
2026/08/17 13:11:22.554, 7, NVIDIA RTX PRO 6000 Blackwell Server Edition, 97, 57, 96045, 97887, 378.74, 600.00, 52, 2385, 12481, P0, 0
2026/08/17 13:11:27.554, 0, NVIDIA RTX PRO 6000 Blackwell Server Edition, 0, 0, 96743, 97887, 85.03, 600.00, 32, 2362, 12481, P0, 0
2026/08/17 13:11:27.555, 1, NVIDIA RTX PRO 6000 Blackwell Server Edition, 97, 57, 95739, 97887, 390.20, 600.00, 53, 2392, 12481, P0, 0
2026/08/17 13:11:27.555, 2, NVIDIA RTX PRO 6000 Blackwell Server Edition, 97, 58, 94399, 97887, 399.67, 600.00, 54, 2392, 12481, P0, 0
2026/08/17 13:11:27.556, 3, NVIDIA RTX PRO 6000 Blackwell Server Edition, 98, 58, 95827, 97887, 388.15, 600.00, 52, 2385, 12481, P0, 0
2026/08/17 13:11:27.556, 4, NVIDIA RTX PRO 6000 Blackwell Server Edition, 0, 0, 96825, 97887, 86.67, 600.00, 33, 2355, 12481, P0, 0
2026/08/17 13:11:27.557, 5, NVIDIA RTX PRO 6000 Blackwell Server Edition, 100, 5, 96741, 97887, 511.34, 600.00, 66, 2422, 12481, P0, 0
2026/08/17 13:11:27.557, 6, NVIDIA RTX PRO 6000 Blackwell Server Edition, 98, 32, 95811, 97887, 557.96, 600.00, 59, 2407, 12481, P0, 0
2026/08/17 13:11:27.557, 7, NVIDIA RTX PRO 6000 Blackwell Server Edition, 0, 0, 96045, 97887, 87.55, 600.00, 44, 2430, 12481, P0, 0
2026/08/17 13:11:32.558, 0, NVIDIA RTX PRO 6000 Blackwell Server Edition, 0, 0, 96743, 97887, 85.32, 600.00, 32, 2362, 12481, P0, 0
2026/08/17 13:11:32.558, 1, NVIDIA RTX PRO 6000 Blackwell Server Edition, 97, 57, 95739, 97887, 389.24, 600.00, 53, 2392, 12481, P0, 0
2026/08/17 13:11:32.559, 2, NVIDIA RTX PRO 6000 Blackwell Server Edition, 97, 58, 94399, 97887, 397.42, 600.00, 54, 2392, 12481, P0, 0
2026/08/17 13:11:32.559, 3, NVIDIA RTX PRO 6000 Blackwell Server Edition, 98, 57, 95827, 97887, 389.35, 600.00, 52, 2385, 12481, P0, 0
2026/08/17 13:11:32.560, 4, NVIDIA RTX PRO 6000 Blackwell Server Edition, 0, 0, 96825, 97887, 86.13, 600.00, 33, 2347, 12481, P0, 0
2026/08/17 13:11:32.560, 5, NVIDIA RTX PRO 6000 Blackwell Server Edition, 100, 1, 96741, 97887, 506.72, 600.00, 66, 2415, 12481, P0, 0
2026/08/17 13:11:32.561, 6, NVIDIA RTX PRO 6000 Blackwell Server Edition, 97, 63, 95811, 97887, 406.41, 600.00, 52, 2392, 12481, P0, 0
2026/08/17 13:11:32.561, 7, NVIDIA RTX PRO 6000 Blackwell Server Edition, 97, 56, 96045, 97887, 378.88, 600.00, 52, 2385, 12481, P0, 0
2026/08/17 13:11:37.562, 0, NVIDIA RTX PRO 6000 Blackwell Server Edition, 99, 29, 96743, 97887, 543.48, 600.00, 51, 2407, 12481, P0, 0
2026/08/17 13:11:37.562, 1, NVIDIA RTX PRO 6000 Blackwell Server Edition, 100, 38, 95739, 97887, 547.89, 600.00, 61, 2415, 12481, P0, 0
2026/08/17 13:11:37.564, 2, NVIDIA RTX PRO 6000 Blackwell Server Edition, 97, 58, 94399, 97887, 398.79, 600.00, 54, 2385, 12481, P0, 0
2026/08/17 13:11:37.565, 3, NVIDIA RTX PRO 6000 Blackwell Server Edition, 97, 57, 95827, 97887, 392.12, 600.00, 52, 2385, 12481, P0, 0
2026/08/17 13:11:37.565, 4, NVIDIA RTX PRO 6000 Blackwell Server Edition, 0, 0, 96825, 97887, 85.64, 600.00, 32, 2347, 12481, P0, 0
2026/08/17 13:11:37.565, 5, NVIDIA RTX PRO 6000 Blackwell Server Edition, 100, 30, 96741, 97887, 514.87, 600.00, 66, 2415, 12481, P0, 0
2026/08/17 13:11:37.566, 6, NVIDIA RTX PRO 6000 Blackwell Server Edition, 98, 64, 95811, 97887, 407.24, 600.00, 53, 2392, 12481, P0, 0
2026/08/17 13:11:37.566, 7, NVIDIA RTX PRO 6000 Blackwell Server Edition, 97, 56, 96045, 97887, 377.72, 600.00, 52, 2385, 12481, P0, 0
2026/08/17 13:11:42.567, 0, NVIDIA RTX PRO 6000 Blackwell Server Edition, 97, 57, 96743, 97887, 376.91, 600.00, 46, 2385, 12481, P0, 0
2026/08/17 13:11:42.568, 1, NVIDIA RTX PRO 6000 Blackwell Server Edition, 100, 31, 95739, 97887, 540.48, 600.00, 63, 2415, 12481, P0, 0
2026/08/17 13:11:42.568, 2, NVIDIA RTX PRO 6000 Blackwell Server Edition, 100, 28, 94399, 97887, 452.24, 600.00, 59, 2385, 12481, P0, 0
2026/08/17 13:11:42.568, 3, NVIDIA RTX PRO 6000 Blackwell Server Edition, 0, 0, 95827, 97887, 199.35, 600.00, 44, 2422, 12481, P0, 0
2026/08/17 13:11:42.569, 4, NVIDIA RTX PRO 6000 Blackwell Server Edition, 0, 0, 96825, 97887, 86.07, 600.00, 32, 2355, 12481, P0, 0
2026/08/17 13:11:42.569, 5, NVIDIA RTX PRO 6000 Blackwell Server Edition, 100, 1, 96741, 97887, 517.82, 600.00, 66, 2422, 12481, P0, 0
2026/08/17 13:11:42.569, 6, NVIDIA RTX PRO 6000 Blackwell Server Edition, 97, 59, 95811, 97887, 382.11, 600.00, 52, 2385, 12481, P0, 0
2026/08/17 13:11:42.570, 7, NVIDIA RTX PRO 6000 Blackwell Server Edition, 97, 56, 96045, 97887, 376.20, 600.00, 52, 2385, 12481, P0, 0
2026/08/17 13:11:47.571, 0, NVIDIA RTX PRO 6000 Blackwell Server Edition, 98, 57, 96743, 97887, 378.29, 600.00, 47, 2385, 12481, P0, 0
2026/08/17 13:11:47.571, 1, NVIDIA RTX PRO 6000 Blackwell Server Edition, 98, 65, 95739, 97887, 423.62, 600.00, 57, 2400, 12481, P0, 0
2026/08/17 13:11:47.572, 2, NVIDIA RTX PRO 6000 Blackwell Server Edition, 97, 63, 94399, 97887, 421.21, 600.00, 55, 2392, 12481, P0, 0
2026/08/17 13:11:47.572, 3, NVIDIA RTX PRO 6000 Blackwell Server Edition, 0, 0, 95827, 97887, 92.06, 600.00, 41, 2302, 12481, P0, 0
2026/08/17 13:11:47.573, 4, NVIDIA RTX PRO 6000 Blackwell Server Edition, 0, 0, 96825, 97887, 85.64, 600.00, 32, 2355, 12481, P0, 0
2026/08/17 13:11:47.573, 5, NVIDIA RTX PRO 6000 Blackwell Server Edition, 100, 1, 96741, 97887, 506.96, 600.00, 67, 2422, 12481, P0, 0
2026/08/17 13:11:47.574, 6, NVIDIA RTX PRO 6000 Blackwell Server Edition, 97, 59, 95811, 97887, 384.59, 600.00, 52, 2385, 12481, P0, 0
2026/08/17 13:11:47.575, 7, NVIDIA RTX PRO 6000 Blackwell Server Edition, 0, 0, 96045, 97887, 113.32, 600.00, 44, 2422, 12481, P0, 0
2026/08/17 13:11:52.575, 0, NVIDIA RTX PRO 6000 Blackwell Server Edition, 97, 57, 96743, 97887, 381.66, 600.00, 48, 2385, 12481, P0, 0
2026/08/17 13:11:52.576, 1, NVIDIA RTX PRO 6000 Blackwell Server Edition, 98, 65, 95739, 97887, 425.10, 600.00, 56, 2400, 12481, P0, 0
2026/08/17 13:11:52.576, 2, NVIDIA RTX PRO 6000 Blackwell Server Edition, 98, 58, 94399, 97887, 397.17, 600.00, 54, 2385, 12481, P0, 0
2026/08/17 13:11:52.577, 3, NVIDIA RTX PRO 6000 Blackwell Server Edition, 97, 57, 95827, 97887, 496.01, 600.00, 49, 2385, 12481, P0, 0
2026/08/17 13:11:52.578, 4, NVIDIA RTX PRO 6000 Blackwell Server Edition, 97, 56, 96825, 97887, 425.42, 600.00, 43, 2287, 12481, P0, 0
2026/08/17 13:11:52.578, 5, NVIDIA RTX PRO 6000 Blackwell Server Edition, 100, 1, 96741, 97887, 503.72, 600.00, 66, 2422, 12481, P0, 0
2026/08/17 13:11:52.578, 6, NVIDIA RTX PRO 6000 Blackwell Server Edition, 97, 59, 95811, 97887, 383.22, 600.00, 52, 2385, 12481, P0, 0
2026/08/17 13:11:52.579, 7, NVIDIA RTX PRO 6000 Blackwell Server Edition, 0, 0, 96045, 97887, 89.34, 600.00, 41, 2355, 12481, P0, 0
2026/08/17 13:11:57.580, 0, NVIDIA RTX PRO 6000 Blackwell Server Edition, 0, 0, 96743, 97887, 117.68, 600.00, 41, 2347, 12481, P0, 0
2026/08/17 13:11:57.580, 1, NVIDIA RTX PRO 6000 Blackwell Server Edition, 98, 65, 95739, 97887, 423.53, 600.00, 56, 2400, 12481, P0, 0
2026/08/17 13:11:57.580, 2, NVIDIA RTX PRO 6000 Blackwell Server Edition, 98, 58, 94399, 97887, 396.52, 600.00, 54, 2392, 12481, P0, 0
2026/08/17 13:11:57.581, 3, NVIDIA RTX PRO 6000 Blackwell Server Edition, 98, 57, 95827, 97887, 385.79, 600.00, 50, 2385, 12481, P0, 0
2026/08/17 13:11:57.581, 4, NVIDIA RTX PRO 6000 Blackwell Server Edition, 97, 56, 96825, 97887, 376.15, 600.00, 44, 2370, 12481, P0, 0
2026/08/17 13:11:57.582, 5, NVIDIA RTX PRO 6000 Blackwell Server Edition, 100, 1, 96741, 97887, 514.27, 600.00, 66, 2422, 12481, P0, 0
2026/08/17 13:11:57.582, 6, NVIDIA RTX PRO 6000 Blackwell Server Edition, 98, 59, 95811, 97887, 384.30, 600.00, 52, 2385, 12481, P0, 0
2026/08/17 13:11:57.583, 7, NVIDIA RTX PRO 6000 Blackwell Server Edition, 0, 0, 96045, 97887, 88.12, 600.00, 39, 2355, 12481, P0, 0
2026/08/17 13:12:02.583, 0, NVIDIA RTX PRO 6000 Blackwell Server Edition, 0, 0, 96743, 97887, 88.02, 600.00, 38, 2347, 12481, P0, 0
2026/08/17 13:12:02.584, 1, NVIDIA RTX PRO 6000 Blackwell Server Edition, 97, 58, 95739, 97887, 392.86, 600.00, 55, 2392, 12481, P0, 0
2026/08/17 13:12:02.584, 2, NVIDIA RTX PRO 6000 Blackwell Server Edition, 97, 58, 94399, 97887, 396.11, 600.00, 54, 2392, 12481, P0, 0
2026/08/17 13:12:02.585, 3, NVIDIA RTX PRO 6000 Blackwell Server Edition, 97, 57, 95827, 97887, 385.82, 600.00, 50, 2385, 12481, P0, 0
2026/08/17 13:12:02.585, 4, NVIDIA RTX PRO 6000 Blackwell Server Edition, 0, 0, 96825, 97887, 86.62, 600.00, 35, 2347, 12481, P0, 0
2026/08/17 13:12:02.586, 5, NVIDIA RTX PRO 6000 Blackwell Server Edition, 100, 1, 96741, 97887, 501.15, 600.00, 66, 2422, 12481, P0, 0
2026/08/17 13:12:02.586, 6, NVIDIA RTX PRO 6000 Blackwell Server Edition, 97, 58, 95811, 97887, 384.27, 600.00, 52, 2385, 12481, P0, 0
2026/08/17 13:12:02.587, 7, NVIDIA RTX PRO 6000 Blackwell Server Edition, 0, 0, 96045, 97887, 87.93, 600.00, 37, 2355, 12481, P0, 0
2026/08/17 13:12:07.587, 0, NVIDIA RTX PRO 6000 Blackwell Server Edition, 0, 0, 96743, 97887, 87.59, 600.00, 37, 2347, 12481, P0, 0
2026/08/17 13:12:07.587, 1, NVIDIA RTX PRO 6000 Blackwell Server Edition, 98, 58, 95739, 97887, 393.65, 600.00, 54, 2392, 12481, P0, 0
2026/08/17 13:12:07.588, 2, NVIDIA RTX PRO 6000 Blackwell Server Edition, 97, 58, 94399, 97887, 396.95, 600.00, 54, 2392, 12481, P0, 0
2026/08/17 13:12:07.589, 3, NVIDIA RTX PRO 6000 Blackwell Server Edition, 0, 0, 95827, 97887, 91.35, 600.00, 41, 2302, 12481, P0, 0
2026/08/17 13:12:07.589, 4, NVIDIA RTX PRO 6000 Blackwell Server Edition, 0, 0, 96825, 97887, 86.68, 600.00, 35, 2340, 12481, P0, 0
2026/08/17 13:12:07.589, 5, NVIDIA RTX PRO 6000 Blackwell Server Edition, 100, 24, 96741, 97887, 505.68, 600.00, 66, 2415, 12481, P0, 0
2026/08/17 13:12:07.589, 6, NVIDIA RTX PRO 6000 Blackwell Server Edition, 97, 62, 95811, 97887, 404.72, 600.00, 54, 2392, 12481, P0, 0
2026/08/17 13:12:07.590, 7, NVIDIA RTX PRO 6000 Blackwell Server Edition, 0, 0, 96045, 97887, 87.69, 600.00, 36, 2355, 12481, P0, 0
2026/08/17 13:12:12.591, 0, NVIDIA RTX PRO 6000 Blackwell Server Edition, 0, 0, 96743, 97887, 87.11, 600.00, 36, 2347, 12481, P0, 0
2026/08/17 13:12:12.591, 1, NVIDIA RTX PRO 6000 Blackwell Server Edition, 97, 58, 95739, 97887, 391.62, 600.00, 54, 2392, 12481, P0, 0
2026/08/17 13:12:12.591, 2, NVIDIA RTX PRO 6000 Blackwell Server Edition, 97, 58, 94399, 97887, 397.28, 600.00, 54, 2392, 12481, P0, 0
2026/08/17 13:12:12.592, 3, NVIDIA RTX PRO 6000 Blackwell Server Edition, 0, 0, 95827, 97887, 91.11, 600.00, 39, 2302, 12481, P0, 0
2026/08/17 13:12:12.592, 4, NVIDIA RTX PRO 6000 Blackwell Server Edition, 0, 0, 96825, 97887, 86.19, 600.00, 34, 2340, 12481, P0, 0
2026/08/17 13:12:12.592, 5, NVIDIA RTX PRO 6000 Blackwell Server Edition, 100, 1, 96741, 97887, 517.35, 600.00, 67, 2422, 12481, P0, 0
2026/08/17 13:12:12.593, 6, NVIDIA RTX PRO 6000 Blackwell Server Edition, 97, 56, 95811, 97887, 379.67, 600.00, 53, 2385, 12481, P0, 0
2026/08/17 13:12:12.593, 7, NVIDIA RTX PRO 6000 Blackwell Server Edition, 0, 0, 96045, 97887, 86.71, 600.00, 35, 2355, 12481, P0, 0
2026/08/17 13:12:17.594, 0, NVIDIA RTX PRO 6000 Blackwell Server Edition, 97, 59, 96743, 97887, 435.51, 600.00, 46, 2385, 12481, P0, 0
2026/08/17 13:12:17.595, 1, NVIDIA RTX PRO 6000 Blackwell Server Edition, 100, 40, 95739, 97887, 593.68, 600.00, 60, 2400, 12481, P0, 0
2026/08/17 13:12:17.595, 2, NVIDIA RTX PRO 6000 Blackwell Server Edition, 97, 58, 94399, 97887, 398.10, 600.00, 54, 2392, 12481, P0, 0
2026/08/17 13:12:17.595, 3, NVIDIA RTX PRO 6000 Blackwell Server Edition, 0, 0, 95827, 97887, 89.31, 600.00, 37, 2302, 12481, P0, 0
2026/08/17 13:12:17.596, 4, NVIDIA RTX PRO 6000 Blackwell Server Edition, 0, 0, 96825, 97887, 86.13, 600.00, 33, 2355, 12481, P0, 0
2026/08/17 13:12:17.596, 5, NVIDIA RTX PRO 6000 Blackwell Server Edition, 100, 1, 96741, 97887, 504.75, 600.00, 66, 2422, 12481, P0, 0
2026/08/17 13:12:17.596, 6, NVIDIA RTX PRO 6000 Blackwell Server Edition, 96, 56, 95811, 97887, 377.86, 600.00, 53, 2385, 12481, P0, 0
2026/08/17 13:12:17.597, 7, NVIDIA RTX PRO 6000 Blackwell Server Edition, 97, 60, 96045, 97887, 470.84, 600.00, 46, 2407, 12481, P0, 0
2026/08/17 13:12:22.598, 0, NVIDIA RTX PRO 6000 Blackwell Server Edition, 98, 59, 96743, 97887, 384.12, 600.00, 47, 2385, 12481, P0, 0
2026/08/17 13:12:22.598, 1, NVIDIA RTX PRO 6000 Blackwell Server Edition, 96, 61, 95739, 97887, 427.07, 600.00, 56, 2400, 12481, P0, 0
2026/08/17 13:12:22.599, 2, NVIDIA RTX PRO 6000 Blackwell Server Edition, 98, 60, 94399, 97887, 424.17, 600.00, 55, 2392, 12481, P0, 0
2026/08/17 13:12:22.600, 3, NVIDIA RTX PRO 6000 Blackwell Server Edition, 100, 31, 95827, 97887, 197.14, 600.00, 50, 2400, 12481, P0, 0
2026/08/17 13:12:22.600, 4, NVIDIA RTX PRO 6000 Blackwell Server Edition, 0, 0, 96825, 97887, 85.69, 600.00, 33, 2347, 12481, P0, 0
2026/08/17 13:12:22.600, 5, NVIDIA RTX PRO 6000 Blackwell Server Edition, 100, 1, 96741, 97887, 505.90, 600.00, 66, 2422, 12481, P0, 0
2026/08/17 13:12:22.601, 6, NVIDIA RTX PRO 6000 Blackwell Server Edition, 97, 56, 95811, 97887, 377.15, 600.00, 53, 2385, 12481, P0, 0
2026/08/17 13:12:22.601, 7, NVIDIA RTX PRO 6000 Blackwell Server Edition, 0, 0, 96045, 97887, 87.74, 600.00, 36, 2355, 12481, P0, 0
2026/08/17 13:12:27.602, 0, NVIDIA RTX PRO 6000 Blackwell Server Edition, 97, 59, 96743, 97887, 383.80, 600.00, 48, 2385, 12481, P0, 0
2026/08/17 13:12:27.603, 1, NVIDIA RTX PRO 6000 Blackwell Server Edition, 97, 62, 95739, 97887, 413.91, 600.00, 55, 2400, 12481, P0, 0
2026/08/17 13:12:27.603, 2, NVIDIA RTX PRO 6000 Blackwell Server Edition, 0, 0, 94399, 97887, 90.02, 600.00, 44, 2317, 12481, P0, 0
2026/08/17 13:12:27.603, 3, NVIDIA RTX PRO 6000 Blackwell Server Edition, 100, 38, 95827, 97887, 581.72, 600.00, 56, 2400, 12481, P0, 0
2026/08/17 13:12:27.604, 4, NVIDIA RTX PRO 6000 Blackwell Server Edition, 0, 0, 96825, 97887, 86.19, 600.00, 33, 2355, 12481, P0, 0
2026/08/17 13:12:27.604, 5, NVIDIA RTX PRO 6000 Blackwell Server Edition, 100, 13, 96741, 97887, 515.91, 600.00, 66, 2415, 12481, P0, 0
2026/08/17 13:12:27.604, 6, NVIDIA RTX PRO 6000 Blackwell Server Edition, 97, 56, 95811, 97887, 378.44, 600.00, 53, 2385, 12481, P0, 0
2026/08/17 13:12:27.605, 7, NVIDIA RTX PRO 6000 Blackwell Server Edition, 0, 0, 96045, 97887, 86.95, 600.00, 35, 2355, 12481, P0, 0
2026/08/17 13:12:32.606, 0, NVIDIA RTX PRO 6000 Blackwell Server Edition, 98, 59, 96743, 97887, 384.28, 600.00, 49, 2385, 12481, P0, 0
2026/08/17 13:12:32.606, 1, NVIDIA RTX PRO 6000 Blackwell Server Edition, 97, 62, 95739, 97887, 412.38, 600.00, 55, 2392, 12481, P0, 0
2026/08/17 13:12:32.607, 2, NVIDIA RTX PRO 6000 Blackwell Server Edition, 0, 0, 94399, 97887, 90.69, 600.00, 41, 2317, 12481, P0, 0
2026/08/17 13:12:32.607, 3, NVIDIA RTX PRO 6000 Blackwell Server Edition, 100, 22, 95827, 97887, 572.47, 600.00, 57, 2407, 12481, P0, 0
2026/08/17 13:12:32.607, 4, NVIDIA RTX PRO 6000 Blackwell Server Edition, 98, 56, 96825, 97887, 415.63, 600.00, 44, 2302, 12481, P0, 0
2026/08/17 13:12:32.608, 5, NVIDIA RTX PRO 6000 Blackwell Server Edition, 100, 1, 96741, 97887, 517.55, 600.00, 67, 2422, 12481, P0, 0
2026/08/17 13:12:32.608, 6, NVIDIA RTX PRO 6000 Blackwell Server Edition, 97, 57, 95811, 97887, 379.75, 600.00, 53, 2385, 12481, P0, 0
2026/08/17 13:12:32.609, 7, NVIDIA RTX PRO 6000 Blackwell Server Edition, 0, 0, 96045, 97887, 86.60, 600.00, 34, 2370, 12481, P0, 0
2026/08/17 13:12:37.609, 0, NVIDIA RTX PRO 6000 Blackwell Server Edition, 97, 59, 96743, 97887, 386.75, 600.00, 50, 2385, 12481, P0, 0
2026/08/17 13:12:37.610, 1, NVIDIA RTX PRO 6000 Blackwell Server Edition, 98, 62, 95739, 97887, 415.33, 600.00, 55, 2400, 12481, P0, 0
2026/08/17 13:12:37.610, 2, NVIDIA RTX PRO 6000 Blackwell Server Edition, 0, 0, 94399, 97887, 89.72, 600.00, 39, 2317, 12481, P0, 0
2026/08/17 13:12:37.611, 3, NVIDIA RTX PRO 6000 Blackwell Server Edition, 100, 24, 95827, 97887, 558.37, 600.00, 59, 2407, 12481, P0, 0
2026/08/17 13:12:37.611, 4, NVIDIA RTX PRO 6000 Blackwell Server Edition, 98, 56, 96825, 97887, 378.20, 600.00, 45, 2370, 12481, P0, 0
2026/08/17 13:12:37.612, 5, NVIDIA RTX PRO 6000 Blackwell Server Edition, 100, 1, 96741, 97887, 508.50, 600.00, 66, 2422, 12481, P0, 0
2026/08/17 13:12:37.612, 6, NVIDIA RTX PRO 6000 Blackwell Server Edition, 97, 57, 95811, 97887, 376.94, 600.00, 53, 2385, 12481, P0, 0
2026/08/17 13:12:37.612, 7, NVIDIA RTX PRO 6000 Blackwell Server Edition, 0, 0, 96045, 97887, 86.07, 600.00, 34, 2370, 12481, P0, 0
2026/08/17 13:12:42.613, 0, NVIDIA RTX PRO 6000 Blackwell Server Edition, 97, 59, 96743, 97887, 388.12, 600.00, 50, 2385, 12481, P0, 0
2026/08/17 13:12:42.614, 1, NVIDIA RTX PRO 6000 Blackwell Server Edition, 97, 62, 95739, 97887, 414.67, 600.00, 55, 2392, 12481, P0, 0
2026/08/17 13:12:42.614, 2, NVIDIA RTX PRO 6000 Blackwell Server Edition, 0, 0, 94399, 97887, 88.92, 600.00, 37, 2317, 12481, P0, 0
2026/08/17 13:12:42.615, 3, NVIDIA RTX PRO 6000 Blackwell Server Edition, 100, 22, 95827, 97887, 549.54, 600.00, 60, 2407, 12481, P0, 0
2026/08/17 13:12:42.615, 4, NVIDIA RTX PRO 6000 Blackwell Server Edition, 97, 57, 96825, 97887, 372.33, 600.00, 46, 2377, 12481, P0, 0
2026/08/17 13:12:42.615, 5, NVIDIA RTX PRO 6000 Blackwell Server Edition, 100, 1, 96741, 97887, 517.21, 600.00, 66, 2422, 12481, P0, 0
2026/08/17 13:12:42.616, 6, NVIDIA RTX PRO 6000 Blackwell Server Edition, 0, 0, 95811, 97887, 85.50, 600.00, 44, 2430, 12481, P0, 0
2026/08/17 13:12:42.616, 7, NVIDIA RTX PRO 6000 Blackwell Server Edition, 0, 0, 96045, 97887, 86.12, 600.00, 33, 2370, 12481, P0, 0
2026/08/17 13:12:47.617, 0, NVIDIA RTX PRO 6000 Blackwell Server Edition, 97, 59, 96743, 97887, 388.12, 600.00, 51, 2385, 12481, P0, 0
2026/08/17 13:12:47.617, 1, NVIDIA RTX PRO 6000 Blackwell Server Edition, 97, 62, 95739, 97887, 414.32, 600.00, 55, 2392, 12481, P0, 0
2026/08/17 13:12:47.618, 2, NVIDIA RTX PRO 6000 Blackwell Server Edition, 0, 0, 94399, 97887, 88.22, 600.00, 36, 2317, 12481, P0, 0
2026/08/17 13:12:47.618, 3, NVIDIA RTX PRO 6000 Blackwell Server Edition, 100, 15, 95827, 97887, 559.85, 600.00, 63, 2407, 12481, P0, 0
2026/08/17 13:12:47.618, 4, NVIDIA RTX PRO 6000 Blackwell Server Edition, 100, 37, 96825, 97887, 566.96, 600.00, 56, 2392, 12481, P0, 0
2026/08/17 13:12:47.619, 5, NVIDIA RTX PRO 6000 Blackwell Server Edition, 100, 7, 96741, 97887, 508.75, 600.00, 66, 2422, 12481, P0, 0
2026/08/17 13:12:47.619, 6, NVIDIA RTX PRO 6000 Blackwell Server Edition, 0, 0, 95811, 97887, 88.56, 600.00, 41, 2347, 12481, P0, 0
2026/08/17 13:12:47.620, 7, NVIDIA RTX PRO 6000 Blackwell Server Edition, 0, 0, 96045, 97887, 86.59, 600.00, 33, 2370, 12481, P0, 0
2026/08/17 13:12:52.620, 0, NVIDIA RTX PRO 6000 Blackwell Server Edition, 97, 59, 96743, 97887, 388.34, 600.00, 51, 2385, 12481, P0, 0
2026/08/17 13:12:52.621, 1, NVIDIA RTX PRO 6000 Blackwell Server Edition, 97, 62, 95739, 97887, 413.38, 600.00, 54, 2392, 12481, P0, 0
2026/08/17 13:12:52.621, 2, NVIDIA RTX PRO 6000 Blackwell Server Edition, 0, 0, 94399, 97887, 87.68, 600.00, 35, 2317, 12481, P0, 0
2026/08/17 13:12:52.622, 3, NVIDIA RTX PRO 6000 Blackwell Server Edition, 100, 8, 95827, 97887, 558.81, 600.00, 64, 2407, 12481, P0, 0
2026/08/17 13:12:52.622, 4, NVIDIA RTX PRO 6000 Blackwell Server Edition, 98, 61, 96825, 97887, 395.25, 600.00, 50, 2385, 12481, P0, 0
2026/08/17 13:12:52.623, 5, NVIDIA RTX PRO 6000 Blackwell Server Edition, 100, 1, 96741, 97887, 505.89, 600.00, 66, 2422, 12481, P0, 0
2026/08/17 13:12:52.623, 6, NVIDIA RTX PRO 6000 Blackwell Server Edition, 0, 0, 95811, 97887, 87.56, 600.00, 39, 2347, 12481, P0, 0
2026/08/17 13:12:52.623, 7, NVIDIA RTX PRO 6000 Blackwell Server Edition, 0, 0, 96045, 97887, 85.15, 600.00, 33, 2370, 12481, P0, 0
2026/08/17 13:12:57.624, 0, NVIDIA RTX PRO 6000 Blackwell Server Edition, 0, 0, 96743, 97887, 90.71, 600.00, 42, 2347, 12481, P0, 0
2026/08/17 13:12:57.624, 1, NVIDIA RTX PRO 6000 Blackwell Server Edition, 97, 62, 95739, 97887, 412.37, 600.00, 54, 2400, 12481, P0, 0
2026/08/17 13:12:57.625, 2, NVIDIA RTX PRO 6000 Blackwell Server Edition, 0, 0, 94399, 97887, 87.30, 600.00, 35, 2317, 12481, P0, 0
2026/08/17 13:12:57.625, 3, NVIDIA RTX PRO 6000 Blackwell Server Edition, 98, 64, 95827, 97887, 427.75, 600.00, 57, 2392, 12481, P0, 0
2026/08/17 13:12:57.625, 4, NVIDIA RTX PRO 6000 Blackwell Server Edition, 97, 57, 96825, 97887, 374.40, 600.00, 50, 2377, 12481, P0, 0
2026/08/17 13:12:57.626, 5, NVIDIA RTX PRO 6000 Blackwell Server Edition, 100, 1, 96741, 97887, 517.23, 600.00, 66, 2422, 12481, P0, 0
2026/08/17 13:12:57.626, 6, NVIDIA RTX PRO 6000 Blackwell Server Edition, 0, 0, 95811, 97887, 87.01, 600.00, 38, 2347, 12481, P0, 0
2026/08/17 13:12:57.627, 7, NVIDIA RTX PRO 6000 Blackwell Server Edition, 0, 0, 96045, 97887, 85.91, 600.00, 32, 2370, 12481, P0, 0
2026/08/17 13:13:02.627, 0, NVIDIA RTX PRO 6000 Blackwell Server Edition, 0, 0, 96743, 97887, 88.62, 600.00, 40, 2347, 12481, P0, 0
2026/08/17 13:13:02.627, 1, NVIDIA RTX PRO 6000 Blackwell Server Edition, 97, 58, 95739, 97887, 391.60, 600.00, 54, 2392, 12481, P0, 0
2026/08/17 13:13:02.630, 2, NVIDIA RTX PRO 6000 Blackwell Server Edition, 0, 0, 94399, 97887, 86.86, 600.00, 34, 2317, 12481, P0, 0
2026/08/17 13:13:02.630, 3, NVIDIA RTX PRO 6000 Blackwell Server Edition, 97, 57, 95827, 97887, 393.12, 600.00, 55, 2385, 12481, P0, 0
2026/08/17 13:13:02.630, 4, NVIDIA RTX PRO 6000 Blackwell Server Edition, 98, 57, 96825, 97887, 378.46, 600.00, 50, 2377, 12481, P0, 0
2026/08/17 13:13:02.631, 5, NVIDIA RTX PRO 6000 Blackwell Server Edition, 100, 1, 96741, 97887, 514.51, 600.00, 67, 2422, 12481, P0, 0
2026/08/17 13:13:02.631, 6, NVIDIA RTX PRO 6000 Blackwell Server Edition, 98, 60, 95811, 97887, 440.74, 600.00, 48, 2385, 12481, P0, 0
2026/08/17 13:13:02.632, 7, NVIDIA RTX PRO 6000 Blackwell Server Edition, 0, 0, 96045, 97887, 85.64, 600.00, 32, 2370, 12481, P0, 0
2026/08/17 13:13:07.632, 0, NVIDIA RTX PRO 6000 Blackwell Server Edition, 0, 0, 96743, 97887, 88.57, 600.00, 38, 2347, 12481, P0, 0
2026/08/17 13:13:07.633, 1, NVIDIA RTX PRO 6000 Blackwell Server Edition, 97, 58, 95739, 97887, 393.21, 600.00, 53, 2392, 12481, P0, 0
2026/08/17 13:13:07.633, 2, NVIDIA RTX PRO 6000 Blackwell Server Edition, 0, 0, 94399, 97887, 86.38, 600.00, 34, 2317, 12481, P0, 0
2026/08/17 13:13:07.633, 3, NVIDIA RTX PRO 6000 Blackwell Server Edition, 97, 57, 95827, 97887, 391.49, 600.00, 55, 2385, 12481, P0, 0
2026/08/17 13:13:07.634, 4, NVIDIA RTX PRO 6000 Blackwell Server Edition, 97, 57, 96825, 97887, 377.32, 600.00, 51, 2377, 12481, P0, 0
2026/08/17 13:13:07.635, 5, NVIDIA RTX PRO 6000 Blackwell Server Edition, 100, 1, 96741, 97887, 503.77, 600.00, 66, 2422, 12481, P0, 0
2026/08/17 13:13:07.635, 6, NVIDIA RTX PRO 6000 Blackwell Server Edition, 98, 60, 95811, 97887, 382.80, 600.00, 49, 2385, 12481, P0, 0
2026/08/17 13:13:07.636, 7, NVIDIA RTX PRO 6000 Blackwell Server Edition, 0, 0, 96045, 97887, 85.40, 600.00, 32, 2370, 12481, P0, 0
2026/08/17 13:13:12.636, 0, NVIDIA RTX PRO 6000 Blackwell Server Edition, 0, 0, 96743, 97887, 87.24, 600.00, 37, 2347, 12481, P0, 0
2026/08/17 13:13:12.636, 1, NVIDIA RTX PRO 6000 Blackwell Server Edition, 97, 58, 95739, 97887, 387.27, 600.00, 53, 2385, 12481, P0, 0
2026/08/17 13:13:12.637, 2, NVIDIA RTX PRO 6000 Blackwell Server Edition, 0, 0, 94399, 97887, 86.70, 600.00, 34, 2325, 12481, P0, 0
2026/08/17 13:13:12.637, 3, NVIDIA RTX PRO 6000 Blackwell Server Edition, 0, 0, 95827, 97887, 88.07, 600.00, 45, 2422, 12481, P0, 0
2026/08/17 13:13:12.637, 4, NVIDIA RTX PRO 6000 Blackwell Server Edition, 98, 57, 96825, 97887, 377.59, 600.00, 51, 2377, 12481, P0, 0
2026/08/17 13:13:12.638, 5, NVIDIA RTX PRO 6000 Blackwell Server Edition, 100, 14, 96741, 97887, 517.05, 600.00, 66, 2415, 12481, P0, 0
2026/08/17 13:13:12.638, 6, NVIDIA RTX PRO 6000 Blackwell Server Edition, 97, 59, 95811, 97887, 454.80, 600.00, 51, 2385, 12481, P0, 0
2026/08/17 13:13:12.639, 7, NVIDIA RTX PRO 6000 Blackwell Server Edition, 100, 20, 96045, 97887, 477.70, 600.00, 47, 2400, 12481, P0, 0
2026/08/17 13:13:17.640, 0, NVIDIA RTX PRO 6000 Blackwell Server Edition, 100, 30, 96743, 97887, 543.82, 600.00, 52, 2392, 12481, P0, 0
2026/08/17 13:13:17.640, 1, NVIDIA RTX PRO 6000 Blackwell Server Edition, 97, 61, 95739, 97887, 448.38, 600.00, 54, 2400, 12481, P0, 0
2026/08/17 13:13:17.641, 2, NVIDIA RTX PRO 6000 Blackwell Server Edition, 0, 0, 94399, 97887, 86.84, 600.00, 33, 2325, 12481, P0, 0
2026/08/17 13:13:17.641, 3, NVIDIA RTX PRO 6000 Blackwell Server Edition, 0, 0, 95827, 97887, 94.07, 600.00, 42, 2302, 12481, P0, 0
2026/08/17 13:13:17.641, 4, NVIDIA RTX PRO 6000 Blackwell Server Edition, 97, 57, 96825, 97887, 377.24, 600.00, 51, 2377, 12481, P0, 0
2026/08/17 13:13:17.642, 5, NVIDIA RTX PRO 6000 Blackwell Server Edition, 100, 1, 96741, 97887, 504.42, 600.00, 66, 2422, 12481, P0, 0
2026/08/17 13:13:17.642, 6, NVIDIA RTX PRO 6000 Blackwell Server Edition, 0, 0, 95811, 97887, 223.34, 600.00, 43, 2392, 12481, P0, 0
2026/08/17 13:13:17.643, 7, NVIDIA RTX PRO 6000 Blackwell Server Edition, 97, 59, 96045, 97887, 385.84, 600.00, 45, 2377, 12481, P0, 0
2026/08/17 13:13:22.644, 0, NVIDIA RTX PRO 6000 Blackwell Server Edition, 0, 0, 96743, 97887, 87.11, 600.00, 37, 2347, 12481, P0, 0
2026/08/17 13:13:22.644, 1, NVIDIA RTX PRO 6000 Blackwell Server Edition, 97, 58, 95739, 97887, 387.67, 600.00, 53, 2385, 12481, P0, 0
2026/08/17 13:13:22.645, 2, NVIDIA RTX PRO 6000 Blackwell Server Edition, 100, 26, 94399, 97887, 174.82, 600.00, 46, 2332, 12481, P0, 0
2026/08/17 13:13:22.645, 3, NVIDIA RTX PRO 6000 Blackwell Server Edition, 0, 0, 95827, 97887, 92.18, 600.00, 40, 2302, 12481, P0, 0
2026/08/17 13:13:22.645, 4, NVIDIA RTX PRO 6000 Blackwell Server Edition, 98, 57, 96825, 97887, 378.84, 600.00, 51, 2377, 12481, P0, 0
2026/08/17 13:13:22.646, 5, NVIDIA RTX PRO 6000 Blackwell Server Edition, 100, 1, 96741, 97887, 506.36, 600.00, 66, 2422, 12481, P0, 0
2026/08/17 13:13:22.646, 6, NVIDIA RTX PRO 6000 Blackwell Server Edition, 0, 0, 95811, 97887, 88.22, 600.00, 41, 2347, 12481, P0, 0
2026/08/17 13:13:22.646, 7, NVIDIA RTX PRO 6000 Blackwell Server Edition, 98, 60, 96045, 97887, 379.99, 600.00, 47, 2385, 12481, P0, 0
2026/08/17 13:13:27.647, 0, NVIDIA RTX PRO 6000 Blackwell Server Edition, 0, 0, 96743, 97887, 86.64, 600.00, 36, 2347, 12481, P0, 0
2026/08/17 13:13:27.648, 1, NVIDIA RTX PRO 6000 Blackwell Server Edition, 97, 58, 95739, 97887, 388.23, 600.00, 53, 2385, 12481, P0, 0
2026/08/17 13:13:27.648, 2, NVIDIA RTX PRO 6000 Blackwell Server Edition, 98, 58, 94399, 97887, 395.91, 600.00, 45, 2385, 12481, P0, 0
2026/08/17 13:13:27.649, 3, NVIDIA RTX PRO 6000 Blackwell Server Edition, 0, 0, 95827, 97887, 90.89, 600.00, 38, 2302, 12481, P0, 0
2026/08/17 13:13:27.649, 4, NVIDIA RTX PRO 6000 Blackwell Server Edition, 97, 57, 96825, 97887, 378.49, 600.00, 52, 2377, 12481, P0, 0
2026/08/17 13:13:27.649, 5, NVIDIA RTX PRO 6000 Blackwell Server Edition, 100, 1, 96741, 97887, 521.74, 600.00, 64, 2422, 12481, P0, 0
2026/08/17 13:13:27.650, 6, NVIDIA RTX PRO 6000 Blackwell Server Edition, 0, 0, 95811, 97887, 87.44, 600.00, 39, 2347, 12481, P0, 0
2026/08/17 13:13:27.650, 7, NVIDIA RTX PRO 6000 Blackwell Server Edition, 98, 63, 96045, 97887, 401.30, 600.00, 48, 2392, 12481, P0, 0
2026/08/17 13:13:32.651, 0, NVIDIA RTX PRO 6000 Blackwell Server Edition, 100, 37, 96743, 97887, 555.93, 600.00, 56, 2407, 12481, P0, 0
2026/08/17 13:13:32.651, 1, NVIDIA RTX PRO 6000 Blackwell Server Edition, 100, 34, 95739, 97887, 451.00, 600.00, 58, 2392, 12481, P0, 0
2026/08/17 13:13:32.653, 2, NVIDIA RTX PRO 6000 Blackwell Server Edition, 98, 59, 94399, 97887, 392.44, 600.00, 46, 2392, 12481, P0, 0
2026/08/17 13:13:32.653, 3, NVIDIA RTX PRO 6000 Blackwell Server Edition, 0, 0, 95827, 97887, 90.02, 600.00, 37, 2302, 12481, P0, 0
2026/08/17 13:13:32.654, 4, NVIDIA RTX PRO 6000 Blackwell Server Edition, 97, 57, 96825, 97887, 379.03, 600.00, 52, 2377, 12481, P0, 0
2026/08/17 13:13:32.654, 5, NVIDIA RTX PRO 6000 Blackwell Server Edition, 100, 2, 96743, 97887, 472.37, 600.00, 65, 2422, 12481, P0, 0
2026/08/17 13:13:32.654, 6, NVIDIA RTX PRO 6000 Blackwell Server Edition, 0, 0, 95811, 97887, 86.00, 600.00, 37, 2340, 12481, P0, 0
2026/08/17 13:13:32.655, 7, NVIDIA RTX PRO 6000 Blackwell Server Edition, 0, 0, 96045, 97887, 87.68, 600.00, 38, 2355, 12481, P0, 0
2026/08/17 13:13:37.655, 0, NVIDIA RTX PRO 6000 Blackwell Server Edition, 100, 27, 96743, 97887, 582.76, 600.00, 57, 2407, 12481, P0, 0
2026/08/17 13:13:37.657, 1, NVIDIA RTX PRO 6000 Blackwell Server Edition, 97, 61, 95739, 97887, 408.15, 600.00, 54, 2400, 12481, P0, 0
2026/08/17 13:13:37.658, 2, NVIDIA RTX PRO 6000 Blackwell Server Edition, 100, 38, 94399, 97887, 590.59, 600.00, 53, 2392, 12481, P0, 0
2026/08/17 13:13:37.658, 3, NVIDIA RTX PRO 6000 Blackwell Server Edition, 0, 0, 95827, 97887, 88.99, 600.00, 36, 2302, 12481, P0, 0
2026/08/17 13:13:37.659, 4, NVIDIA RTX PRO 6000 Blackwell Server Edition, 98, 57, 96825, 97887, 378.62, 600.00, 52, 2377, 12481, P0, 0
2026/08/17 13:13:37.659, 5, NVIDIA RTX PRO 6000 Blackwell Server Edition, 100, 17, 96743, 97887, 459.50, 600.00, 61, 2415, 12481, P0, 0
2026/08/17 13:13:37.660, 6, NVIDIA RTX PRO 6000 Blackwell Server Edition, 0, 0, 95811, 97887, 86.08, 600.00, 36, 2347, 12481, P0, 0
2026/08/17 13:13:37.660, 7, NVIDIA RTX PRO 6000 Blackwell Server Edition, 0, 0, 96045, 97887, 87.25, 600.00, 37, 2355, 12481, P0, 0
2026/08/17 13:13:42.660, 0, NVIDIA RTX PRO 6000 Blackwell Server Edition, 100, 37, 96743, 97887, 551.33, 600.00, 59, 2407, 12481, P0, 0
2026/08/17 13:13:42.661, 1, NVIDIA RTX PRO 6000 Blackwell Server Edition, 98, 61, 95739, 97887, 408.73, 600.00, 54, 2400, 12481, P0, 0
2026/08/17 13:13:42.661, 2, NVIDIA RTX PRO 6000 Blackwell Server Edition, 0, 0, 94399, 97887, 119.79, 600.00, 42, 2317, 12481, P0, 0
2026/08/17 13:13:42.662, 3, NVIDIA RTX PRO 6000 Blackwell Server Edition, 100, 26, 95827, 97887, 566.95, 600.00, 54, 2407, 12481, P0, 0
2026/08/17 13:13:42.662, 4, NVIDIA RTX PRO 6000 Blackwell Server Edition, 97, 57, 96825, 97887, 379.08, 600.00, 52, 2377, 12481, P0, 0
2026/08/17 13:13:42.662, 5, NVIDIA RTX PRO 6000 Blackwell Server Edition, 100, 17, 96743, 97887, 451.60, 600.00, 63, 2415, 12481, P0, 0
2026/08/17 13:13:42.663, 6, NVIDIA RTX PRO 6000 Blackwell Server Edition, 0, 0, 95811, 97887, 86.08, 600.00, 35, 2340, 12481, P0, 0
2026/08/17 13:13:42.663, 7, NVIDIA RTX PRO 6000 Blackwell Server Edition, 0, 0, 96045, 97887, 86.42, 600.00, 35, 2355, 12481, P0, 0
2026/08/17 13:13:47.664, 0, NVIDIA RTX PRO 6000 Blackwell Server Edition, 100, 15, 96743, 97887, 566.57, 600.00, 60, 2415, 12481, P0, 0
2026/08/17 13:13:47.664, 1, NVIDIA RTX PRO 6000 Blackwell Server Edition, 97, 58, 95739, 97887, 388.92, 600.00, 53, 2385, 12481, P0, 0
2026/08/17 13:13:47.665, 2, NVIDIA RTX PRO 6000 Blackwell Server Edition, 0, 0, 94399, 97887, 89.14, 600.00, 39, 2317, 12481, P0, 0
2026/08/17 13:13:47.665, 3, NVIDIA RTX PRO 6000 Blackwell Server Edition, 100, 40, 95827, 97887, 469.79, 600.00, 54, 2400, 12481, P0, 0
2026/08/17 13:13:47.665, 4, NVIDIA RTX PRO 6000 Blackwell Server Edition, 97, 57, 96825, 97887, 378.23, 600.00, 52, 2377, 12481, P0, 0
2026/08/17 13:13:47.666, 5, NVIDIA RTX PRO 6000 Blackwell Server Edition, 100, 30, 96743, 97887, 565.39, 600.00, 66, 2407, 12481, P0, 0
2026/08/17 13:13:47.666, 6, NVIDIA RTX PRO 6000 Blackwell Server Edition, 0, 0, 95811, 97887, 85.98, 600.00, 35, 2340, 12481, P0, 0
2026/08/17 13:13:47.666, 7, NVIDIA RTX PRO 6000 Blackwell Server Edition, 0, 0, 96045, 97887, 86.22, 600.00, 35, 2355, 12481, P0, 0
2026/08/17 13:13:52.667, 0, NVIDIA RTX PRO 6000 Blackwell Server Edition, 100, 37, 96743, 97887, 552.96, 600.00, 61, 2415, 12481, P0, 0
2026/08/17 13:13:52.667, 1, NVIDIA RTX PRO 6000 Blackwell Server Edition, 97, 58, 95739, 97887, 388.22, 600.00, 53, 2385, 12481, P0, 0
2026/08/17 13:13:52.668, 2, NVIDIA RTX PRO 6000 Blackwell Server Edition, 0, 0, 94399, 97887, 88.16, 600.00, 37, 2317, 12481, P0, 0
2026/08/17 13:13:52.668, 3, NVIDIA RTX PRO 6000 Blackwell Server Edition, 100, 28, 95827, 97887, 556.53, 600.00, 57, 2392, 12481, P0, 0
2026/08/17 13:13:52.669, 4, NVIDIA RTX PRO 6000 Blackwell Server Edition, 97, 61, 96825, 97887, 397.82, 600.00, 54, 2385, 12481, P0, 0
2026/08/17 13:13:52.669, 5, NVIDIA RTX PRO 6000 Blackwell Server Edition, 100, 36, 96743, 97887, 565.40, 600.00, 67, 2407, 12481, P0, 0
2026/08/17 13:13:52.670, 6, NVIDIA RTX PRO 6000 Blackwell Server Edition, 0, 0, 95811, 97887, 85.73, 600.00, 34, 2347, 12481, P0, 0
2026/08/17 13:13:52.670, 7, NVIDIA RTX PRO 6000 Blackwell Server Edition, 0, 0, 96045, 97887, 85.88, 600.00, 34, 2362, 12481, P0, 0
2026/08/17 13:13:57.671, 0, NVIDIA RTX PRO 6000 Blackwell Server Edition, 0, 0, 96745, 97887, 87.74, 600.00, 48, 2430, 12481, P0, 0
2026/08/17 13:13:57.671, 1, NVIDIA RTX PRO 6000 Blackwell Server Edition, 0, 0, 95739, 97887, 119.41, 600.00, 45, 2422, 12481, P0, 0
2026/08/17 13:13:57.671, 2, NVIDIA RTX PRO 6000 Blackwell Server Edition, 0, 0, 94399, 97887, 88.33, 600.00, 36, 2317, 12481, P0, 0
2026/08/17 13:13:57.671, 3, NVIDIA RTX PRO 6000 Blackwell Server Edition, 97, 63, 95827, 97887, 417.01, 600.00, 52, 2392, 12481, P0, 0
2026/08/17 13:13:57.672, 4, NVIDIA RTX PRO 6000 Blackwell Server Edition, 98, 61, 96825, 97887, 401.67, 600.00, 54, 2385, 12481, P0, 0
2026/08/17 13:13:57.673, 5, NVIDIA RTX PRO 6000 Blackwell Server Edition, 100, 27, 96743, 97887, 563.77, 600.00, 66, 2415, 12481, P0, 0
2026/08/17 13:13:57.674, 6, NVIDIA RTX PRO 6000 Blackwell Server Edition, 0, 0, 95811, 97887, 85.76, 600.00, 34, 2347, 12481, P0, 0
2026/08/17 13:13:57.674, 7, NVIDIA RTX PRO 6000 Blackwell Server Edition, 0, 0, 96045, 97887, 85.64, 600.00, 33, 2370, 12481, P0, 0
2026/08/17 13:14:02.674, 0, NVIDIA RTX PRO 6000 Blackwell Server Edition, 0, 0, 96745, 97887, 91.17, 600.00, 43, 2347, 12481, P0, 0
2026/08/17 13:14:02.675, 1, NVIDIA RTX PRO 6000 Blackwell Server Edition, 0, 0, 95739, 97887, 92.13, 600.00, 42, 2332, 12481, P0, 0
2026/08/17 13:14:02.675, 2, NVIDIA RTX PRO 6000 Blackwell Server Edition, 0, 0, 94399, 97887, 87.36, 600.00, 35, 2317, 12481, P0, 0
2026/08/17 13:14:02.676, 3, NVIDIA RTX PRO 6000 Blackwell Server Edition, 98, 63, 95827, 97887, 414.47, 600.00, 53, 2392, 12481, P0, 0
2026/08/17 13:14:02.677, 4, NVIDIA RTX PRO 6000 Blackwell Server Edition, 97, 61, 96825, 97887, 399.80, 600.00, 54, 2385, 12481, P0, 0
2026/08/17 13:14:02.678, 5, NVIDIA RTX PRO 6000 Blackwell Server Edition, 100, 21, 96743, 97887, 560.61, 600.00, 67, 2407, 12481, P0, 0
2026/08/17 13:14:02.678, 6, NVIDIA RTX PRO 6000 Blackwell Server Edition, 0, 0, 95811, 97887, 85.54, 600.00, 33, 2347, 12481, P0, 0
2026/08/17 13:14:02.678, 7, NVIDIA RTX PRO 6000 Blackwell Server Edition, 0, 0, 96045, 97887, 85.69, 600.00, 33, 2370, 12481, P0, 0
2026/08/17 13:14:07.679, 0, NVIDIA RTX PRO 6000 Blackwell Server Edition, 100, 27, 96745, 97887, 503.76, 600.00, 58, 2392, 12481, P0, 0
2026/08/17 13:14:07.679, 1, NVIDIA RTX PRO 6000 Blackwell Server Edition, 0, 0, 95739, 97887, 90.07, 600.00, 40, 2332, 12481, P0, 0
2026/08/17 13:14:07.679, 2, NVIDIA RTX PRO 6000 Blackwell Server Edition, 0, 0, 94399, 97887, 87.54, 600.00, 34, 2317, 12481, P0, 0
2026/08/17 13:14:07.680, 3, NVIDIA RTX PRO 6000 Blackwell Server Edition, 97, 63, 95827, 97887, 413.92, 600.00, 53, 2392, 12481, P0, 0
2026/08/17 13:14:07.680, 4, NVIDIA RTX PRO 6000 Blackwell Server Edition, 97, 57, 96825, 97887, 379.06, 600.00, 53, 2377, 12481, P0, 0
2026/08/17 13:14:07.681, 5, NVIDIA RTX PRO 6000 Blackwell Server Edition, 100, 25, 96743, 97887, 566.08, 600.00, 68, 2407, 12481, P0, 0
2026/08/17 13:14:07.681, 6, NVIDIA RTX PRO 6000 Blackwell Server Edition, 100, 40, 95811, 97887, 572.51, 600.00, 50, 2407, 12481, P0, 0
2026/08/17 13:14:07.682, 7, NVIDIA RTX PRO 6000 Blackwell Server Edition, 0, 0, 96045, 97887, 85.10, 600.00, 33, 2370, 12481, P0, 0
2026/08/17 13:14:12.682, 0, NVIDIA RTX PRO 6000 Blackwell Server Edition, 98, 65, 96745, 97887, 416.49, 600.00, 54, 2392, 12481, P0, 0
2026/08/17 13:14:12.683, 1, NVIDIA RTX PRO 6000 Blackwell Server Edition, 0, 0, 95739, 97887, 88.51, 600.00, 38, 2332, 12481, P0, 0
2026/08/17 13:14:12.683, 2, NVIDIA RTX PRO 6000 Blackwell Server Edition, 0, 0, 94399, 97887, 87.30, 600.00, 34, 2325, 12481, P0, 0
2026/08/17 13:14:12.683, 3, NVIDIA RTX PRO 6000 Blackwell Server Edition, 97, 63, 95827, 97887, 418.98, 600.00, 53, 2392, 12481, P0, 0
2026/08/17 13:14:12.684, 4, NVIDIA RTX PRO 6000 Blackwell Server Edition, 97, 57, 96825, 97887, 381.09, 600.00, 53, 2377, 12481, P0, 0
2026/08/17 13:14:12.684, 5, NVIDIA RTX PRO 6000 Blackwell Server Edition, 100, 33, 96743, 97887, 580.63, 600.00, 68, 2407, 12481, P0, 0
2026/08/17 13:14:12.685, 6, NVIDIA RTX PRO 6000 Blackwell Server Edition, 97, 56, 95811, 97887, 368.74, 600.00, 45, 2385, 12481, P0, 0
2026/08/17 13:14:12.685, 7, NVIDIA RTX PRO 6000 Blackwell Server Edition, 0, 0, 96045, 97887, 85.12, 600.00, 32, 2370, 12481, P0, 0
2026/08/17 13:14:17.686, 0, NVIDIA RTX PRO 6000 Blackwell Server Edition, 98, 61, 96745, 97887, 394.28, 600.00, 53, 2385, 12481, P0, 0
2026/08/17 13:14:17.686, 1, NVIDIA RTX PRO 6000 Blackwell Server Edition, 0, 0, 95739, 97887, 89.00, 600.00, 37, 2325, 12481, P0, 0
2026/08/17 13:14:17.687, 2, NVIDIA RTX PRO 6000 Blackwell Server Edition, 0, 0, 94399, 97887, 87.06, 600.00, 34, 2325, 12481, P0, 0
2026/08/17 13:14:17.687, 3, NVIDIA RTX PRO 6000 Blackwell Server Edition, 97, 63, 95827, 97887, 417.70, 600.00, 53, 2392, 12481, P0, 0
2026/08/17 13:14:17.687, 4, NVIDIA RTX PRO 6000 Blackwell Server Edition, 97, 57, 96825, 97887, 379.14, 600.00, 53, 2377, 12481, P0, 0
2026/08/17 13:14:17.688, 5, NVIDIA RTX PRO 6000 Blackwell Server Edition, 100, 32, 96743, 97887, 576.15, 600.00, 68, 2407, 12481, P0, 0
2026/08/17 13:14:17.689, 6, NVIDIA RTX PRO 6000 Blackwell Server Edition, 97, 56, 95811, 97887, 371.89, 600.00, 46, 2385, 12481, P0, 0
2026/08/17 13:14:17.689, 7, NVIDIA RTX PRO 6000 Blackwell Server Edition, 0, 0, 96045, 97887, 85.59, 600.00, 32, 2370, 12481, P0, 0
2026/08/17 13:14:22.690, 0, NVIDIA RTX PRO 6000 Blackwell Server Edition, 98, 61, 96745, 97887, 394.53, 600.00, 53, 2385, 12481, P0, 0
2026/08/17 13:14:22.690, 1, NVIDIA RTX PRO 6000 Blackwell Server Edition, 0, 0, 95739, 97887, 88.32, 600.00, 36, 2325, 12481, P0, 0
2026/08/17 13:14:22.691, 2, NVIDIA RTX PRO 6000 Blackwell Server Edition, 0, 0, 94399, 97887, 87.20, 600.00, 33, 2325, 12481, P0, 0
2026/08/17 13:14:22.691, 3, NVIDIA RTX PRO 6000 Blackwell Server Edition, 97, 63, 95827, 97887, 416.01, 600.00, 54, 2392, 12481, P0, 0
2026/08/17 13:14:22.692, 4, NVIDIA RTX PRO 6000 Blackwell Server Edition, 97, 61, 96825, 97887, 403.76, 600.00, 54, 2385, 12481, P0, 0
2026/08/17 13:14:22.692, 5, NVIDIA RTX PRO 6000 Blackwell Server Edition, 100, 35, 96743, 97887, 568.91, 600.00, 68, 2407, 12481, P0, 0
2026/08/17 13:14:22.692, 6, NVIDIA RTX PRO 6000 Blackwell Server Edition, 0, 0, 95811, 97887, 194.90, 600.00, 40, 2347, 12481, P0, 0
2026/08/17 13:14:22.693, 7, NVIDIA RTX PRO 6000 Blackwell Server Edition, 0, 0, 96045, 97887, 84.66, 600.00, 32, 2370, 12481, P0, 0
2026/08/17 13:14:27.693, 0, NVIDIA RTX PRO 6000 Blackwell Server Edition, 98, 61, 96745, 97887, 393.91, 600.00, 53, 2385, 12481, P0, 0
2026/08/17 13:14:27.694, 1, NVIDIA RTX PRO 6000 Blackwell Server Edition, 0, 0, 95739, 97887, 87.54, 600.00, 35, 2325, 12481, P0, 0
2026/08/17 13:14:27.694, 2, NVIDIA RTX PRO 6000 Blackwell Server Edition, 0, 0, 94399, 97887, 86.77, 600.00, 33, 2325, 12481, P0, 0
2026/08/17 13:14:27.694, 3, NVIDIA RTX PRO 6000 Blackwell Server Edition, 97, 63, 95827, 97887, 417.50, 600.00, 54, 2392, 12481, P0, 0
2026/08/17 13:14:27.695, 4, NVIDIA RTX PRO 6000 Blackwell Server Edition, 25, 15, 96825, 97887, 320.27, 600.00, 47, 2385, 12481, P0, 0
2026/08/17 13:14:27.695, 5, NVIDIA RTX PRO 6000 Blackwell Server Edition, 100, 18, 96743, 97887, 568.71, 600.00, 68, 2407, 12481, P0, 0
2026/08/17 13:14:27.696, 6, NVIDIA RTX PRO 6000 Blackwell Server Edition, 0, 0, 95811, 97887, 86.93, 600.00, 38, 2347, 12481, P0, 0
2026/08/17 13:14:27.696, 7, NVIDIA RTX PRO 6000 Blackwell Server Edition, 100, 38, 96045, 97887, 539.03, 600.00, 51, 2407, 12481, P0, 0
2026/08/17 13:14:32.697, 0, NVIDIA RTX PRO 6000 Blackwell Server Edition, 98, 61, 96745, 97887, 395.93, 600.00, 53, 2385, 12481, P0, 0
2026/08/17 13:14:32.697, 1, NVIDIA RTX PRO 6000 Blackwell Server Edition, 0, 0, 95739, 97887, 87.53, 600.00, 35, 2325, 12481, P0, 0
2026/08/17 13:14:32.699, 2, NVIDIA RTX PRO 6000 Blackwell Server Edition, 0, 0, 94399, 97887, 86.81, 600.00, 33, 2325, 12481, P0, 0
2026/08/17 13:14:32.700, 3, NVIDIA RTX PRO 6000 Blackwell Server Edition, 97, 63, 95827, 97887, 418.74, 600.00, 54, 2392, 12481, P0, 0
2026/08/17 13:14:32.700, 4, NVIDIA RTX PRO 6000 Blackwell Server Edition, 0, 0, 96825, 97887, 90.68, 600.00, 42, 2347, 12481, P0, 0
2026/08/17 13:14:32.700, 5, NVIDIA RTX PRO 6000 Blackwell Server Edition, 100, 13, 96743, 97887, 547.66, 600.00, 68, 2407, 12481, P0, 0
2026/08/17 13:14:32.701, 6, NVIDIA RTX PRO 6000 Blackwell Server Edition, 0, 0, 95811, 97887, 85.98, 600.00, 37, 2340, 12481, P0, 0
2026/08/17 13:14:32.701, 7, NVIDIA RTX PRO 6000 Blackwell Server Edition, 96, 56, 96045, 97887, 371.37, 600.00, 45, 2385, 12481, P0, 0
2026/08/17 13:14:37.702, 0, NVIDIA RTX PRO 6000 Blackwell Server Edition, 100, 38, 96745, 97887, 584.52, 600.00, 60, 2407, 12481, P0, 0
2026/08/17 13:14:37.702, 1, NVIDIA RTX PRO 6000 Blackwell Server Edition, 0, 0, 95739, 97887, 87.29, 600.00, 34, 2325, 12481, P0, 0
2026/08/17 13:14:37.703, 2, NVIDIA RTX PRO 6000 Blackwell Server Edition, 0, 0, 94399, 97887, 86.49, 600.00, 33, 2325, 12481, P0, 0
2026/08/17 13:14:37.703, 3, NVIDIA RTX PRO 6000 Blackwell Server Edition, 97, 63, 95827, 97887, 416.56, 600.00, 54, 2392, 12481, P0, 0
2026/08/17 13:14:37.703, 4, NVIDIA RTX PRO 6000 Blackwell Server Edition, 0, 0, 96825, 97887, 90.18, 600.00, 40, 2347, 12481, P0, 0
2026/08/17 13:14:37.704, 5, NVIDIA RTX PRO 6000 Blackwell Server Edition, 100, 10, 96743, 97887, 570.32, 600.00, 69, 2407, 12481, P0, 0
2026/08/17 13:14:37.704, 6, NVIDIA RTX PRO 6000 Blackwell Server Edition, 0, 0, 95811, 97887, 85.00, 600.00, 36, 2340, 12481, P0, 0
2026/08/17 13:14:37.704, 7, NVIDIA RTX PRO 6000 Blackwell Server Edition, 97, 56, 96045, 97887, 370.99, 600.00, 47, 2385, 12481, P0, 0
2026/08/17 13:14:42.705, 0, NVIDIA RTX PRO 6000 Blackwell Server Edition, 98, 61, 96745, 97887, 395.63, 600.00, 54, 2385, 12481, P0, 0
2026/08/17 13:14:42.706, 1, NVIDIA RTX PRO 6000 Blackwell Server Edition, 0, 0, 95739, 97887, 87.29, 600.00, 34, 2332, 12481, P0, 0
2026/08/17 13:14:42.706, 2, NVIDIA RTX PRO 6000 Blackwell Server Edition, 0, 0, 94399, 97887, 86.22, 600.00, 33, 2325, 12481, P0, 0
2026/08/17 13:14:42.706, 3, NVIDIA RTX PRO 6000 Blackwell Server Edition, 98, 57, 95827, 97887, 390.51, 600.00, 53, 2385, 12481, P0, 0
2026/08/17 13:14:42.707, 4, NVIDIA RTX PRO 6000 Blackwell Server Edition, 0, 0, 96825, 97887, 88.63, 600.00, 38, 2347, 12481, P0, 0
2026/08/17 13:14:42.707, 5, NVIDIA RTX PRO 6000 Blackwell Server Edition, 100, 37, 96743, 97887, 574.93, 600.00, 67, 2400, 12481, P0, 0
2026/08/17 13:14:42.707, 6, NVIDIA RTX PRO 6000 Blackwell Server Edition, 0, 0, 95811, 97887, 85.05, 600.00, 35, 2340, 12481, P0, 0
2026/08/17 13:14:42.707, 7, NVIDIA RTX PRO 6000 Blackwell Server Edition, 97, 56, 96045, 97887, 372.91, 600.00, 48, 2385, 12481, P0, 0
2026/08/17 13:14:47.708, 0, NVIDIA RTX PRO 6000 Blackwell Server Edition, 97, 61, 96745, 97887, 397.10, 600.00, 54, 2385, 12481, P0, 0
2026/08/17 13:14:47.709, 1, NVIDIA RTX PRO 6000 Blackwell Server Edition, 100, 23, 95739, 97887, 548.37, 600.00, 49, 2415, 12481, P0, 0
2026/08/17 13:14:47.709, 2, NVIDIA RTX PRO 6000 Blackwell Server Edition, 100, 40, 94399, 97887, 585.53, 600.00, 49, 2400, 12481, P0, 0
2026/08/17 13:14:47.711, 3, NVIDIA RTX PRO 6000 Blackwell Server Edition, 100, 37, 95827, 97887, 522.59, 600.00, 62, 2400, 12481, P0, 0
2026/08/17 13:14:47.711, 4, NVIDIA RTX PRO 6000 Blackwell Server Edition, 0, 0, 96825, 97887, 87.78, 600.00, 37, 2347, 12481, P0, 0
2026/08/17 13:14:47.711, 5, NVIDIA RTX PRO 6000 Blackwell Server Edition, 99, 29, 96743, 97887, 578.11, 600.00, 68, 2407, 12481, P0, 0
2026/08/17 13:14:47.712, 6, NVIDIA RTX PRO 6000 Blackwell Server Edition, 0, 0, 95811, 97887, 84.59, 600.00, 34, 2340, 12481, P0, 0
2026/08/17 13:14:47.712, 7, NVIDIA RTX PRO 6000 Blackwell Server Edition, 0, 0, 96045, 97887, 87.72, 600.00, 38, 2355, 12481, P0, 0
2026/08/17 13:14:52.713, 0, NVIDIA RTX PRO 6000 Blackwell Server Edition, 98, 61, 96745, 97887, 398.13, 600.00, 54, 2385, 12481, P0, 0
2026/08/17 13:14:52.713, 1, NVIDIA RTX PRO 6000 Blackwell Server Edition, 100, 23, 95739, 97887, 513.07, 600.00, 53, 2392, 12481, P0, 0
2026/08/17 13:14:52.714, 2, NVIDIA RTX PRO 6000 Blackwell Server Edition, 97, 56, 94399, 97887, 385.81, 600.00, 45, 2392, 12481, P0, 0
2026/08/17 13:14:52.714, 3, NVIDIA RTX PRO 6000 Blackwell Server Edition, 97, 61, 95827, 97887, 413.80, 600.00, 55, 2392, 12481, P0, 0
2026/08/17 13:14:52.715, 4, NVIDIA RTX PRO 6000 Blackwell Server Edition, 0, 0, 96825, 97887, 87.46, 600.00, 36, 2347, 12481, P0, 0
2026/08/17 13:14:52.715, 5, NVIDIA RTX PRO 6000 Blackwell Server Edition, 100, 37, 96743, 97887, 580.19, 600.00, 67, 2400, 12481, P0, 0
2026/08/17 13:14:52.716, 6, NVIDIA RTX PRO 6000 Blackwell Server Edition, 0, 0, 95811, 97887, 84.61, 600.00, 34, 2347, 12481, P0, 0
2026/08/17 13:14:52.716, 7, NVIDIA RTX PRO 6000 Blackwell Server Edition, 0, 0, 96045, 97887, 87.04, 600.00, 36, 2355, 12481, P0, 0
2026/08/17 13:14:57.717, 0, NVIDIA RTX PRO 6000 Blackwell Server Edition, 97, 61, 96745, 97887, 397.66, 600.00, 54, 2385, 12481, P0, 0
2026/08/17 13:14:57.717, 1, NVIDIA RTX PRO 6000 Blackwell Server Edition, 98, 59, 95739, 97887, 384.71, 600.00, 48, 2385, 12481, P0, 0
2026/08/17 13:14:57.718, 2, NVIDIA RTX PRO 6000 Blackwell Server Edition, 97, 56, 94399, 97887, 385.52, 600.00, 47, 2392, 12481, P0, 0
2026/08/17 13:14:57.719, 3, NVIDIA RTX PRO 6000 Blackwell Server Edition, 97, 61, 95827, 97887, 415.97, 600.00, 55, 2392, 12481, P0, 0
2026/08/17 13:14:57.719, 4, NVIDIA RTX PRO 6000 Blackwell Server Edition, 100, 37, 96825, 97887, 573.72, 600.00, 55, 2407, 12481, P0, 0
2026/08/17 13:14:57.720, 5, NVIDIA RTX PRO 6000 Blackwell Server Edition, 100, 39, 96743, 97887, 564.32, 600.00, 69, 2400, 12481, P0, 0
2026/08/17 13:14:57.720, 6, NVIDIA RTX PRO 6000 Blackwell Server Edition, 0, 0, 95811, 97887, 84.46, 600.00, 33, 2347, 12481, P0, 0
2026/08/17 13:14:57.720, 7, NVIDIA RTX PRO 6000 Blackwell Server Edition, 0, 0, 96045, 97887, 86.65, 600.00, 35, 2355, 12481, P0, 0
2026/08/17 13:15:02.721, 0, NVIDIA RTX PRO 6000 Blackwell Server Edition, 98, 61, 96745, 97887, 397.07, 600.00, 53, 2385, 12481, P0, 0
2026/08/17 13:15:02.721, 1, NVIDIA RTX PRO 6000 Blackwell Server Edition, 98, 59, 95739, 97887, 385.55, 600.00, 49, 2385, 12481, P0, 0
2026/08/17 13:15:02.722, 2, NVIDIA RTX PRO 6000 Blackwell Server Edition, 97, 57, 94399, 97887, 387.60, 600.00, 48, 2392, 12481, P0, 0
2026/08/17 13:15:02.723, 3, NVIDIA RTX PRO 6000 Blackwell Server Edition, 97, 61, 95827, 97887, 412.94, 600.00, 54, 2392, 12481, P0, 0
2026/08/17 13:15:02.724, 4, NVIDIA RTX PRO 6000 Blackwell Server Edition, 97, 57, 96825, 97887, 374.20, 600.00, 49, 2377, 12481, P0, 0
2026/08/17 13:15:02.724, 5, NVIDIA RTX PRO 6000 Blackwell Server Edition, 100, 38, 96743, 97887, 528.36, 600.00, 68, 2400, 12481, P0, 0
2026/08/17 13:15:02.724, 6, NVIDIA RTX PRO 6000 Blackwell Server Edition, 0, 0, 95811, 97887, 85.00, 600.00, 33, 2347, 12481, P0, 0
2026/08/17 13:15:02.724, 7, NVIDIA RTX PRO 6000 Blackwell Server Edition, 0, 0, 96045, 97887, 86.12, 600.00, 34, 2355, 12481, P0, 0
2026/08/17 13:15:07.725, 0, NVIDIA RTX PRO 6000 Blackwell Server Edition, 97, 61, 96745, 97887, 397.30, 600.00, 53, 2385, 12481, P0, 0
2026/08/17 13:15:07.726, 1, NVIDIA RTX PRO 6000 Blackwell Server Edition, 98, 59, 95739, 97887, 388.51, 600.00, 49, 2385, 12481, P0, 0
2026/08/17 13:15:07.726, 2, NVIDIA RTX PRO 6000 Blackwell Server Edition, 97, 57, 94399, 97887, 388.47, 600.00, 49, 2392, 12481, P0, 0
2026/08/17 13:15:07.727, 3, NVIDIA RTX PRO 6000 Blackwell Server Edition, 97, 57, 95827, 97887, 391.81, 600.00, 54, 2385, 12481, P0, 0
2026/08/17 13:15:07.727, 4, NVIDIA RTX PRO 6000 Blackwell Server Edition, 0, 0, 96825, 97887, 88.23, 600.00, 38, 2347, 12481, P0, 0
2026/08/17 13:15:07.727, 5, NVIDIA RTX PRO 6000 Blackwell Server Edition, 100, 39, 96743, 97887, 582.63, 600.00, 69, 2400, 12481, P0, 0
2026/08/17 13:15:07.728, 6, NVIDIA RTX PRO 6000 Blackwell Server Edition, 0, 0, 95811, 97887, 84.56, 600.00, 33, 2347, 12481, P0, 0
2026/08/17 13:15:07.728, 7, NVIDIA RTX PRO 6000 Blackwell Server Edition, 0, 0, 96045, 97887, 86.18, 600.00, 34, 2370, 12481, P0, 0
2026/08/17 13:15:12.729, 0, NVIDIA RTX PRO 6000 Blackwell Server Edition, 98, 61, 96745, 97887, 396.08, 600.00, 53, 2385, 12481, P0, 0
2026/08/17 13:15:12.729, 1, NVIDIA RTX PRO 6000 Blackwell Server Edition, 98, 59, 95739, 97887, 388.89, 600.00, 50, 2385, 12481, P0, 0
2026/08/17 13:15:12.730, 2, NVIDIA RTX PRO 6000 Blackwell Server Edition, 0, 0, 94399, 97887, 90.17, 600.00, 40, 2317, 12481, P0, 0
2026/08/17 13:15:12.730, 3, NVIDIA RTX PRO 6000 Blackwell Server Edition, 98, 57, 95827, 97887, 388.48, 600.00, 54, 2385, 12481, P0, 0
2026/08/17 13:15:12.731, 4, NVIDIA RTX PRO 6000 Blackwell Server Edition, 0, 0, 96825, 97887, 87.64, 600.00, 37, 2347, 12481, P0, 0
2026/08/17 13:15:12.731, 5, NVIDIA RTX PRO 6000 Blackwell Server Edition, 100, 32, 96743, 97887, 577.79, 600.00, 68, 2407, 12481, P0, 0
2026/08/17 13:15:12.733, 6, NVIDIA RTX PRO 6000 Blackwell Server Edition, 0, 0, 95811, 97887, 84.32, 600.00, 33, 2347, 12481, P0, 0
2026/08/17 13:15:12.733, 7, NVIDIA RTX PRO 6000 Blackwell Server Edition, 0, 0, 96045, 97887, 85.64, 600.00, 33, 2370, 12481, P0, 0
2026/08/17 13:15:17.733, 0, NVIDIA RTX PRO 6000 Blackwell Server Edition, 98, 61, 96745, 97887, 396.58, 600.00, 53, 2385, 12481, P0, 0
2026/08/17 13:15:17.734, 1, NVIDIA RTX PRO 6000 Blackwell Server Edition, 97, 59, 95739, 97887, 390.87, 600.00, 50, 2385, 12481, P0, 0
2026/08/17 13:15:17.735, 2, NVIDIA RTX PRO 6000 Blackwell Server Edition, 0, 0, 94399, 97887, 89.92, 600.00, 38, 2317, 12481, P0, 0
2026/08/17 13:15:17.735, 3, NVIDIA RTX PRO 6000 Blackwell Server Edition, 97, 57, 95827, 97887, 387.92, 600.00, 53, 2385, 12481, P0, 0
2026/08/17 13:15:17.735, 4, NVIDIA RTX PRO 6000 Blackwell Server Edition, 0, 0, 96825, 97887, 87.40, 600.00, 36, 2347, 12481, P0, 0
2026/08/17 13:15:17.736, 5, NVIDIA RTX PRO 6000 Blackwell Server Edition, 100, 36, 96743, 97887, 557.60, 600.00, 68, 2400, 12481, P0, 0
2026/08/17 13:15:17.736, 6, NVIDIA RTX PRO 6000 Blackwell Server Edition, 0, 0, 95811, 97887, 84.08, 600.00, 32, 2347, 12481, P0, 0
2026/08/17 13:15:17.736, 7, NVIDIA RTX PRO 6000 Blackwell Server Edition, 0, 0, 96045, 97887, 85.64, 600.00, 33, 2370, 12481, P0, 0
2026/08/17 13:15:22.737, 0, NVIDIA RTX PRO 6000 Blackwell Server Edition, 98, 61, 96745, 97887, 396.34, 600.00, 53, 2385, 12481, P0, 0
2026/08/17 13:15:22.738, 1, NVIDIA RTX PRO 6000 Blackwell Server Edition, 97, 59, 95739, 97887, 388.95, 600.00, 51, 2385, 12481, P0, 0
2026/08/17 13:15:22.738, 2, NVIDIA RTX PRO 6000 Blackwell Server Edition, 0, 0, 94399, 97887, 89.25, 600.00, 37, 2317, 12481, P0, 0
2026/08/17 13:15:22.739, 3, NVIDIA RTX PRO 6000 Blackwell Server Edition, 97, 57, 95827, 97887, 389.50, 600.00, 53, 2385, 12481, P0, 0
2026/08/17 13:15:22.739, 4, NVIDIA RTX PRO 6000 Blackwell Server Edition, 0, 0, 96825, 97887, 87.16, 600.00, 35, 2340, 12481, P0, 0
2026/08/17 13:15:22.739, 5, NVIDIA RTX PRO 6000 Blackwell Server Edition, 100, 39, 96743, 97887, 573.02, 600.00, 69, 2400, 12481, P0, 0
2026/08/17 13:15:22.740, 6, NVIDIA RTX PRO 6000 Blackwell Server Edition, 0, 0, 95811, 97887, 83.59, 600.00, 32, 2347, 12481, P0, 0
2026/08/17 13:15:22.740, 7, NVIDIA RTX PRO 6000 Blackwell Server Edition, 0, 0, 96045, 97887, 85.69, 600.00, 33, 2370, 12481, P0, 0
2026/08/17 13:15:27.740, 0, NVIDIA RTX PRO 6000 Blackwell Server Edition, 98, 61, 96745, 97887, 394.78, 600.00, 53, 2385, 12481, P0, 0
2026/08/17 13:15:27.741, 1, NVIDIA RTX PRO 6000 Blackwell Server Edition, 97, 59, 95739, 97887, 387.37, 600.00, 51, 2385, 12481, P0, 0
2026/08/17 13:15:27.741, 2, NVIDIA RTX PRO 6000 Blackwell Server Edition, 0, 0, 94399, 97887, 88.27, 600.00, 36, 2317, 12481, P0, 0
2026/08/17 13:15:27.742, 3, NVIDIA RTX PRO 6000 Blackwell Server Edition, 0, 0, 95827, 97887, 93.09, 600.00, 43, 2302, 12481, P0, 0
2026/08/17 13:15:27.742, 4, NVIDIA RTX PRO 6000 Blackwell Server Edition, 0, 0, 96825, 97887, 86.73, 600.00, 34, 2347, 12481, P0, 0
2026/08/17 13:15:27.742, 5, NVIDIA RTX PRO 6000 Blackwell Server Edition, 99, 44, 96743, 97887, 470.73, 600.00, 64, 2407, 12481, P0, 0
2026/08/17 13:15:27.743, 6, NVIDIA RTX PRO 6000 Blackwell Server Edition, 0, 0, 95811, 97887, 84.10, 600.00, 32, 2347, 12481, P0, 0
2026/08/17 13:15:27.743, 7, NVIDIA RTX PRO 6000 Blackwell Server Edition, 0, 0, 96045, 97887, 84.72, 600.00, 33, 2370, 12481, P0, 0
2026/08/17 13:15:32.744, 0, NVIDIA RTX PRO 6000 Blackwell Server Edition, 98, 61, 96745, 97887, 395.78, 600.00, 53, 2385, 12481, P0, 0
2026/08/17 13:15:32.744, 1, NVIDIA RTX PRO 6000 Blackwell Server Edition, 97, 59, 95739, 97887, 389.71, 600.00, 51, 2385, 12481, P0, 0
2026/08/17 13:15:32.745, 2, NVIDIA RTX PRO 6000 Blackwell Server Edition, 0, 0, 94399, 97887, 87.84, 600.00, 35, 2317, 12481, P0, 0
2026/08/17 13:15:32.746, 3, NVIDIA RTX PRO 6000 Blackwell Server Edition, 0, 0, 95827, 97887, 92.90, 600.00, 41, 2295, 12481, P0, 0
2026/08/17 13:15:32.746, 4, NVIDIA RTX PRO 6000 Blackwell Server Edition, 0, 0, 96825, 97887, 86.67, 600.00, 34, 2355, 12481, P0, 0
2026/08/17 13:15:32.746, 5, NVIDIA RTX PRO 6000 Blackwell Server Edition, 99, 41, 96743, 97887, 457.71, 600.00, 62, 2407, 12481, P0, 0
2026/08/17 13:15:32.747, 6, NVIDIA RTX PRO 6000 Blackwell Server Edition, 100, 35, 95811, 97887, 574.48, 600.00, 52, 2407, 12481, P0, 0
2026/08/17 13:15:32.747, 7, NVIDIA RTX PRO 6000 Blackwell Server Edition, 0, 0, 96045, 97887, 84.90, 600.00, 32, 2370, 12481, P0, 0
2026/08/17 13:15:37.748, 0, NVIDIA RTX PRO 6000 Blackwell Server Edition, 98, 61, 96745, 97887, 396.33, 600.00, 53, 2385, 12481, P0, 0
2026/08/17 13:15:37.748, 1, NVIDIA RTX PRO 6000 Blackwell Server Edition, 0, 0, 95739, 97887, 91.72, 600.00, 43, 2332, 12481, P0, 0
2026/08/17 13:15:37.749, 2, NVIDIA RTX PRO 6000 Blackwell Server Edition, 0, 0, 94399, 97887, 87.84, 600.00, 34, 2325, 12481, P0, 0
2026/08/17 13:15:37.749, 3, NVIDIA RTX PRO 6000 Blackwell Server Edition, 0, 0, 95827, 97887, 91.40, 600.00, 39, 2302, 12481, P0, 0
2026/08/17 13:15:37.749, 4, NVIDIA RTX PRO 6000 Blackwell Server Edition, 0, 0, 96825, 97887, 86.21, 600.00, 33, 2355, 12481, P0, 0
2026/08/17 13:15:37.749, 5, NVIDIA RTX PRO 6000 Blackwell Server Edition, 99, 43, 96743, 97887, 452.78, 600.00, 62, 2407, 12481, P0, 0
2026/08/17 13:15:37.750, 6, NVIDIA RTX PRO 6000 Blackwell Server Edition, 97, 57, 95811, 97887, 377.47, 600.00, 47, 2385, 12481, P0, 0
2026/08/17 13:15:37.750, 7, NVIDIA RTX PRO 6000 Blackwell Server Edition, 0, 0, 96045, 97887, 85.21, 600.00, 32, 2370, 12481, P0, 0
2026/08/17 13:15:42.751, 0, NVIDIA RTX PRO 6000 Blackwell Server Edition, 98, 61, 96745, 97887, 399.80, 600.00, 53, 2385, 12481, P0, 0
2026/08/17 13:15:42.751, 1, NVIDIA RTX PRO 6000 Blackwell Server Edition, 0, 0, 95739, 97887, 90.57, 600.00, 40, 2325, 12481, P0, 0
2026/08/17 13:15:42.752, 2, NVIDIA RTX PRO 6000 Blackwell Server Edition, 0, 0, 94399, 97887, 87.12, 600.00, 34, 2325, 12481, P0, 0
2026/08/17 13:15:42.752, 3, NVIDIA RTX PRO 6000 Blackwell Server Edition, 0, 0, 95827, 97887, 90.24, 600.00, 37, 2302, 12481, P0, 0
2026/08/17 13:15:42.752, 4, NVIDIA RTX PRO 6000 Blackwell Server Edition, 0, 0, 96825, 97887, 85.71, 600.00, 33, 2355, 12481, P0, 0
2026/08/17 13:15:42.752, 5, NVIDIA RTX PRO 6000 Blackwell Server Edition, 99, 45, 96743, 97887, 449.57, 600.00, 61, 2407, 12481, P0, 0
2026/08/17 13:15:42.753, 6, NVIDIA RTX PRO 6000 Blackwell Server Edition, 97, 57, 95811, 97887, 374.45, 600.00, 48, 2385, 12481, P0, 0
2026/08/17 13:15:42.754, 7, NVIDIA RTX PRO 6000 Blackwell Server Edition, 100, 37, 96045, 97887, 540.80, 600.00, 50, 2407, 12481, P0, 0
2026/08/17 13:15:47.755, 0, NVIDIA RTX PRO 6000 Blackwell Server Edition, 98, 65, 96745, 97887, 420.04, 600.00, 55, 2392, 12481, P0, 0
2026/08/17 13:15:47.755, 1, NVIDIA RTX PRO 6000 Blackwell Server Edition, 0, 0, 95739, 97887, 89.60, 600.00, 39, 2325, 12481, P0, 0
2026/08/17 13:15:47.756, 2, NVIDIA RTX PRO 6000 Blackwell Server Edition, 0, 0, 94399, 97887, 86.86, 600.00, 33, 2325, 12481, P0, 0
2026/08/17 13:15:47.756, 3, NVIDIA RTX PRO 6000 Blackwell Server Edition, 0, 0, 95827, 97887, 89.69, 600.00, 36, 2302, 12481, P0, 0
2026/08/17 13:15:47.756, 4, NVIDIA RTX PRO 6000 Blackwell Server Edition, 0, 0, 96825, 97887, 86.19, 600.00, 33, 2355, 12481, P0, 0
2026/08/17 13:15:47.756, 5, NVIDIA RTX PRO 6000 Blackwell Server Edition, 99, 44, 96743, 97887, 443.96, 600.00, 61, 2407, 12481, P0, 0
2026/08/17 13:15:47.757, 6, NVIDIA RTX PRO 6000 Blackwell Server Edition, 97, 57, 95811, 97887, 376.20, 600.00, 49, 2385, 12481, P0, 0
2026/08/17 13:15:47.757, 7, NVIDIA RTX PRO 6000 Blackwell Server Edition, 100, 34, 96045, 97887, 561.63, 600.00, 54, 2407, 12481, P0, 0
2026/08/17 13:15:52.758, 0, NVIDIA RTX PRO 6000 Blackwell Server Edition, 98, 66, 96745, 97887, 424.91, 600.00, 55, 2400, 12481, P0, 0
2026/08/17 13:15:52.759, 1, NVIDIA RTX PRO 6000 Blackwell Server Edition, 68, 40, 95739, 97887, 329.27, 600.00, 41, 2385, 12481, P0, 0
2026/08/17 13:15:52.759, 2, NVIDIA RTX PRO 6000 Blackwell Server Edition, 0, 0, 94399, 97887, 86.57, 600.00, 33, 2325, 12481, P0, 0
2026/08/17 13:15:52.759, 3, NVIDIA RTX PRO 6000 Blackwell Server Edition, 0, 0, 95827, 97887, 88.67, 600.00, 36, 2302, 12481, P0, 0
2026/08/17 13:15:52.760, 4, NVIDIA RTX PRO 6000 Blackwell Server Edition, 0, 0, 96825, 97887, 85.92, 600.00, 33, 2355, 12481, P0, 0
2026/08/17 13:15:52.760, 5, NVIDIA RTX PRO 6000 Blackwell Server Edition, 99, 44, 96743, 97887, 444.03, 600.00, 60, 2407, 12481, P0, 0
2026/08/17 13:15:52.760, 6, NVIDIA RTX PRO 6000 Blackwell Server Edition, 0, 0, 95811, 97887, 87.44, 600.00, 40, 2347, 12481, P0, 0
2026/08/17 13:15:52.761, 7, NVIDIA RTX PRO 6000 Blackwell Server Edition, 100, 31, 96045, 97887, 575.91, 600.00, 59, 2407, 12481, P0, 0
2026/08/17 13:15:57.761, 0, NVIDIA RTX PRO 6000 Blackwell Server Edition, 98, 66, 96745, 97887, 425.27, 600.00, 55, 2400, 12481, P0, 0
2026/08/17 13:15:57.762, 1, NVIDIA RTX PRO 6000 Blackwell Server Edition, 97, 59, 95739, 97887, 385.11, 600.00, 48, 2385, 12481, P0, 0
2026/08/17 13:15:57.763, 2, NVIDIA RTX PRO 6000 Blackwell Server Edition, 0, 0, 94399, 97887, 91.07, 600.00, 33, 2325, 12481, P0, 0
2026/08/17 13:15:57.763, 3, NVIDIA RTX PRO 6000 Blackwell Server Edition, 0, 0, 95827, 97887, 88.67, 600.00, 35, 2302, 12481, P0, 0
2026/08/17 13:15:57.763, 4, NVIDIA RTX PRO 6000 Blackwell Server Edition, 0, 0, 96825, 97887, 85.46, 600.00, 33, 2355, 12481, P0, 0
2026/08/17 13:15:57.764, 5, NVIDIA RTX PRO 6000 Blackwell Server Edition, 99, 44, 96743, 97887, 444.52, 600.00, 60, 2407, 12481, P0, 0
2026/08/17 13:15:57.764, 6, NVIDIA RTX PRO 6000 Blackwell Server Edition, 0, 0, 95811, 97887, 86.46, 600.00, 38, 2347, 12481, P0, 0
2026/08/17 13:15:57.764, 7, NVIDIA RTX PRO 6000 Blackwell Server Edition, 100, 26, 96045, 97887, 553.86, 600.00, 61, 2415, 12481, P0, 0
2026/08/17 13:16:02.765, 0, NVIDIA RTX PRO 6000 Blackwell Server Edition, 98, 66, 96745, 97887, 417.21, 600.00, 55, 2400, 12481, P0, 0
2026/08/17 13:16:02.766, 1, NVIDIA RTX PRO 6000 Blackwell Server Edition, 0, 0, 95739, 97887, 89.76, 600.00, 39, 2325, 12481, P0, 0
2026/08/17 13:16:02.766, 2, NVIDIA RTX PRO 6000 Blackwell Server Edition, 97, 56, 94399, 97887, 388.93, 600.00, 44, 2392, 12481, P0, 0
2026/08/17 13:16:02.767, 3, NVIDIA RTX PRO 6000 Blackwell Server Edition, 0, 0, 95827, 97887, 88.18, 600.00, 34, 2302, 12481, P0, 0
2026/08/17 13:16:02.767, 4, NVIDIA RTX PRO 6000 Blackwell Server Edition, 0, 0, 96825, 97887, 86.19, 600.00, 32, 2347, 12481, P0, 0
2026/08/17 13:16:02.767, 5, NVIDIA RTX PRO 6000 Blackwell Server Edition, 99, 42, 96743, 97887, 443.74, 600.00, 60, 2407, 12481, P0, 0
2026/08/17 13:16:02.768, 6, NVIDIA RTX PRO 6000 Blackwell Server Edition, 0, 0, 95811, 97887, 86.03, 600.00, 36, 2347, 12481, P0, 0
2026/08/17 13:16:02.768, 7, NVIDIA RTX PRO 6000 Blackwell Server Edition, 100, 37, 96045, 97887, 558.44, 600.00, 63, 2407, 12481, P0, 0
2026/08/17 13:16:07.769, 0, NVIDIA RTX PRO 6000 Blackwell Server Edition, 98, 66, 96745, 97887, 422.51, 600.00, 55, 2392, 12481, P0, 0
2026/08/17 13:16:07.769, 1, NVIDIA RTX PRO 6000 Blackwell Server Edition, 0, 0, 95739, 97887, 88.99, 600.00, 38, 2325, 12481, P0, 0
2026/08/17 13:16:07.769, 2, NVIDIA RTX PRO 6000 Blackwell Server Edition, 97, 56, 94399, 97887, 386.99, 600.00, 46, 2392, 12481, P0, 0
2026/08/17 13:16:07.770, 3, NVIDIA RTX PRO 6000 Blackwell Server Edition, 97, 56, 95827, 97887, 408.71, 600.00, 45, 2310, 12481, P0, 0
2026/08/17 13:16:07.771, 4, NVIDIA RTX PRO 6000 Blackwell Server Edition, 0, 0, 96825, 97887, 85.64, 600.00, 32, 2347, 12481, P0, 0
2026/08/17 13:16:07.771, 5, NVIDIA RTX PRO 6000 Blackwell Server Edition, 99, 44, 96743, 97887, 443.14, 600.00, 60, 2407, 12481, P0, 0
2026/08/17 13:16:07.771, 6, NVIDIA RTX PRO 6000 Blackwell Server Edition, 0, 0, 95811, 97887, 85.49, 600.00, 35, 2340, 12481, P0, 0
2026/08/17 13:16:07.772, 7, NVIDIA RTX PRO 6000 Blackwell Server Edition, 100, 33, 96045, 97887, 538.48, 600.00, 64, 2407, 12481, P0, 0
2026/08/17 13:16:12.772, 0, NVIDIA RTX PRO 6000 Blackwell Server Edition, 98, 66, 96745, 97887, 419.62, 600.00, 55, 2400, 12481, P0, 0
2026/08/17 13:16:12.773, 1, NVIDIA RTX PRO 6000 Blackwell Server Edition, 0, 0, 95739, 97887, 88.07, 600.00, 36, 2325, 12481, P0, 0
2026/08/17 13:16:12.773, 2, NVIDIA RTX PRO 6000 Blackwell Server Edition, 97, 56, 94399, 97887, 385.09, 600.00, 47, 2392, 12481, P0, 0
2026/08/17 13:16:12.774, 3, NVIDIA RTX PRO 6000 Blackwell Server Edition, 0, 0, 95827, 97887, 89.29, 600.00, 37, 2302, 12481, P0, 0
2026/08/17 13:16:12.774, 4, NVIDIA RTX PRO 6000 Blackwell Server Edition, 0, 0, 96825, 97887, 85.21, 600.00, 32, 2347, 12481, P0, 0
2026/08/17 13:16:12.774, 5, NVIDIA RTX PRO 6000 Blackwell Server Edition, 99, 41, 96743, 97887, 442.12, 600.00, 60, 2407, 12481, P0, 0
2026/08/17 13:16:12.775, 6, NVIDIA RTX PRO 6000 Blackwell Server Edition, 0, 0, 95811, 97887, 85.49, 600.00, 35, 2340, 12481, P0, 0
2026/08/17 13:16:12.775, 7, NVIDIA RTX PRO 6000 Blackwell Server Edition, 100, 28, 96045, 97887, 546.61, 600.00, 64, 2415, 12481, P0, 0
2026/08/17 13:16:17.776, 0, NVIDIA RTX PRO 6000 Blackwell Server Edition, 98, 65, 96745, 97887, 421.77, 600.00, 55, 2400, 12481, P0, 0
2026/08/17 13:16:17.777, 1, NVIDIA RTX PRO 6000 Blackwell Server Edition, 0, 0, 95739, 97887, 88.02, 600.00, 35, 2325, 12481, P0, 0
2026/08/17 13:16:17.777, 2, NVIDIA RTX PRO 6000 Blackwell Server Edition, 97, 56, 94399, 97887, 386.65, 600.00, 49, 2392, 12481, P0, 0
2026/08/17 13:16:17.777, 3, NVIDIA RTX PRO 6000 Blackwell Server Edition, 0, 0, 95827, 97887, 88.67, 600.00, 36, 2302, 12481, P0, 0
2026/08/17 13:16:17.778, 4, NVIDIA RTX PRO 6000 Blackwell Server Edition, 0, 0, 96825, 97887, 84.72, 600.00, 32, 2347, 12481, P0, 0
2026/08/17 13:16:17.778, 5, NVIDIA RTX PRO 6000 Blackwell Server Edition, 99, 44, 96743, 97887, 442.02, 600.00, 59, 2407, 12481, P0, 0
2026/08/17 13:16:17.778, 6, NVIDIA RTX PRO 6000 Blackwell Server Edition, 0, 0, 95811, 97887, 85.06, 600.00, 34, 2340, 12481, P0, 0
2026/08/17 13:16:17.779, 7, NVIDIA RTX PRO 6000 Blackwell Server Edition, 97, 64, 96045, 97887, 472.84, 600.00, 58, 2392, 12481, P0, 0
2026/08/17 13:16:22.780, 0, NVIDIA RTX PRO 6000 Blackwell Server Edition, 98, 66, 96745, 97887, 422.62, 600.00, 56, 2400, 12481, P0, 0
2026/08/17 13:16:22.780, 1, NVIDIA RTX PRO 6000 Blackwell Server Edition, 0, 0, 95739, 97887, 88.02, 600.00, 35, 2325, 12481, P0, 0
2026/08/17 13:16:22.780, 2, NVIDIA RTX PRO 6000 Blackwell Server Edition, 97, 56, 94399, 97887, 387.30, 600.00, 50, 2392, 12481, P0, 0
2026/08/17 13:16:22.781, 3, NVIDIA RTX PRO 6000 Blackwell Server Edition, 0, 0, 95827, 97887, 88.42, 600.00, 36, 2302, 12481, P0, 0
2026/08/17 13:16:22.781, 4, NVIDIA RTX PRO 6000 Blackwell Server Edition, 0, 0, 96825, 97887, 85.65, 600.00, 32, 2347, 12481, P0, 0
2026/08/17 13:16:22.782, 5, NVIDIA RTX PRO 6000 Blackwell Server Edition, 99, 42, 96743, 97887, 443.02, 600.00, 59, 2407, 12481, P0, 0
2026/08/17 13:16:22.782, 6, NVIDIA RTX PRO 6000 Blackwell Server Edition, 0, 0, 95811, 97887, 85.30, 600.00, 34, 2340, 12481, P0, 0
2026/08/17 13:16:22.782, 7, NVIDIA RTX PRO 6000 Blackwell Server Edition, 98, 65, 96045, 97887, 418.67, 600.00, 58, 2392, 12481, P0, 0
2026/08/17 13:16:27.783, 0, NVIDIA RTX PRO 6000 Blackwell Server Edition, 98, 66, 96745, 97887, 421.73, 600.00, 56, 2400, 12481, P0, 0
2026/08/17 13:16:27.784, 1, NVIDIA RTX PRO 6000 Blackwell Server Edition, 0, 0, 95739, 97887, 87.10, 600.00, 34, 2332, 12481, P0, 0
2026/08/17 13:16:27.784, 2, NVIDIA RTX PRO 6000 Blackwell Server Edition, 97, 56, 94399, 97887, 390.25, 600.00, 50, 2392, 12481, P0, 0
2026/08/17 13:16:27.785, 3, NVIDIA RTX PRO 6000 Blackwell Server Edition, 0, 0, 95827, 97887, 87.93, 600.00, 35, 2302, 12481, P0, 0
2026/08/17 13:16:27.785, 4, NVIDIA RTX PRO 6000 Blackwell Server Edition, 0, 0, 96825, 97887, 85.46, 600.00, 32, 2347, 12481, P0, 0
2026/08/17 13:16:27.785, 5, NVIDIA RTX PRO 6000 Blackwell Server Edition, 99, 44, 96743, 97887, 445.80, 600.00, 59, 2407, 12481, P0, 0
2026/08/17 13:16:27.786, 6, NVIDIA RTX PRO 6000 Blackwell Server Edition, 0, 0, 95811, 97887, 85.06, 600.00, 33, 2347, 12481, P0, 0
2026/08/17 13:16:27.786, 7, NVIDIA RTX PRO 6000 Blackwell Server Edition, 98, 65, 96045, 97887, 417.89, 600.00, 57, 2392, 12481, P0, 0
2026/08/17 13:16:32.787, 0, NVIDIA RTX PRO 6000 Blackwell Server Edition, 98, 66, 96745, 97887, 423.07, 600.00, 56, 2400, 12481, P0, 0
2026/08/17 13:16:32.787, 1, NVIDIA RTX PRO 6000 Blackwell Server Edition, 0, 0, 95739, 97887, 86.67, 600.00, 34, 2332, 12481, P0, 0
2026/08/17 13:16:32.788, 2, NVIDIA RTX PRO 6000 Blackwell Server Edition, 97, 56, 94399, 97887, 390.33, 600.00, 51, 2392, 12481, P0, 0
2026/08/17 13:16:32.788, 3, NVIDIA RTX PRO 6000 Blackwell Server Edition, 0, 0, 95827, 97887, 87.74, 600.00, 34, 2302, 12481, P0, 0
2026/08/17 13:16:32.788, 4, NVIDIA RTX PRO 6000 Blackwell Server Edition, 100, 22, 96825, 97887, 511.61, 600.00, 51, 2400, 12481, P0, 0
2026/08/17 13:16:32.789, 5, NVIDIA RTX PRO 6000 Blackwell Server Edition, 98, 48, 96743, 97887, 433.89, 600.00, 59, 2400, 12481, P0, 0
2026/08/17 13:16:32.789, 6, NVIDIA RTX PRO 6000 Blackwell Server Edition, 100, 36, 95811, 97887, 571.08, 600.00, 51, 2407, 12481, P0, 0
2026/08/17 13:16:32.790, 7, NVIDIA RTX PRO 6000 Blackwell Server Edition, 98, 65, 96045, 97887, 420.16, 600.00, 56, 2392, 12481, P0, 0
2026/08/17 13:16:37.791, 0, NVIDIA RTX PRO 6000 Blackwell Server Edition, 100, 38, 96745, 97887, 595.09, 600.00, 64, 2407, 12481, P0, 0
2026/08/17 13:16:37.791, 1, NVIDIA RTX PRO 6000 Blackwell Server Edition, 100, 37, 95739, 97887, 578.04, 600.00, 48, 2407, 12481, P0, 0
2026/08/17 13:16:37.792, 2, NVIDIA RTX PRO 6000 Blackwell Server Edition, 100, 29, 94399, 97887, 580.81, 600.00, 59, 2400, 12481, P0, 0
2026/08/17 13:16:37.792, 3, NVIDIA RTX PRO 6000 Blackwell Server Edition, 100, 37, 95827, 97887, 580.66, 600.00, 50, 2407, 12481, P0, 0
2026/08/17 13:16:37.793, 4, NVIDIA RTX PRO 6000 Blackwell Server Edition, 100, 38, 96825, 97887, 578.82, 600.00, 55, 2407, 12481, P0, 0
2026/08/17 13:16:37.794, 5, NVIDIA RTX PRO 6000 Blackwell Server Edition, 100, 39, 96743, 97887, 576.89, 600.00, 64, 2407, 12481, P0, 0
2026/08/17 13:16:37.794, 6, NVIDIA RTX PRO 6000 Blackwell Server Edition, 100, 34, 95811, 97887, 558.55, 600.00, 52, 2415, 12481, P0, 0
2026/08/17 13:16:37.795, 7, NVIDIA RTX PRO 6000 Blackwell Server Edition, 98, 37, 96045, 97887, 593.50, 600.00, 63, 2407, 12481, P0, 0
2026/08/17 13:16:42.796, 0, NVIDIA RTX PRO 6000 Blackwell Server Edition, 97, 63, 96745, 97887, 412.83, 600.00, 57, 2392, 12481, P0, 0
2026/08/17 13:16:42.797, 1, NVIDIA RTX PRO 6000 Blackwell Server Edition, 0, 0, 95739, 97887, 251.49, 600.00, 39, 2332, 12481, P0, 0
2026/08/17 13:16:42.797, 2, NVIDIA RTX PRO 6000 Blackwell Server Edition, 100, 26, 94399, 97887, 555.74, 600.00, 61, 2407, 12481, P0, 0
2026/08/17 13:16:42.798, 3, NVIDIA RTX PRO 6000 Blackwell Server Edition, 98, 61, 95827, 97887, 406.95, 600.00, 48, 2392, 12481, P0, 0
2026/08/17 13:16:42.798, 4, NVIDIA RTX PRO 6000 Blackwell Server Edition, 100, 38, 96825, 97887, 553.32, 600.00, 56, 2415, 12481, P0, 0
2026/08/17 13:16:42.799, 5, NVIDIA RTX PRO 6000 Blackwell Server Edition, 100, 33, 96743, 97887, 564.13, 600.00, 65, 2407, 12481, P0, 0
2026/08/17 13:16:42.799, 6, NVIDIA RTX PRO 6000 Blackwell Server Edition, 100, 21, 95811, 97887, 535.27, 600.00, 57, 2415, 12481, P0, 0
2026/08/17 13:16:42.799, 7, NVIDIA RTX PRO 6000 Blackwell Server Edition, 98, 65, 96045, 97887, 423.83, 600.00, 58, 2400, 12481, P0, 0
2026/08/17 13:16:47.800, 0, NVIDIA RTX PRO 6000 Blackwell Server Edition, 97, 63, 96745, 97887, 413.46, 600.00, 56, 2392, 12481, P0, 0
2026/08/17 13:16:47.801, 1, NVIDIA RTX PRO 6000 Blackwell Server Edition, 0, 0, 95739, 97887, 88.76, 600.00, 37, 2332, 12481, P0, 0
2026/08/17 13:16:47.801, 2, NVIDIA RTX PRO 6000 Blackwell Server Edition, 100, 39, 94399, 97887, 581.00, 600.00, 62, 2400, 12481, P0, 0
2026/08/17 13:16:47.802, 3, NVIDIA RTX PRO 6000 Blackwell Server Edition, 97, 57, 95827, 97887, 385.17, 600.00, 48, 2385, 12481, P0, 0
2026/08/17 13:16:47.802, 4, NVIDIA RTX PRO 6000 Blackwell Server Edition, 97, 61, 96825, 97887, 404.56, 600.00, 52, 2385, 12481, P0, 0
2026/08/17 13:16:47.803, 5, NVIDIA RTX PRO 6000 Blackwell Server Edition, 100, 25, 96743, 97887, 562.72, 600.00, 66, 2415, 12481, P0, 0
2026/08/17 13:16:47.803, 6, NVIDIA RTX PRO 6000 Blackwell Server Edition, 100, 21, 95811, 97887, 560.45, 600.00, 59, 2415, 12481, P0, 0
2026/08/17 13:16:47.803, 7, NVIDIA RTX PRO 6000 Blackwell Server Edition, 100, 35, 96045, 97887, 573.31, 600.00, 64, 2415, 12481, P0, 0
2026/08/17 13:16:52.804, 0, NVIDIA RTX PRO 6000 Blackwell Server Edition, 100, 38, 96745, 97887, 521.33, 600.00, 62, 2407, 12481, P0, 0
2026/08/17 13:16:52.805, 1, NVIDIA RTX PRO 6000 Blackwell Server Edition, 0, 0, 95739, 97887, 87.40, 600.00, 36, 2325, 12481, P0, 0
2026/08/17 13:16:52.805, 2, NVIDIA RTX PRO 6000 Blackwell Server Edition, 97, 62, 94399, 97887, 422.98, 600.00, 57, 2400, 12481, P0, 0
2026/08/17 13:16:52.806, 3, NVIDIA RTX PRO 6000 Blackwell Server Edition, 97, 57, 95827, 97887, 386.30, 600.00, 49, 2385, 12481, P0, 0
2026/08/17 13:16:52.806, 4, NVIDIA RTX PRO 6000 Blackwell Server Edition, 0, 0, 96825, 97887, 90.04, 600.00, 41, 2347, 12481, P0, 0
2026/08/17 13:16:52.806, 5, NVIDIA RTX PRO 6000 Blackwell Server Edition, 100, 37, 96743, 97887, 571.19, 600.00, 68, 2415, 12481, P0, 0
2026/08/17 13:16:52.808, 6, NVIDIA RTX PRO 6000 Blackwell Server Edition, 100, 27, 95811, 97887, 549.30, 600.00, 59, 2415, 12481, P0, 0
2026/08/17 13:16:52.808, 7, NVIDIA RTX PRO 6000 Blackwell Server Edition, 98, 65, 96045, 97887, 497.55, 600.00, 59, 2400, 12481, P0, 0
2026/08/17 13:16:57.809, 0, NVIDIA RTX PRO 6000 Blackwell Server Edition, 100, 28, 96745, 97887, 555.37, 600.00, 62, 2400, 12481, P0, 0
2026/08/17 13:16:57.810, 1, NVIDIA RTX PRO 6000 Blackwell Server Edition, 100, 27, 95739, 97887, 505.45, 600.00, 51, 2400, 12481, P0, 0
2026/08/17 13:16:57.810, 2, NVIDIA RTX PRO 6000 Blackwell Server Edition, 100, 34, 94399, 97887, 589.09, 600.00, 63, 2392, 12481, P0, 0
2026/08/17 13:16:57.811, 3, NVIDIA RTX PRO 6000 Blackwell Server Edition, 97, 57, 95827, 97887, 386.36, 600.00, 50, 2385, 12481, P0, 0
2026/08/17 13:16:57.811, 4, NVIDIA RTX PRO 6000 Blackwell Server Edition, 0, 0, 96825, 97887, 88.60, 600.00, 39, 2347, 12481, P0, 0
2026/08/17 13:16:57.811, 5, NVIDIA RTX PRO 6000 Blackwell Server Edition, 100, 13, 96743, 97887, 558.14, 600.00, 67, 2407, 12481, P0, 0
2026/08/17 13:16:57.812, 6, NVIDIA RTX PRO 6000 Blackwell Server Edition, 88, 14, 95811, 97887, 528.52, 600.00, 61, 2415, 12481, P0, 0
2026/08/17 13:16:57.813, 7, NVIDIA RTX PRO 6000 Blackwell Server Edition, 97, 60, 96045, 97887, 399.52, 600.00, 57, 2392, 12481, P0, 0
2026/08/17 13:17:02.813, 0, NVIDIA RTX PRO 6000 Blackwell Server Edition, 97, 63, 96745, 97887, 414.51, 600.00, 57, 2392, 12481, P0, 0
2026/08/17 13:17:02.814, 1, NVIDIA RTX PRO 6000 Blackwell Server Edition, 100, 35, 95739, 97887, 558.40, 600.00, 55, 2415, 12481, P0, 0
2026/08/17 13:17:02.814, 2, NVIDIA RTX PRO 6000 Blackwell Server Edition, 100, 33, 94399, 97887, 576.12, 600.00, 63, 2392, 12481, P0, 0
2026/08/17 13:17:02.815, 3, NVIDIA RTX PRO 6000 Blackwell Server Edition, 100, 35, 95827, 97887, 592.55, 600.00, 60, 2407, 12481, P0, 0
2026/08/17 13:17:02.816, 4, NVIDIA RTX PRO 6000 Blackwell Server Edition, 100, 34, 96825, 97887, 556.84, 600.00, 54, 2407, 12481, P0, 0
2026/08/17 13:17:02.818, 5, NVIDIA RTX PRO 6000 Blackwell Server Edition, 100, 10, 96743, 97887, 556.88, 600.00, 67, 2407, 12481, P0, 0
2026/08/17 13:17:02.818, 6, NVIDIA RTX PRO 6000 Blackwell Server Edition, 100, 36, 95811, 97887, 564.82, 600.00, 62, 2400, 12481, P0, 0
2026/08/17 13:17:02.819, 7, NVIDIA RTX PRO 6000 Blackwell Server Edition, 0, 0, 96045, 97887, 84.50, 600.00, 46, 2422, 12481, P0, 0
2026/08/17 13:17:07.819, 0, NVIDIA RTX PRO 6000 Blackwell Server Edition, 97, 58, 96745, 97887, 389.07, 600.00, 55, 2385, 12481, P0, 0
2026/08/17 13:17:07.820, 1, NVIDIA RTX PRO 6000 Blackwell Server Edition, 100, 33, 95739, 97887, 575.16, 600.00, 59, 2415, 12481, P0, 0
2026/08/17 13:17:07.820, 2, NVIDIA RTX PRO 6000 Blackwell Server Edition, 97, 62, 94399, 97887, 467.10, 600.00, 59, 2400, 12481, P0, 0
2026/08/17 13:17:07.821, 3, NVIDIA RTX PRO 6000 Blackwell Server Edition, 100, 32, 95827, 97887, 584.85, 600.00, 61, 2407, 12481, P0, 0
2026/08/17 13:17:07.821, 4, NVIDIA RTX PRO 6000 Blackwell Server Edition, 97, 61, 96825, 97887, 396.11, 600.00, 50, 2385, 12481, P0, 0
2026/08/17 13:17:07.822, 5, NVIDIA RTX PRO 6000 Blackwell Server Edition, 100, 7, 96743, 97887, 551.35, 600.00, 67, 2415, 12481, P0, 0
2026/08/17 13:17:07.822, 6, NVIDIA RTX PRO 6000 Blackwell Server Edition, 100, 32, 95811, 97887, 574.79, 600.00, 64, 2407, 12481, P0, 0
2026/08/17 13:17:07.823, 7, NVIDIA RTX PRO 6000 Blackwell Server Edition, 0, 0, 96045, 97887, 90.64, 600.00, 43, 2355, 12481, P0, 0
2026/08/17 13:17:12.823, 0, NVIDIA RTX PRO 6000 Blackwell Server Edition, 0, 0, 96745, 97887, 86.20, 600.00, 46, 2422, 12481, P0, 0
2026/08/17 13:17:12.824, 1, NVIDIA RTX PRO 6000 Blackwell Server Edition, 98, 63, 95739, 97887, 413.82, 600.00, 53, 2400, 12481, P0, 0
2026/08/17 13:17:12.824, 2, NVIDIA RTX PRO 6000 Blackwell Server Edition, 97, 56, 94399, 97887, 395.51, 600.00, 57, 2392, 12481, P0, 0
2026/08/17 13:17:12.825, 3, NVIDIA RTX PRO 6000 Blackwell Server Edition, 100, 21, 95827, 97887, 570.33, 600.00, 63, 2407, 12481, P0, 0
2026/08/17 13:17:12.825, 4, NVIDIA RTX PRO 6000 Blackwell Server Edition, 97, 56, 96825, 97887, 372.73, 600.00, 50, 2377, 12481, P0, 0
2026/08/17 13:17:12.826, 5, NVIDIA RTX PRO 6000 Blackwell Server Edition, 100, 23, 96743, 97887, 537.04, 600.00, 67, 2407, 12481, P0, 0
2026/08/17 13:17:12.826, 6, NVIDIA RTX PRO 6000 Blackwell Server Edition, 100, 34, 95811, 97887, 581.09, 600.00, 64, 2407, 12481, P0, 0
2026/08/17 13:17:12.826, 7, NVIDIA RTX PRO 6000 Blackwell Server Edition, 0, 0, 96045, 97887, 89.07, 600.00, 40, 2355, 12481, P0, 0
2026/08/17 13:17:17.827, 0, NVIDIA RTX PRO 6000 Blackwell Server Edition, 0, 0, 96745, 97887, 91.10, 600.00, 42, 2347, 12481, P0, 0
2026/08/17 13:17:17.827, 1, NVIDIA RTX PRO 6000 Blackwell Server Edition, 97, 59, 95739, 97887, 387.19, 600.00, 52, 2385, 12481, P0, 0
2026/08/17 13:17:17.828, 2, NVIDIA RTX PRO 6000 Blackwell Server Edition, 0, 0, 94399, 97887, 89.79, 600.00, 48, 2422, 12481, P0, 0
2026/08/17 13:17:17.828, 3, NVIDIA RTX PRO 6000 Blackwell Server Edition, 100, 35, 95827, 97887, 561.78, 600.00, 64, 2407, 12481, P0, 0
2026/08/17 13:17:17.829, 4, NVIDIA RTX PRO 6000 Blackwell Server Edition, 100, 30, 96827, 97887, 555.22, 600.00, 57, 2400, 12481, P0, 0
2026/08/17 13:17:17.829, 5, NVIDIA RTX PRO 6000 Blackwell Server Edition, 100, 38, 96743, 97887, 582.86, 600.00, 65, 2400, 12481, P0, 0
2026/08/17 13:17:17.829, 6, NVIDIA RTX PRO 6000 Blackwell Server Edition, 99, 48, 95811, 97887, 430.68, 600.00, 59, 2400, 12481, P0, 0
2026/08/17 13:17:17.830, 7, NVIDIA RTX PRO 6000 Blackwell Server Edition, 0, 0, 96045, 97887, 88.39, 600.00, 39, 2355, 12481, P0, 0
2026/08/17 13:17:22.830, 0, NVIDIA RTX PRO 6000 Blackwell Server Edition, 0, 0, 96745, 97887, 89.62, 600.00, 40, 2347, 12481, P0, 0
2026/08/17 13:17:22.831, 1, NVIDIA RTX PRO 6000 Blackwell Server Edition, 97, 59, 95739, 97887, 391.24, 600.00, 52, 2385, 12481, P0, 0
2026/08/17 13:17:22.831, 2, NVIDIA RTX PRO 6000 Blackwell Server Edition, 0, 0, 94399, 97887, 88.89, 600.00, 44, 2422, 12481, P0, 0
2026/08/17 13:17:22.832, 3, NVIDIA RTX PRO 6000 Blackwell Server Edition, 100, 32, 95827, 97887, 553.19, 600.00, 65, 2415, 12481, P0, 0
2026/08/17 13:17:22.832, 4, NVIDIA RTX PRO 6000 Blackwell Server Edition, 97, 61, 96827, 97887, 399.24, 600.00, 52, 2385, 12481, P0, 0
2026/08/17 13:17:22.833, 5, NVIDIA RTX PRO 6000 Blackwell Server Edition, 99, 37, 96745, 97887, 583.38, 600.00, 66, 2400, 12481, P0, 0
2026/08/17 13:17:22.834, 6, NVIDIA RTX PRO 6000 Blackwell Server Edition, 100, 31, 95811, 97887, 568.83, 600.00, 63, 2407, 12481, P0, 0
2026/08/17 13:17:22.834, 7, NVIDIA RTX PRO 6000 Blackwell Server Edition, 97, 57, 96045, 97887, 405.35, 600.00, 49, 2385, 12481, P0, 0
2026/08/17 13:17:27.835, 0, NVIDIA RTX PRO 6000 Blackwell Server Edition, 97, 58, 96745, 97887, 450.86, 600.00, 50, 2385, 12481, P0, 0
2026/08/17 13:17:27.836, 1, NVIDIA RTX PRO 6000 Blackwell Server Edition, 100, 31, 95739, 97887, 556.98, 600.00, 60, 2407, 12481, P0, 0
2026/08/17 13:17:27.836, 2, NVIDIA RTX PRO 6000 Blackwell Server Edition, 0, 0, 94399, 97887, 91.67, 600.00, 41, 2317, 12481, P0, 0
2026/08/17 13:17:27.837, 3, NVIDIA RTX PRO 6000 Blackwell Server Edition, 100, 35, 95827, 97887, 557.75, 600.00, 63, 2415, 12481, P0, 0
2026/08/17 13:17:27.837, 4, NVIDIA RTX PRO 6000 Blackwell Server Edition, 0, 0, 96827, 97887, 191.83, 600.00, 44, 2422, 12481, P0, 0
2026/08/17 13:17:27.837, 5, NVIDIA RTX PRO 6000 Blackwell Server Edition, 100, 34, 96745, 97887, 587.49, 600.00, 66, 2400, 12481, P0, 0
2026/08/17 13:17:27.838, 6, NVIDIA RTX PRO 6000 Blackwell Server Edition, 98, 65, 95811, 97887, 415.43, 600.00, 57, 2392, 12481, P0, 0
2026/08/17 13:17:27.838, 7, NVIDIA RTX PRO 6000 Blackwell Server Edition, 100, 30, 96047, 97887, 525.61, 600.00, 56, 2400, 12481, P0, 0
2026/08/17 13:17:32.839, 0, NVIDIA RTX PRO 6000 Blackwell Server Edition, 97, 58, 96745, 97887, 382.69, 600.00, 50, 2385, 12481, P0, 0
2026/08/17 13:17:32.840, 1, NVIDIA RTX PRO 6000 Blackwell Server Edition, 97, 63, 95739, 97887, 415.29, 600.00, 54, 2400, 12481, P0, 0
2026/08/17 13:17:32.840, 2, NVIDIA RTX PRO 6000 Blackwell Server Edition, 0, 0, 94399, 97887, 90.21, 600.00, 39, 2317, 12481, P0, 0
2026/08/17 13:17:32.841, 3, NVIDIA RTX PRO 6000 Blackwell Server Edition, 100, 33, 95827, 97887, 580.25, 600.00, 64, 2407, 12481, P0, 0
2026/08/17 13:17:32.841, 4, NVIDIA RTX PRO 6000 Blackwell Server Edition, 0, 0, 96827, 97887, 90.59, 600.00, 41, 2347, 12481, P0, 0
2026/08/17 13:17:32.841, 5, NVIDIA RTX PRO 6000 Blackwell Server Edition, 100, 32, 96745, 97887, 548.27, 600.00, 68, 2407, 12481, P0, 0
2026/08/17 13:17:32.842, 6, NVIDIA RTX PRO 6000 Blackwell Server Edition, 98, 65, 95811, 97887, 415.86, 600.00, 57, 2392, 12481, P0, 0
2026/08/17 13:17:32.842, 7, NVIDIA RTX PRO 6000 Blackwell Server Edition, 97, 57, 96047, 97887, 377.96, 600.00, 50, 2385, 12481, P0, 0
2026/08/17 13:17:37.843, 0, NVIDIA RTX PRO 6000 Blackwell Server Edition, 100, 34, 96745, 97887, 177.13, 600.00, 51, 2355, 12481, P0, 0
2026/08/17 13:17:37.844, 1, NVIDIA RTX PRO 6000 Blackwell Server Edition, 97, 56, 95739, 97887, 387.34, 600.00, 53, 2385, 12481, P0, 0
2026/08/17 13:17:37.844, 2, NVIDIA RTX PRO 6000 Blackwell Server Edition, 97, 57, 94399, 97887, 480.44, 600.00, 49, 2392, 12481, P0, 0
2026/08/17 13:17:37.845, 3, NVIDIA RTX PRO 6000 Blackwell Server Edition, 100, 29, 95827, 97887, 537.12, 600.00, 64, 2407, 12481, P0, 0
2026/08/17 13:17:37.845, 4, NVIDIA RTX PRO 6000 Blackwell Server Edition, 100, 34, 96827, 97887, 294.10, 600.00, 56, 2407, 12481, P0, 0
2026/08/17 13:17:37.846, 5, NVIDIA RTX PRO 6000 Blackwell Server Edition, 99, 40, 96745, 97887, 453.66, 600.00, 63, 2407, 12481, P0, 0
2026/08/17 13:17:37.846, 6, NVIDIA RTX PRO 6000 Blackwell Server Edition, 98, 65, 95811, 97887, 419.22, 600.00, 56, 2392, 12481, P0, 0
2026/08/17 13:17:37.847, 7, NVIDIA RTX PRO 6000 Blackwell Server Edition, 0, 0, 96047, 97887, 318.99, 600.00, 44, 2400, 12481, P0, 0
2026/08/17 13:17:42.847, 0, NVIDIA RTX PRO 6000 Blackwell Server Edition, 98, 58, 96745, 97887, 384.68, 600.00, 53, 2385, 12481, P0, 0
2026/08/17 13:17:42.848, 1, NVIDIA RTX PRO 6000 Blackwell Server Edition, 100, 38, 95739, 97887, 536.39, 600.00, 59, 2407, 12481, P0, 0
2026/08/17 13:17:42.848, 2, NVIDIA RTX PRO 6000 Blackwell Server Edition, 0, 0, 94399, 97887, 89.91, 600.00, 39, 2317, 12481, P0, 0
2026/08/17 13:17:42.848, 3, NVIDIA RTX PRO 6000 Blackwell Server Edition, 98, 65, 95827, 97887, 436.83, 600.00, 58, 2392, 12481, P0, 0
2026/08/17 13:17:42.849, 4, NVIDIA RTX PRO 6000 Blackwell Server Edition, 97, 58, 96827, 97887, 470.73, 600.00, 51, 2377, 12481, P0, 0
2026/08/17 13:17:42.850, 5, NVIDIA RTX PRO 6000 Blackwell Server Edition, 99, 39, 96745, 97887, 511.45, 600.00, 63, 2407, 12481, P0, 0
2026/08/17 13:17:42.850, 6, NVIDIA RTX PRO 6000 Blackwell Server Edition, 97, 57, 95811, 97887, 382.08, 600.00, 55, 2385, 12481, P0, 0
2026/08/17 13:17:42.850, 7, NVIDIA RTX PRO 6000 Blackwell Server Edition, 0, 0, 96047, 97887, 88.66, 600.00, 40, 2355, 12481, P0, 0
2026/08/17 13:17:47.851, 0, NVIDIA RTX PRO 6000 Blackwell Server Edition, 97, 58, 96745, 97887, 383.63, 600.00, 52, 2385, 12481, P0, 0
2026/08/17 13:17:47.852, 1, NVIDIA RTX PRO 6000 Blackwell Server Edition, 100, 33, 95739, 97887, 568.62, 600.00, 62, 2407, 12481, P0, 0
2026/08/17 13:17:47.852, 2, NVIDIA RTX PRO 6000 Blackwell Server Edition, 0, 0, 94399, 97887, 89.68, 600.00, 38, 2317, 12481, P0, 0
2026/08/17 13:17:47.852, 3, NVIDIA RTX PRO 6000 Blackwell Server Edition, 98, 62, 95827, 97887, 419.08, 600.00, 57, 2392, 12481, P0, 0
2026/08/17 13:17:47.853, 4, NVIDIA RTX PRO 6000 Blackwell Server Edition, 0, 0, 96827, 97887, 198.78, 600.00, 43, 2362, 12481, P0, 0
2026/08/17 13:17:47.853, 5, NVIDIA RTX PRO 6000 Blackwell Server Edition, 99, 40, 96745, 97887, 453.82, 600.00, 62, 2407, 12481, P0, 0
2026/08/17 13:17:47.854, 6, NVIDIA RTX PRO 6000 Blackwell Server Edition, 100, 35, 95811, 97887, 565.90, 600.00, 63, 2400, 12481, P0, 0
2026/08/17 13:17:47.854, 7, NVIDIA RTX PRO 6000 Blackwell Server Edition, 100, 32, 96047, 97887, 560.86, 600.00, 57, 2415, 12481, P0, 0
2026/08/17 13:17:52.855, 0, NVIDIA RTX PRO 6000 Blackwell Server Edition, 100, 23, 96745, 97887, 180.55, 600.00, 57, 2422, 12481, P0, 0
2026/08/17 13:17:52.857, 1, NVIDIA RTX PRO 6000 Blackwell Server Edition, 100, 24, 95739, 97887, 579.78, 600.00, 64, 2407, 12481, P0, 0
2026/08/17 13:17:52.858, 2, NVIDIA RTX PRO 6000 Blackwell Server Edition, 97, 49, 94401, 97887, 521.15, 600.00, 49, 2392, 12481, P0, 0
2026/08/17 13:17:52.858, 3, NVIDIA RTX PRO 6000 Blackwell Server Edition, 0, 0, 95827, 97887, 87.81, 600.00, 46, 2422, 12481, P0, 0
2026/08/17 13:17:52.859, 4, NVIDIA RTX PRO 6000 Blackwell Server Edition, 0, 0, 96827, 97887, 90.11, 600.00, 40, 2347, 12481, P0, 0
2026/08/17 13:17:52.859, 5, NVIDIA RTX PRO 6000 Blackwell Server Edition, 99, 39, 96745, 97887, 449.90, 600.00, 61, 2407, 12481, P0, 0
2026/08/17 13:17:52.860, 6, NVIDIA RTX PRO 6000 Blackwell Server Edition, 96, 29, 95811, 97887, 556.17, 600.00, 65, 2407, 12481, P0, 0
2026/08/17 13:17:52.860, 7, NVIDIA RTX PRO 6000 Blackwell Server Edition, 100, 32, 96047, 97887, 565.58, 600.00, 59, 2407, 12481, P0, 0
2026/08/17 13:17:57.861, 0, NVIDIA RTX PRO 6000 Blackwell Server Edition, 98, 59, 96745, 97887, 392.30, 600.00, 53, 2385, 12481, P0, 0
2026/08/17 13:17:57.862, 1, NVIDIA RTX PRO 6000 Blackwell Server Edition, 100, 12, 95739, 97887, 562.48, 600.00, 65, 2415, 12481, P0, 0
2026/08/17 13:17:57.863, 2, NVIDIA RTX PRO 6000 Blackwell Server Edition, 98, 57, 94401, 97887, 391.50, 600.00, 49, 2392, 12481, P0, 0
2026/08/17 13:17:57.863, 3, NVIDIA RTX PRO 6000 Blackwell Server Edition, 98, 57, 95829, 97887, 438.88, 600.00, 56, 2385, 12481, P0, 0
2026/08/17 13:17:57.864, 4, NVIDIA RTX PRO 6000 Blackwell Server Edition, 100, 37, 96827, 97887, 373.73, 600.00, 53, 2407, 12481, P0, 0
2026/08/17 13:17:57.864, 5, NVIDIA RTX PRO 6000 Blackwell Server Edition, 99, 45, 96745, 97887, 446.36, 600.00, 61, 2407, 12481, P0, 0
2026/08/17 13:17:57.865, 6, NVIDIA RTX PRO 6000 Blackwell Server Edition, 100, 23, 95811, 97887, 554.97, 600.00, 66, 2407, 12481, P0, 0
2026/08/17 13:17:57.865, 7, NVIDIA RTX PRO 6000 Blackwell Server Edition, 97, 62, 96047, 97887, 495.03, 600.00, 55, 2400, 12481, P0, 0
2026/08/17 13:18:02.866, 0, NVIDIA RTX PRO 6000 Blackwell Server Edition, 97, 59, 96745, 97887, 391.92, 600.00, 53, 2385, 12481, P0, 0
2026/08/17 13:18:02.867, 1, NVIDIA RTX PRO 6000 Blackwell Server Edition, 100, 14, 95739, 97887, 561.21, 600.00, 65, 2415, 12481, P0, 0
2026/08/17 13:18:02.868, 2, NVIDIA RTX PRO 6000 Blackwell Server Edition, 97, 57, 94401, 97887, 391.39, 600.00, 50, 2392, 12481, P0, 0
2026/08/17 13:18:02.869, 3, NVIDIA RTX PRO 6000 Blackwell Server Edition, 0, 0, 95829, 97887, 138.62, 600.00, 47, 2422, 12481, P0, 0
2026/08/17 13:18:02.869, 4, NVIDIA RTX PRO 6000 Blackwell Server Edition, 100, 37, 96827, 97887, 560.94, 600.00, 58, 2407, 12481, P0, 0
2026/08/17 13:18:02.870, 5, NVIDIA RTX PRO 6000 Blackwell Server Edition, 100, 35, 96745, 97887, 486.87, 600.00, 63, 2407, 12481, P0, 0
2026/08/17 13:18:02.870, 6, NVIDIA RTX PRO 6000 Blackwell Server Edition, 100, 38, 95811, 97887, 556.90, 600.00, 65, 2407, 12481, P0, 0
2026/08/17 13:18:02.870, 7, NVIDIA RTX PRO 6000 Blackwell Server Edition, 97, 62, 96047, 97887, 407.91, 600.00, 54, 2392, 12481, P0, 0
2026/08/17 13:18:07.871, 0, NVIDIA RTX PRO 6000 Blackwell Server Edition, 100, 33, 96745, 97887, 581.24, 600.00, 59, 2407, 12481, P0, 0
2026/08/17 13:18:07.872, 1, NVIDIA RTX PRO 6000 Blackwell Server Edition, 100, 31, 95739, 97887, 556.83, 600.00, 66, 2407, 12481, P0, 0
2026/08/17 13:18:07.872, 2, NVIDIA RTX PRO 6000 Blackwell Server Edition, 0, 0, 94401, 97887, 129.06, 600.00, 42, 2317, 12481, P0, 0
2026/08/17 13:18:07.872, 3, NVIDIA RTX PRO 6000 Blackwell Server Edition, 0, 0, 95829, 97887, 91.20, 600.00, 43, 2302, 12481, P0, 0
2026/08/17 13:18:07.873, 4, NVIDIA RTX PRO 6000 Blackwell Server Edition, 97, 58, 96827, 97887, 386.92, 600.00, 53, 2385, 12481, P0, 0
2026/08/17 13:18:07.873, 5, NVIDIA RTX PRO 6000 Blackwell Server Edition, 99, 45, 96745, 97887, 453.71, 600.00, 61, 2407, 12481, P0, 0
2026/08/17 13:18:07.874, 6, NVIDIA RTX PRO 6000 Blackwell Server Edition, 100, 14, 95811, 97887, 551.60, 600.00, 66, 2407, 12481, P0, 0
2026/08/17 13:18:07.874, 7, NVIDIA RTX PRO 6000 Blackwell Server Edition, 97, 57, 96047, 97887, 381.70, 600.00, 53, 2392, 12481, P0, 0
2026/08/17 13:18:12.875, 0, NVIDIA RTX PRO 6000 Blackwell Server Edition, 97, 64, 96745, 97887, 514.36, 600.00, 57, 2400, 12481, P0, 0
2026/08/17 13:18:12.875, 1, NVIDIA RTX PRO 6000 Blackwell Server Edition, 100, 24, 95739, 97887, 566.73, 600.00, 65, 2407, 12481, P0, 0
2026/08/17 13:18:12.876, 2, NVIDIA RTX PRO 6000 Blackwell Server Edition, 100, 34, 94401, 97887, 321.08, 600.00, 55, 2400, 12481, P0, 0
2026/08/17 13:18:12.877, 3, NVIDIA RTX PRO 6000 Blackwell Server Edition, 0, 0, 95829, 97887, 92.12, 600.00, 41, 2302, 12481, P0, 0
2026/08/17 13:18:12.877, 4, NVIDIA RTX PRO 6000 Blackwell Server Edition, 98, 58, 96827, 97887, 382.64, 600.00, 53, 2377, 12481, P0, 0
2026/08/17 13:18:12.877, 5, NVIDIA RTX PRO 6000 Blackwell Server Edition, 99, 45, 96745, 97887, 449.19, 600.00, 60, 2407, 12481, P0, 0
2026/08/17 13:18:12.878, 6, NVIDIA RTX PRO 6000 Blackwell Server Edition, 100, 4, 95811, 97887, 551.57, 600.00, 66, 2415, 12481, P0, 0
2026/08/17 13:18:12.878, 7, NVIDIA RTX PRO 6000 Blackwell Server Edition, 100, 41, 96047, 97887, 444.18, 600.00, 61, 2407, 12481, P0, 0
2026/08/17 13:18:17.879, 0, NVIDIA RTX PRO 6000 Blackwell Server Edition, 97, 65, 96745, 97887, 417.01, 600.00, 56, 2392, 12481, P0, 0
2026/08/17 13:18:17.880, 1, NVIDIA RTX PRO 6000 Blackwell Server Edition, 97, 64, 95739, 97887, 427.53, 600.00, 60, 2400, 12481, P0, 0
2026/08/17 13:18:17.880, 2, NVIDIA RTX PRO 6000 Blackwell Server Edition, 98, 25, 94401, 97887, 552.35, 600.00, 58, 2400, 12481, P0, 0
2026/08/17 13:18:17.881, 3, NVIDIA RTX PRO 6000 Blackwell Server Edition, 0, 0, 95829, 97887, 90.80, 600.00, 39, 2302, 12481, P0, 0
2026/08/17 13:18:17.881, 4, NVIDIA RTX PRO 6000 Blackwell Server Edition, 97, 58, 96827, 97887, 382.87, 600.00, 52, 2377, 12481, P0, 0
2026/08/17 13:18:17.881, 5, NVIDIA RTX PRO 6000 Blackwell Server Edition, 99, 45, 96745, 97887, 450.02, 600.00, 60, 2407, 12481, P0, 0
2026/08/17 13:18:17.882, 6, NVIDIA RTX PRO 6000 Blackwell Server Edition, 100, 38, 95811, 97887, 552.38, 600.00, 66, 2400, 12481, P0, 0
2026/08/17 13:18:17.884, 7, NVIDIA RTX PRO 6000 Blackwell Server Edition, 100, 33, 96047, 97887, 571.21, 600.00, 62, 2407, 12481, P0, 0
2026/08/17 13:18:22.885, 0, NVIDIA RTX PRO 6000 Blackwell Server Edition, 98, 65, 96745, 97887, 421.13, 600.00, 56, 2392, 12481, P0, 0
2026/08/17 13:18:22.885, 1, NVIDIA RTX PRO 6000 Blackwell Server Edition, 99, 37, 95739, 97887, 552.64, 600.00, 65, 2400, 12481, P0, 0
2026/08/17 13:18:22.886, 2, NVIDIA RTX PRO 6000 Blackwell Server Edition, 97, 58, 94401, 97887, 396.19, 600.00, 52, 2392, 12481, P0, 0
2026/08/17 13:18:22.886, 3, NVIDIA RTX PRO 6000 Blackwell Server Edition, 97, 57, 95829, 97887, 384.79, 600.00, 47, 2385, 12481, P0, 0
2026/08/17 13:18:22.887, 4, NVIDIA RTX PRO 6000 Blackwell Server Edition, 98, 58, 96827, 97887, 384.95, 600.00, 52, 2377, 12481, P0, 0
2026/08/17 13:18:22.887, 5, NVIDIA RTX PRO 6000 Blackwell Server Edition, 99, 43, 96745, 97887, 446.30, 600.00, 59, 2407, 12481, P0, 0
2026/08/17 13:18:22.888, 6, NVIDIA RTX PRO 6000 Blackwell Server Edition, 98, 65, 95813, 97887, 422.98, 600.00, 60, 2392, 12481, P0, 0
2026/08/17 13:18:22.888, 7, NVIDIA RTX PRO 6000 Blackwell Server Edition, 97, 57, 96047, 97887, 385.07, 600.00, 55, 2392, 12481, P0, 0
2026/08/17 13:18:27.889, 0, NVIDIA RTX PRO 6000 Blackwell Server Edition, 98, 65, 96745, 97887, 419.70, 600.00, 56, 2392, 12481, P0, 0
2026/08/17 13:18:27.890, 1, NVIDIA RTX PRO 6000 Blackwell Server Edition, 98, 62, 95739, 97887, 417.67, 600.00, 59, 2400, 12481, P0, 0
2026/08/17 13:18:27.891, 2, NVIDIA RTX PRO 6000 Blackwell Server Edition, 100, 35, 94401, 97887, 581.20, 600.00, 61, 2392, 12481, P0, 0
2026/08/17 13:18:27.891, 3, NVIDIA RTX PRO 6000 Blackwell Server Edition, 100, 11, 95829, 97887, 274.47, 600.00, 53, 2400, 12481, P0, 0
2026/08/17 13:18:27.892, 4, NVIDIA RTX PRO 6000 Blackwell Server Edition, 100, 29, 96827, 97887, 534.82, 600.00, 57, 2392, 12481, P0, 0
2026/08/17 13:18:27.892, 5, NVIDIA RTX PRO 6000 Blackwell Server Edition, 99, 44, 96745, 97887, 444.49, 600.00, 59, 2407, 12481, P0, 0
2026/08/17 13:18:27.893, 6, NVIDIA RTX PRO 6000 Blackwell Server Edition, 98, 65, 95813, 97887, 420.45, 600.00, 59, 2400, 12481, P0, 0
2026/08/17 13:18:27.893, 7, NVIDIA RTX PRO 6000 Blackwell Server Edition, 97, 57, 96047, 97887, 384.97, 600.00, 55, 2392, 12481, P0, 0
2026/08/17 13:18:32.894, 0, NVIDIA RTX PRO 6000 Blackwell Server Edition, 98, 65, 96745, 97887, 422.92, 600.00, 55, 2392, 12481, P0, 0
2026/08/17 13:18:32.894, 1, NVIDIA RTX PRO 6000 Blackwell Server Edition, 97, 61, 95739, 97887, 416.71, 600.00, 57, 2400, 12481, P0, 0
2026/08/17 13:18:32.895, 2, NVIDIA RTX PRO 6000 Blackwell Server Edition, 99, 24, 94401, 97887, 560.62, 600.00, 61, 2392, 12481, P0, 0
2026/08/17 13:18:32.896, 3, NVIDIA RTX PRO 6000 Blackwell Server Edition, 100, 22, 95829, 97887, 542.51, 600.00, 58, 2415, 12481, P0, 0
2026/08/17 13:18:32.898, 4, NVIDIA RTX PRO 6000 Blackwell Server Edition, 0, 0, 96827, 97887, 114.32, 600.00, 43, 2422, 12481, P0, 0
2026/08/17 13:18:32.898, 5, NVIDIA RTX PRO 6000 Blackwell Server Edition, 99, 44, 96745, 97887, 442.64, 600.00, 59, 2407, 12481, P0, 0
2026/08/17 13:18:32.899, 6, NVIDIA RTX PRO 6000 Blackwell Server Edition, 96, 28, 95813, 97887, 500.23, 600.00, 63, 2400, 12481, P0, 0
2026/08/17 13:18:32.899, 7, NVIDIA RTX PRO 6000 Blackwell Server Edition, 100, 30, 96047, 97887, 396.30, 600.00, 59, 2392, 12481, P0, 0
2026/08/17 13:18:37.900, 0, NVIDIA RTX PRO 6000 Blackwell Server Edition, 98, 65, 96745, 97887, 420.50, 600.00, 56, 2392, 12481, P0, 0
2026/08/17 13:18:37.900, 1, NVIDIA RTX PRO 6000 Blackwell Server Edition, 97, 56, 95739, 97887, 389.30, 600.00, 56, 2392, 12481, P0, 0
2026/08/17 13:18:37.901, 2, NVIDIA RTX PRO 6000 Blackwell Server Edition, 97, 63, 94401, 97887, 426.76, 600.00, 56, 2392, 12481, P0, 0
2026/08/17 13:18:37.901, 3, NVIDIA RTX PRO 6000 Blackwell Server Edition, 98, 60, 95829, 97887, 400.68, 600.00, 53, 2385, 12481, P0, 0
2026/08/17 13:18:37.902, 4, NVIDIA RTX PRO 6000 Blackwell Server Edition, 0, 0, 96827, 97887, 90.12, 600.00, 41, 2347, 12481, P0, 0
2026/08/17 13:18:37.902, 5, NVIDIA RTX PRO 6000 Blackwell Server Edition, 99, 43, 96745, 97887, 442.47, 600.00, 59, 2407, 12481, P0, 0
2026/08/17 13:18:37.903, 6, NVIDIA RTX PRO 6000 Blackwell Server Edition, 98, 66, 95813, 97887, 422.66, 600.00, 58, 2392, 12481, P0, 0
2026/08/17 13:18:37.903, 7, NVIDIA RTX PRO 6000 Blackwell Server Edition, 97, 62, 96047, 97887, 434.98, 600.00, 57, 2392, 12481, P0, 0
2026/08/17 13:18:42.904, 0, NVIDIA RTX PRO 6000 Blackwell Server Edition, 98, 65, 96745, 97887, 419.93, 600.00, 56, 2392, 12481, P0, 0
2026/08/17 13:18:42.905, 1, NVIDIA RTX PRO 6000 Blackwell Server Edition, 97, 61, 95741, 97887, 415.76, 600.00, 57, 2400, 12481, P0, 0
2026/08/17 13:18:42.906, 2, NVIDIA RTX PRO 6000 Blackwell Server Edition, 97, 63, 94401, 97887, 426.33, 600.00, 56, 2392, 12481, P0, 0
2026/08/17 13:18:42.906, 3, NVIDIA RTX PRO 6000 Blackwell Server Edition, 0, 0, 95829, 97887, 88.62, 600.00, 44, 2422, 12481, P0, 0
2026/08/17 13:18:42.906, 4, NVIDIA RTX PRO 6000 Blackwell Server Edition, 97, 58, 96827, 97887, 452.18, 600.00, 51, 2377, 12481, P0, 0
2026/08/17 13:18:42.907, 5, NVIDIA RTX PRO 6000 Blackwell Server Edition, 100, 13, 96745, 97887, 541.69, 600.00, 64, 2415, 12481, P0, 0
2026/08/17 13:18:42.907, 6, NVIDIA RTX PRO 6000 Blackwell Server Edition, 98, 65, 95813, 97887, 421.54, 600.00, 58, 2392, 12481, P0, 0
2026/08/17 13:18:42.908, 7, NVIDIA RTX PRO 6000 Blackwell Server Edition, 97, 63, 96047, 97887, 409.24, 600.00, 56, 2392, 12481, P0, 0
2026/08/17 13:18:47.909, 0, NVIDIA RTX PRO 6000 Blackwell Server Edition, 98, 65, 96745, 97887, 419.05, 600.00, 56, 2392, 12481, P0, 0
2026/08/17 13:18:47.909, 1, NVIDIA RTX PRO 6000 Blackwell Server Edition, 97, 61, 95741, 97887, 413.91, 600.00, 56, 2400, 12481, P0, 0
2026/08/17 13:18:47.910, 2, NVIDIA RTX PRO 6000 Blackwell Server Edition, 97, 63, 94401, 97887, 424.92, 600.00, 56, 2392, 12481, P0, 0
2026/08/17 13:18:47.911, 3, NVIDIA RTX PRO 6000 Blackwell Server Edition, 0, 0, 95829, 97887, 93.09, 600.00, 41, 2302, 12481, P0, 0
2026/08/17 13:18:47.911, 4, NVIDIA RTX PRO 6000 Blackwell Server Edition, 97, 58, 96827, 97887, 380.77, 600.00, 51, 2377, 12481, P0, 0
2026/08/17 13:18:47.911, 5, NVIDIA RTX PRO 6000 Blackwell Server Edition, 99, 54, 96745, 97887, 443.88, 600.00, 59, 2400, 12481, P0, 0
2026/08/17 13:18:47.912, 6, NVIDIA RTX PRO 6000 Blackwell Server Edition, 98, 66, 95813, 97887, 418.15, 600.00, 58, 2392, 12481, P0, 0
2026/08/17 13:18:47.913, 7, NVIDIA RTX PRO 6000 Blackwell Server Edition, 100, 38, 96047, 97887, 563.35, 600.00, 62, 2407, 12481, P0, 0
2026/08/17 13:18:52.914, 0, NVIDIA RTX PRO 6000 Blackwell Server Edition, 98, 39, 96745, 97887, 592.36, 600.00, 63, 2400, 12481, P0, 0
2026/08/17 13:18:52.915, 1, NVIDIA RTX PRO 6000 Blackwell Server Edition, 100, 30, 95741, 97887, 438.45, 600.00, 61, 2385, 12481, P0, 0
2026/08/17 13:18:52.915, 2, NVIDIA RTX PRO 6000 Blackwell Server Edition, 100, 29, 94401, 97887, 583.46, 600.00, 62, 2400, 12481, P0, 0
2026/08/17 13:18:52.916, 3, NVIDIA RTX PRO 6000 Blackwell Server Edition, 100, 34, 95829, 97887, 469.65, 600.00, 54, 2407, 12481, P0, 0
2026/08/17 13:18:52.917, 4, NVIDIA RTX PRO 6000 Blackwell Server Edition, 0, 0, 96827, 97887, 169.16, 600.00, 43, 2347, 12481, P0, 0
2026/08/17 13:18:52.917, 5, NVIDIA RTX PRO 6000 Blackwell Server Edition, 99, 53, 96745, 97887, 440.59, 600.00, 59, 2400, 12481, P0, 0
2026/08/17 13:18:52.917, 6, NVIDIA RTX PRO 6000 Blackwell Server Edition, 98, 66, 95813, 97887, 420.47, 600.00, 58, 2400, 12481, P0, 0
2026/08/17 13:18:52.918, 7, NVIDIA RTX PRO 6000 Blackwell Server Edition, 97, 62, 96047, 97887, 410.74, 600.00, 57, 2392, 12481, P0, 0
2026/08/17 13:18:57.919, 0, NVIDIA RTX PRO 6000 Blackwell Server Edition, 98, 62, 96745, 97887, 428.62, 600.00, 57, 2392, 12481, P0, 0
2026/08/17 13:18:57.920, 1, NVIDIA RTX PRO 6000 Blackwell Server Edition, 97, 61, 95741, 97887, 411.87, 600.00, 57, 2400, 12481, P0, 0
2026/08/17 13:18:57.920, 2, NVIDIA RTX PRO 6000 Blackwell Server Edition, 100, 27, 94401, 97887, 507.48, 600.00, 61, 2385, 12481, P0, 0
2026/08/17 13:18:57.921, 3, NVIDIA RTX PRO 6000 Blackwell Server Edition, 100, 23, 95829, 97887, 553.98, 600.00, 58, 2400, 12481, P0, 0
2026/08/17 13:18:57.921, 4, NVIDIA RTX PRO 6000 Blackwell Server Edition, 0, 0, 96827, 97887, 90.62, 600.00, 41, 2347, 12481, P0, 0
2026/08/17 13:18:57.921, 5, NVIDIA RTX PRO 6000 Blackwell Server Edition, 99, 53, 96745, 97887, 432.86, 600.00, 59, 2400, 12481, P0, 0
2026/08/17 13:18:57.922, 6, NVIDIA RTX PRO 6000 Blackwell Server Edition, 98, 66, 95813, 97887, 424.07, 600.00, 58, 2400, 12481, P0, 0
2026/08/17 13:18:57.923, 7, NVIDIA RTX PRO 6000 Blackwell Server Edition, 97, 57, 96047, 97887, 388.11, 600.00, 56, 2392, 12481, P0, 0
2026/08/17 13:19:02.924, 0, NVIDIA RTX PRO 6000 Blackwell Server Edition, 97, 62, 96745, 97887, 407.97, 600.00, 57, 2392, 12481, P0, 0
2026/08/17 13:19:02.924, 1, NVIDIA RTX PRO 6000 Blackwell Server Edition, 100, 34, 95741, 97887, 573.87, 600.00, 62, 2407, 12481, P0, 0
2026/08/17 13:19:02.926, 2, NVIDIA RTX PRO 6000 Blackwell Server Edition, 97, 61, 94401, 97887, 425.08, 600.00, 57, 2392, 12481, P0, 0
2026/08/17 13:19:02.927, 3, NVIDIA RTX PRO 6000 Blackwell Server Edition, 98, 62, 95829, 97887, 412.50, 600.00, 53, 2392, 12481, P0, 0
2026/08/17 13:19:02.927, 4, NVIDIA RTX PRO 6000 Blackwell Server Edition, 100, 26, 96827, 97887, 545.20, 600.00, 56, 2407, 12481, P0, 0
2026/08/17 13:19:02.927, 5, NVIDIA RTX PRO 6000 Blackwell Server Edition, 99, 53, 96745, 97887, 449.80, 600.00, 59, 2400, 12481, P0, 0
2026/08/17 13:19:02.928, 6, NVIDIA RTX PRO 6000 Blackwell Server Edition, 97, 62, 95813, 97887, 408.71, 600.00, 57, 2392, 12481, P0, 0
2026/08/17 13:19:02.929, 7, NVIDIA RTX PRO 6000 Blackwell Server Edition, 97, 57, 96047, 97887, 386.13, 600.00, 55, 2392, 12481, P0, 0
2026/08/17 13:19:07.929, 0, NVIDIA RTX PRO 6000 Blackwell Server Edition, 97, 62, 96745, 97887, 411.09, 600.00, 56, 2392, 12481, P0, 0
2026/08/17 13:19:07.930, 1, NVIDIA RTX PRO 6000 Blackwell Server Edition, 100, 28, 95741, 97887, 559.81, 600.00, 64, 2407, 12481, P0, 0
2026/08/17 13:19:07.931, 2, NVIDIA RTX PRO 6000 Blackwell Server Edition, 0, 0, 94401, 97887, 117.78, 600.00, 47, 2422, 12481, P0, 0
2026/08/17 13:19:07.932, 3, NVIDIA RTX PRO 6000 Blackwell Server Edition, 97, 62, 95829, 97887, 411.85, 600.00, 53, 2392, 12481, P0, 0
2026/08/17 13:19:07.932, 4, NVIDIA RTX PRO 6000 Blackwell Server Edition, 99, 20, 96827, 97887, 547.53, 600.00, 60, 2415, 12481, P0, 0
2026/08/17 13:19:07.933, 5, NVIDIA RTX PRO 6000 Blackwell Server Edition, 100, 30, 96745, 97887, 575.55, 600.00, 63, 2407, 12481, P0, 0
2026/08/17 13:19:07.933, 6, NVIDIA RTX PRO 6000 Blackwell Server Edition, 97, 57, 95813, 97887, 384.54, 600.00, 53, 2385, 12481, P0, 0
2026/08/17 13:19:07.933, 7, NVIDIA RTX PRO 6000 Blackwell Server Edition, 0, 0, 96047, 97887, 87.88, 600.00, 47, 2422, 12481, P0, 0
2026/08/17 13:19:12.934, 0, NVIDIA RTX PRO 6000 Blackwell Server Edition, 97, 62, 96745, 97887, 412.05, 600.00, 56, 2392, 12481, P0, 0
2026/08/17 13:19:12.935, 1, NVIDIA RTX PRO 6000 Blackwell Server Edition, 100, 19, 95741, 97887, 560.42, 600.00, 65, 2407, 12481, P0, 0
2026/08/17 13:19:12.935, 2, NVIDIA RTX PRO 6000 Blackwell Server Edition, 100, 36, 94401, 97887, 577.63, 600.00, 63, 2392, 12481, P0, 0
2026/08/17 13:19:12.936, 3, NVIDIA RTX PRO 6000 Blackwell Server Edition, 97, 56, 95829, 97887, 387.32, 600.00, 53, 2385, 12481, P0, 0
2026/08/17 13:19:12.936, 4, NVIDIA RTX PRO 6000 Blackwell Server Edition, 100, 11, 96827, 97887, 554.91, 600.00, 61, 2415, 12481, P0, 0
2026/08/17 13:19:12.937, 5, NVIDIA RTX PRO 6000 Blackwell Server Edition, 100, 38, 96745, 97887, 570.79, 600.00, 64, 2407, 12481, P0, 0
2026/08/17 13:19:12.937, 6, NVIDIA RTX PRO 6000 Blackwell Server Edition, 100, 29, 95813, 97887, 565.63, 600.00, 64, 2407, 12481, P0, 0
2026/08/17 13:19:12.937, 7, NVIDIA RTX PRO 6000 Blackwell Server Edition, 98, 58, 96047, 97887, 384.82, 600.00, 54, 2392, 12481, P0, 0
2026/08/17 13:19:17.938, 0, NVIDIA RTX PRO 6000 Blackwell Server Edition, 97, 57, 96745, 97887, 403.08, 600.00, 55, 2392, 12481, P0, 0
2026/08/17 13:19:17.939, 1, NVIDIA RTX PRO 6000 Blackwell Server Edition, 100, 27, 95741, 97887, 570.65, 600.00, 66, 2407, 12481, P0, 0
2026/08/17 13:19:17.939, 2, NVIDIA RTX PRO 6000 Blackwell Server Edition, 98, 57, 94401, 97887, 398.35, 600.00, 56, 2392, 12481, P0, 0
2026/08/17 13:19:17.940, 3, NVIDIA RTX PRO 6000 Blackwell Server Edition, 97, 56, 95829, 97887, 387.75, 600.00, 53, 2385, 12481, P0, 0
2026/08/17 13:19:17.940, 4, NVIDIA RTX PRO 6000 Blackwell Server Edition, 100, 17, 96827, 97887, 551.33, 600.00, 61, 2415, 12481, P0, 0
2026/08/17 13:19:17.941, 5, NVIDIA RTX PRO 6000 Blackwell Server Edition, 99, 55, 96745, 97887, 456.81, 600.00, 61, 2400, 12481, P0, 0
2026/08/17 13:19:17.942, 6, NVIDIA RTX PRO 6000 Blackwell Server Edition, 100, 33, 95813, 97887, 572.74, 600.00, 65, 2400, 12481, P0, 0
2026/08/17 13:19:17.943, 7, NVIDIA RTX PRO 6000 Blackwell Server Edition, 97, 58, 96047, 97887, 384.25, 600.00, 54, 2392, 12481, P0, 0
2026/08/17 13:19:22.944, 0, NVIDIA RTX PRO 6000 Blackwell Server Edition, 97, 57, 96745, 97887, 385.35, 600.00, 54, 2385, 12481, P0, 0
2026/08/17 13:19:22.945, 1, NVIDIA RTX PRO 6000 Blackwell Server Edition, 98, 63, 95741, 97887, 421.81, 600.00, 59, 2400, 12481, P0, 0
2026/08/17 13:19:22.945, 2, NVIDIA RTX PRO 6000 Blackwell Server Edition, 97, 60, 94401, 97887, 416.30, 600.00, 56, 2400, 12481, P0, 0
2026/08/17 13:19:22.947, 3, NVIDIA RTX PRO 6000 Blackwell Server Edition, 100, 38, 95829, 97887, 607.67, 600.00, 62, 2400, 12481, P0, 0
2026/08/17 13:19:22.947, 4, NVIDIA RTX PRO 6000 Blackwell Server Edition, 100, 34, 96827, 97887, 555.50, 600.00, 65, 2415, 12481, P0, 0
2026/08/17 13:19:22.948, 5, NVIDIA RTX PRO 6000 Blackwell Server Edition, 99, 54, 96745, 97887, 449.48, 600.00, 60, 2400, 12481, P0, 0
2026/08/17 13:19:22.948, 6, NVIDIA RTX PRO 6000 Blackwell Server Edition, 100, 36, 95813, 97887, 551.98, 600.00, 68, 2400, 12481, P0, 0
2026/08/17 13:19:22.949, 7, NVIDIA RTX PRO 6000 Blackwell Server Edition, 97, 58, 96047, 97887, 384.61, 600.00, 54, 2392, 12481, P0, 0
2026/08/17 13:19:27.950, 0, NVIDIA RTX PRO 6000 Blackwell Server Edition, 98, 57, 96745, 97887, 385.86, 600.00, 54, 2385, 12481, P0, 0
2026/08/17 13:19:27.950, 1, NVIDIA RTX PRO 6000 Blackwell Server Edition, 98, 63, 95741, 97887, 424.32, 600.00, 58, 2400, 12481, P0, 0
2026/08/17 13:19:27.951, 2, NVIDIA RTX PRO 6000 Blackwell Server Edition, 0, 0, 94401, 97887, 326.70, 600.00, 48, 2415, 12481, P0, 0
2026/08/17 13:19:27.951, 3, NVIDIA RTX PRO 6000 Blackwell Server Edition, 97, 61, 95829, 97887, 413.51, 600.00, 56, 2392, 12481, P0, 0
2026/08/17 13:19:27.952, 4, NVIDIA RTX PRO 6000 Blackwell Server Edition, 100, 30, 96827, 97887, 566.51, 600.00, 62, 2407, 12481, P0, 0
2026/08/17 13:19:27.952, 5, NVIDIA RTX PRO 6000 Blackwell Server Edition, 99, 54, 96745, 97887, 445.54, 600.00, 60, 2400, 12481, P0, 0
2026/08/17 13:19:27.953, 6, NVIDIA RTX PRO 6000 Blackwell Server Edition, 98, 64, 95813, 97887, 421.54, 600.00, 60, 2392, 12481, P0, 0
2026/08/17 13:19:27.953, 7, NVIDIA RTX PRO 6000 Blackwell Server Edition, 100, 26, 96047, 97887, 528.84, 600.00, 62, 2400, 12481, P0, 0
2026/08/17 13:19:32.954, 0, NVIDIA RTX PRO 6000 Blackwell Server Edition, 100, 32, 96745, 97887, 576.70, 600.00, 62, 2407, 12481, P0, 0
2026/08/17 13:19:32.955, 1, NVIDIA RTX PRO 6000 Blackwell Server Edition, 98, 63, 95741, 97887, 419.47, 600.00, 57, 2400, 12481, P0, 0
2026/08/17 13:19:32.955, 2, NVIDIA RTX PRO 6000 Blackwell Server Edition, 0, 0, 94401, 97887, 92.70, 600.00, 44, 2317, 12481, P0, 0
2026/08/17 13:19:32.955, 3, NVIDIA RTX PRO 6000 Blackwell Server Edition, 97, 57, 95829, 97887, 395.30, 600.00, 55, 2385, 12481, P0, 0
2026/08/17 13:19:32.956, 4, NVIDIA RTX PRO 6000 Blackwell Server Edition, 98, 65, 96827, 97887, 425.10, 600.00, 58, 2392, 12481, P0, 0
2026/08/17 13:19:32.957, 5, NVIDIA RTX PRO 6000 Blackwell Server Edition, 100, 31, 96745, 97887, 554.60, 600.00, 66, 2407, 12481, P0, 0
2026/08/17 13:19:32.957, 6, NVIDIA RTX PRO 6000 Blackwell Server Edition, 97, 57, 95813, 97887, 385.15, 600.00, 58, 2385, 12481, P0, 0
2026/08/17 13:19:32.958, 7, NVIDIA RTX PRO 6000 Blackwell Server Edition, 97, 58, 96047, 97887, 386.23, 600.00, 55, 2392, 12481, P0, 0
2026/08/17 13:19:37.958, 0, NVIDIA RTX PRO 6000 Blackwell Server Edition, 100, 25, 96745, 97887, 565.10, 600.00, 63, 2407, 12481, P0, 0
2026/08/17 13:19:37.959, 1, NVIDIA RTX PRO 6000 Blackwell Server Edition, 100, 32, 95741, 97887, 585.62, 600.00, 63, 2407, 12481, P0, 0
2026/08/17 13:19:37.959, 2, NVIDIA RTX PRO 6000 Blackwell Server Edition, 0, 0, 94401, 97887, 90.69, 600.00, 41, 2317, 12481, P0, 0
2026/08/17 13:19:37.960, 3, NVIDIA RTX PRO 6000 Blackwell Server Edition, 98, 57, 95829, 97887, 393.01, 600.00, 54, 2385, 12481, P0, 0
2026/08/17 13:19:37.960, 4, NVIDIA RTX PRO 6000 Blackwell Server Edition, 98, 66, 96827, 97887, 425.77, 600.00, 57, 2392, 12481, P0, 0
2026/08/17 13:19:37.961, 5, NVIDIA RTX PRO 6000 Blackwell Server Edition, 98, 25, 96745, 97887, 544.06, 600.00, 64, 2407, 12481, P0, 0
2026/08/17 13:19:37.961, 6, NVIDIA RTX PRO 6000 Blackwell Server Edition, 97, 62, 95813, 97887, 457.81, 600.00, 59, 2392, 12481, P0, 0
2026/08/17 13:19:37.962, 7, NVIDIA RTX PRO 6000 Blackwell Server Edition, 0, 0, 96047, 97887, 85.78, 600.00, 44, 2422, 12481, P0, 0
2026/08/17 13:19:42.963, 0, NVIDIA RTX PRO 6000 Blackwell Server Edition, 97, 63, 96745, 97887, 416.32, 600.00, 57, 2392, 12481, P0, 0
2026/08/17 13:19:42.963, 1, NVIDIA RTX PRO 6000 Blackwell Server Edition, 98, 64, 95741, 97887, 426.79, 600.00, 58, 2400, 12481, P0, 0
2026/08/17 13:19:42.964, 2, NVIDIA RTX PRO 6000 Blackwell Server Edition, 98, 57, 94401, 97887, 391.59, 600.00, 51, 2392, 12481, P0, 0
2026/08/17 13:19:42.964, 3, NVIDIA RTX PRO 6000 Blackwell Server Edition, 97, 57, 95829, 97887, 391.01, 600.00, 54, 2385, 12481, P0, 0
2026/08/17 13:19:42.965, 4, NVIDIA RTX PRO 6000 Blackwell Server Edition, 98, 66, 96827, 97887, 422.26, 600.00, 57, 2392, 12481, P0, 0
2026/08/17 13:19:42.966, 5, NVIDIA RTX PRO 6000 Blackwell Server Edition, 99, 55, 96745, 97887, 452.06, 600.00, 61, 2400, 12481, P0, 0
2026/08/17 13:19:42.966, 6, NVIDIA RTX PRO 6000 Blackwell Server Edition, 97, 62, 95813, 97887, 409.05, 600.00, 58, 2392, 12481, P0, 0
2026/08/17 13:19:42.967, 7, NVIDIA RTX PRO 6000 Blackwell Server Edition, 0, 0, 96047, 97887, 89.58, 600.00, 41, 2355, 12481, P0, 0
2026/08/17 13:19:47.967, 0, NVIDIA RTX PRO 6000 Blackwell Server Edition, 97, 57, 96745, 97887, 386.39, 600.00, 56, 2385, 12481, P0, 0
2026/08/17 13:19:47.968, 1, NVIDIA RTX PRO 6000 Blackwell Server Edition, 98, 64, 95741, 97887, 428.48, 600.00, 57, 2400, 12481, P0, 0
2026/08/17 13:19:47.968, 2, NVIDIA RTX PRO 6000 Blackwell Server Edition, 97, 57, 94401, 97887, 392.42, 600.00, 51, 2392, 12481, P0, 0
2026/08/17 13:19:47.969, 3, NVIDIA RTX PRO 6000 Blackwell Server Edition, 100, 31, 95829, 97887, 565.80, 600.00, 61, 2407, 12481, P0, 0
2026/08/17 13:19:47.969, 4, NVIDIA RTX PRO 6000 Blackwell Server Edition, 98, 66, 96827, 97887, 427.82, 600.00, 57, 2392, 12481, P0, 0
2026/08/17 13:19:47.970, 5, NVIDIA RTX PRO 6000 Blackwell Server Edition, 99, 55, 96745, 97887, 450.82, 600.00, 60, 2400, 12481, P0, 0
2026/08/17 13:19:47.970, 6, NVIDIA RTX PRO 6000 Blackwell Server Edition, 97, 62, 95813, 97887, 409.19, 600.00, 57, 2392, 12481, P0, 0
2026/08/17 13:19:47.971, 7, NVIDIA RTX PRO 6000 Blackwell Server Edition, 0, 0, 96047, 97887, 88.36, 600.00, 39, 2355, 12481, P0, 0
2026/08/17 13:19:52.971, 0, NVIDIA RTX PRO 6000 Blackwell Server Edition, 100, 29, 96745, 97887, 505.18, 600.00, 61, 2400, 12481, P0, 0
2026/08/17 13:19:52.972, 1, NVIDIA RTX PRO 6000 Blackwell Server Edition, 97, 62, 95741, 97887, 416.99, 600.00, 56, 2400, 12481, P0, 0
2026/08/17 13:19:52.973, 2, NVIDIA RTX PRO 6000 Blackwell Server Edition, 0, 0, 94401, 97887, 91.03, 600.00, 41, 2317, 12481, P0, 0
2026/08/17 13:19:52.973, 3, NVIDIA RTX PRO 6000 Blackwell Server Edition, 100, 20, 95829, 97887, 533.11, 600.00, 62, 2400, 12481, P0, 0
2026/08/17 13:19:52.974, 4, NVIDIA RTX PRO 6000 Blackwell Server Edition, 98, 66, 96827, 97887, 422.44, 600.00, 56, 2392, 12481, P0, 0
2026/08/17 13:19:52.975, 5, NVIDIA RTX PRO 6000 Blackwell Server Edition, 99, 54, 96745, 97887, 444.21, 600.00, 60, 2400, 12481, P0, 0
2026/08/17 13:19:52.976, 6, NVIDIA RTX PRO 6000 Blackwell Server Edition, 98, 62, 95813, 97887, 408.95, 600.00, 57, 2392, 12481, P0, 0
2026/08/17 13:19:52.976, 7, NVIDIA RTX PRO 6000 Blackwell Server Edition, 99, 29, 96047, 97887, 551.05, 600.00, 58, 2400, 12481, P0, 0
2026/08/17 13:19:57.977, 0, NVIDIA RTX PRO 6000 Blackwell Server Edition, 100, 24, 96745, 97887, 570.76, 600.00, 65, 2407, 12481, P0, 0
2026/08/17 13:19:57.977, 1, NVIDIA RTX PRO 6000 Blackwell Server Edition, 97, 62, 95741, 97887, 497.34, 600.00, 58, 2400, 12481, P0, 0
2026/08/17 13:19:57.978, 2, NVIDIA RTX PRO 6000 Blackwell Server Edition, 100, 32, 94401, 97887, 591.29, 600.00, 57, 2400, 12481, P0, 0
2026/08/17 13:19:57.978, 3, NVIDIA RTX PRO 6000 Blackwell Server Edition, 100, 29, 95829, 97887, 565.64, 600.00, 65, 2400, 12481, P0, 0
2026/08/17 13:19:57.979, 4, NVIDIA RTX PRO 6000 Blackwell Server Edition, 98, 65, 96827, 97887, 421.80, 600.00, 56, 2392, 12481, P0, 0
2026/08/17 13:19:57.980, 5, NVIDIA RTX PRO 6000 Blackwell Server Edition, 99, 51, 96745, 97887, 441.35, 600.00, 59, 2400, 12481, P0, 0
2026/08/17 13:19:57.980, 6, NVIDIA RTX PRO 6000 Blackwell Server Edition, 97, 62, 95813, 97887, 407.24, 600.00, 57, 2392, 12481, P0, 0
2026/08/17 13:19:57.981, 7, NVIDIA RTX PRO 6000 Blackwell Server Edition, 0, 0, 96047, 97887, 90.26, 600.00, 42, 2355, 12481, P0, 0
2026/08/17 13:20:02.982, 0, NVIDIA RTX PRO 6000 Blackwell Server Edition, 100, 19, 96745, 97887, 565.02, 600.00, 65, 2407, 12481, P0, 0
2026/08/17 13:20:02.982, 1, NVIDIA RTX PRO 6000 Blackwell Server Edition, 98, 62, 95741, 97887, 421.04, 600.00, 57, 2400, 12481, P0, 0
2026/08/17 13:20:02.984, 2, NVIDIA RTX PRO 6000 Blackwell Server Edition, 100, 28, 94401, 97887, 588.40, 600.00, 61, 2400, 12481, P0, 0
2026/08/17 13:20:02.985, 3, NVIDIA RTX PRO 6000 Blackwell Server Edition, 100, 24, 95829, 97887, 572.23, 600.00, 66, 2400, 12481, P0, 0
2026/08/17 13:20:02.985, 4, NVIDIA RTX PRO 6000 Blackwell Server Edition, 80, 37, 96827, 97887, 407.41, 600.00, 60, 2385, 12481, P0, 0
2026/08/17 13:20:02.985, 5, NVIDIA RTX PRO 6000 Blackwell Server Edition, 98, 51, 96745, 97887, 440.12, 600.00, 59, 2400, 12481, P0, 0
2026/08/17 13:20:02.986, 6, NVIDIA RTX PRO 6000 Blackwell Server Edition, 97, 57, 95813, 97887, 383.78, 600.00, 56, 2385, 12481, P0, 0
2026/08/17 13:20:02.986, 7, NVIDIA RTX PRO 6000 Blackwell Server Edition, 0, 0, 96047, 97887, 88.69, 600.00, 40, 2355, 12481, P0, 0
2026/08/17 13:20:07.987, 0, NVIDIA RTX PRO 6000 Blackwell Server Edition, 100, 21, 96745, 97887, 518.17, 600.00, 65, 2400, 12481, P0, 0
2026/08/17 13:20:07.987, 1, NVIDIA RTX PRO 6000 Blackwell Server Edition, 97, 62, 95741, 97887, 424.90, 600.00, 57, 2400, 12481, P0, 0
2026/08/17 13:20:07.988, 2, NVIDIA RTX PRO 6000 Blackwell Server Edition, 100, 16, 94401, 97887, 573.54, 600.00, 60, 2400, 12481, P0, 0
2026/08/17 13:20:07.988, 3, NVIDIA RTX PRO 6000 Blackwell Server Edition, 100, 27, 95829, 97887, 574.07, 600.00, 66, 2407, 12481, P0, 0
2026/08/17 13:20:07.989, 4, NVIDIA RTX PRO 6000 Blackwell Server Edition, 100, 29, 96827, 97887, 548.63, 600.00, 64, 2407, 12481, P0, 0
2026/08/17 13:20:07.990, 5, NVIDIA RTX PRO 6000 Blackwell Server Edition, 99, 52, 96745, 97887, 440.43, 600.00, 59, 2400, 12481, P0, 0
2026/08/17 13:20:07.990, 6, NVIDIA RTX PRO 6000 Blackwell Server Edition, 97, 57, 95813, 97887, 384.11, 600.00, 55, 2385, 12481, P0, 0
2026/08/17 13:20:07.991, 7, NVIDIA RTX PRO 6000 Blackwell Server Edition, 0, 0, 96047, 97887, 88.14, 600.00, 38, 2355, 12481, P0, 0
2026/08/17 13:20:12.991, 0, NVIDIA RTX PRO 6000 Blackwell Server Edition, 97, 64, 96745, 97887, 418.84, 600.00, 58, 2392, 12481, P0, 0
2026/08/17 13:20:12.992, 1, NVIDIA RTX PRO 6000 Blackwell Server Edition, 100, 25, 95741, 97887, 535.48, 600.00, 62, 2400, 12481, P0, 0
2026/08/17 13:20:12.993, 2, NVIDIA RTX PRO 6000 Blackwell Server Edition, 98, 34, 94401, 97887, 574.03, 600.00, 62, 2407, 12481, P0, 0
2026/08/17 13:20:12.993, 3, NVIDIA RTX PRO 6000 Blackwell Server Edition, 98, 64, 95829, 97887, 473.09, 600.00, 60, 2392, 12481, P0, 0
2026/08/17 13:20:12.994, 4, NVIDIA RTX PRO 6000 Blackwell Server Edition, 100, 31, 96827, 97887, 581.72, 600.00, 63, 2400, 12481, P0, 0
2026/08/17 13:20:12.994, 5, NVIDIA RTX PRO 6000 Blackwell Server Edition, 100, 27, 96745, 97887, 566.31, 600.00, 64, 2392, 12481, P0, 0
2026/08/17 13:20:12.994, 6, NVIDIA RTX PRO 6000 Blackwell Server Edition, 97, 57, 95813, 97887, 381.32, 600.00, 55, 2385, 12481, P0, 0
2026/08/17 13:20:12.995, 7, NVIDIA RTX PRO 6000 Blackwell Server Edition, 0, 0, 96047, 97887, 114.36, 600.00, 37, 2355, 12481, P0, 0
2026/08/17 13:20:17.996, 0, NVIDIA RTX PRO 6000 Blackwell Server Edition, 98, 64, 96745, 97887, 417.25, 600.00, 57, 2392, 12481, P0, 0
2026/08/17 13:20:17.996, 1, NVIDIA RTX PRO 6000 Blackwell Server Edition, 98, 63, 95741, 97887, 422.38, 600.00, 56, 2400, 12481, P0, 0
2026/08/17 13:20:17.997, 2, NVIDIA RTX PRO 6000 Blackwell Server Edition, 100, 26, 94401, 97887, 567.67, 600.00, 64, 2407, 12481, P0, 0
2026/08/17 13:20:17.997, 3, NVIDIA RTX PRO 6000 Blackwell Server Edition, 100, 32, 95829, 97887, 470.63, 600.00, 62, 2377, 12481, P0, 0
2026/08/17 13:20:17.998, 4, NVIDIA RTX PRO 6000 Blackwell Server Edition, 100, 27, 96827, 97887, 559.24, 600.00, 65, 2400, 12481, P0, 0
2026/08/17 13:20:17.998, 5, NVIDIA RTX PRO 6000 Blackwell Server Edition, 99, 51, 96745, 97887, 440.46, 600.00, 59, 2400, 12481, P0, 0
2026/08/17 13:20:17.999, 6, NVIDIA RTX PRO 6000 Blackwell Server Edition, 66, 39, 95813, 97887, 328.36, 600.00, 49, 2415, 12481, P0, 0
2026/08/17 13:20:17.999, 7, NVIDIA RTX PRO 6000 Blackwell Server Edition, 0, 0, 96047, 97887, 87.15, 600.00, 36, 2355, 12481, P0, 0
2026/08/17 13:20:23.000, 0, NVIDIA RTX PRO 6000 Blackwell Server Edition, 98, 64, 96745, 97887, 416.49, 600.00, 57, 2392, 12481, P0, 0
2026/08/17 13:20:23.000, 1, NVIDIA RTX PRO 6000 Blackwell Server Edition, 97, 62, 95741, 97887, 417.10, 600.00, 56, 2400, 12481, P0, 0
2026/08/17 13:20:23.001, 2, NVIDIA RTX PRO 6000 Blackwell Server Edition, 100, 21, 94401, 97887, 567.26, 600.00, 64, 2400, 12481, P0, 0
2026/08/17 13:20:23.001, 3, NVIDIA RTX PRO 6000 Blackwell Server Edition, 98, 64, 95829, 97887, 427.81, 600.00, 58, 2392, 12481, P0, 0
2026/08/17 13:20:23.002, 4, NVIDIA RTX PRO 6000 Blackwell Server Edition, 100, 29, 96827, 97887, 578.81, 600.00, 65, 2400, 12481, P0, 0
2026/08/17 13:20:23.003, 5, NVIDIA RTX PRO 6000 Blackwell Server Edition, 100, 27, 96745, 97887, 520.56, 600.00, 62, 2407, 12481, P0, 0
2026/08/17 13:20:23.003, 6, NVIDIA RTX PRO 6000 Blackwell Server Edition, 0, 0, 95813, 97887, 84.42, 600.00, 44, 2430, 12481, P0, 0
2026/08/17 13:20:23.003, 7, NVIDIA RTX PRO 6000 Blackwell Server Edition, 0, 0, 96047, 97887, 86.98, 600.00, 35, 2355, 12481, P0, 0
2026/08/17 13:20:28.004, 0, NVIDIA RTX PRO 6000 Blackwell Server Edition, 100, 38, 96745, 97887, 568.65, 600.00, 61, 2407, 12481, P0, 0
2026/08/17 13:20:28.005, 1, NVIDIA RTX PRO 6000 Blackwell Server Edition, 97, 60, 95741, 97887, 410.84, 600.00, 55, 2392, 12481, P0, 0
2026/08/17 13:20:28.006, 2, NVIDIA RTX PRO 6000 Blackwell Server Edition, 87, 30, 94401, 97887, 447.29, 600.00, 62, 2385, 12481, P0, 0
2026/08/17 13:20:28.006, 3, NVIDIA RTX PRO 6000 Blackwell Server Edition, 97, 57, 95829, 97887, 396.71, 600.00, 57, 2385, 12481, P0, 0
2026/08/17 13:20:28.007, 4, NVIDIA RTX PRO 6000 Blackwell Server Edition, 100, 29, 96827, 97887, 560.51, 600.00, 66, 2407, 12481, P0, 0
2026/08/17 13:20:28.007, 5, NVIDIA RTX PRO 6000 Blackwell Server Edition, 100, 21, 96745, 97887, 560.56, 600.00, 64, 2407, 12481, P0, 0
2026/08/17 13:20:28.008, 6, NVIDIA RTX PRO 6000 Blackwell Server Edition, 0, 0, 95813, 97887, 115.72, 600.00, 42, 2347, 12481, P0, 0
2026/08/17 13:20:28.008, 7, NVIDIA RTX PRO 6000 Blackwell Server Edition, 0, 0, 96047, 97887, 116.75, 600.00, 35, 2355, 12481, P0, 0
2026/08/17 13:20:33.009, 0, NVIDIA RTX PRO 6000 Blackwell Server Edition, 100, 38, 96745, 97887, 567.19, 600.00, 64, 2407, 12481, P0, 0
2026/08/17 13:20:33.009, 1, NVIDIA RTX PRO 6000 Blackwell Server Edition, 97, 57, 95741, 97887, 391.10, 600.00, 55, 2392, 12481, P0, 0
2026/08/17 13:20:33.011, 2, NVIDIA RTX PRO 6000 Blackwell Server Edition, 98, 60, 94401, 97887, 411.69, 600.00, 58, 2385, 12481, P0, 0
2026/08/17 13:20:33.012, 3, NVIDIA RTX PRO 6000 Blackwell Server Edition, 98, 58, 95829, 97887, 397.64, 600.00, 56, 2385, 12481, P0, 0
2026/08/17 13:20:33.012, 4, NVIDIA RTX PRO 6000 Blackwell Server Edition, 98, 64, 96827, 97887, 432.85, 600.00, 60, 2392, 12481, P0, 0
2026/08/17 13:20:33.013, 5, NVIDIA RTX PRO 6000 Blackwell Server Edition, 100, 25, 96745, 97887, 564.79, 600.00, 65, 2407, 12481, P0, 0
2026/08/17 13:20:33.013, 6, NVIDIA RTX PRO 6000 Blackwell Server Edition, 100, 36, 95813, 97887, 544.07, 600.00, 51, 2385, 12481, P0, 0
2026/08/17 13:20:33.014, 7, NVIDIA RTX PRO 6000 Blackwell Server Edition, 0, 0, 96047, 97887, 86.39, 600.00, 34, 2355, 12481, P0, 0
2026/08/17 13:20:38.014, 0, NVIDIA RTX PRO 6000 Blackwell Server Edition, 100, 18, 96745, 97887, 561.69, 600.00, 63, 2415, 12481, P0, 0
2026/08/17 13:20:38.015, 1, NVIDIA RTX PRO 6000 Blackwell Server Edition, 97, 57, 95741, 97887, 388.78, 600.00, 54, 2392, 12481, P0, 0
2026/08/17 13:20:38.015, 2, NVIDIA RTX PRO 6000 Blackwell Server Edition, 98, 61, 94401, 97887, 411.54, 600.00, 57, 2385, 12481, P0, 0
2026/08/17 13:20:38.016, 3, NVIDIA RTX PRO 6000 Blackwell Server Edition, 97, 58, 95829, 97887, 395.83, 600.00, 56, 2385, 12481, P0, 0
2026/08/17 13:20:38.016, 4, NVIDIA RTX PRO 6000 Blackwell Server Edition, 98, 64, 96827, 97887, 423.93, 600.00, 59, 2392, 12481, P0, 0
2026/08/17 13:20:38.017, 5, NVIDIA RTX PRO 6000 Blackwell Server Edition, 100, 27, 96745, 97887, 546.50, 600.00, 65, 2392, 12481, P0, 0
2026/08/17 13:20:38.018, 6, NVIDIA RTX PRO 6000 Blackwell Server Edition, 0, 0, 95813, 97887, 116.05, 600.00, 42, 2347, 12481, P0, 0
2026/08/17 13:20:38.018, 7, NVIDIA RTX PRO 6000 Blackwell Server Edition, 0, 0, 96047, 97887, 86.15, 600.00, 34, 2370, 12481, P0, 0
2026/08/17 13:20:43.019, 0, NVIDIA RTX PRO 6000 Blackwell Server Edition, 100, 38, 96745, 97887, 597.52, 600.00, 64, 2400, 12481, P0, 0
2026/08/17 13:20:43.019, 1, NVIDIA RTX PRO 6000 Blackwell Server Edition, 100, 38, 95741, 97887, 556.69, 600.00, 62, 2407, 12481, P0, 0
2026/08/17 13:20:43.020, 2, NVIDIA RTX PRO 6000 Blackwell Server Edition, 100, 38, 94401, 97887, 530.82, 600.00, 62, 2392, 12481, P0, 0
2026/08/17 13:20:43.021, 3, NVIDIA RTX PRO 6000 Blackwell Server Edition, 100, 34, 95829, 97887, 588.07, 600.00, 62, 2400, 12481, P0, 0
2026/08/17 13:20:43.021, 4, NVIDIA RTX PRO 6000 Blackwell Server Edition, 100, 38, 96827, 97887, 611.59, 600.00, 62, 2400, 12481, P0, 0
2026/08/17 13:20:43.021, 5, NVIDIA RTX PRO 6000 Blackwell Server Edition, 100, 32, 96745, 97887, 542.91, 600.00, 63, 2385, 12481, P0, 0
2026/08/17 13:20:43.022, 6, NVIDIA RTX PRO 6000 Blackwell Server Edition, 100, 39, 95813, 97887, 563.34, 600.00, 54, 2407, 12481, P0, 0
2026/08/17 13:20:43.022, 7, NVIDIA RTX PRO 6000 Blackwell Server Edition, 100, 38, 96047, 97887, 581.10, 600.00, 49, 2407, 12481, P0, 0
2026/08/17 13:20:48.023, 0, NVIDIA RTX PRO 6000 Blackwell Server Edition, 100, 29, 96745, 97887, 583.15, 600.00, 67, 2415, 12481, P0, 0
2026/08/17 13:20:48.023, 1, NVIDIA RTX PRO 6000 Blackwell Server Edition, 100, 29, 95741, 97887, 567.62, 600.00, 64, 2415, 12481, P0, 0
2026/08/17 13:20:48.024, 2, NVIDIA RTX PRO 6000 Blackwell Server Edition, 100, 38, 94401, 97887, 586.51, 600.00, 64, 2400, 12481, P0, 0
2026/08/17 13:20:48.025, 3, NVIDIA RTX PRO 6000 Blackwell Server Edition, 100, 26, 95829, 97887, 576.39, 600.00, 65, 2407, 12481, P0, 0
2026/08/17 13:20:48.025, 4, NVIDIA RTX PRO 6000 Blackwell Server Edition, 100, 36, 96827, 97887, 579.84, 600.00, 67, 2407, 12481, P0, 0
2026/08/17 13:20:48.025, 5, NVIDIA RTX PRO 6000 Blackwell Server Edition, 100, 32, 96745, 97887, 590.46, 600.00, 66, 2407, 12481, P0, 0
2026/08/17 13:20:48.026, 6, NVIDIA RTX PRO 6000 Blackwell Server Edition, 100, 41, 95813, 97887, 555.82, 600.00, 59, 2407, 12481, P0, 0
2026/08/17 13:20:48.027, 7, NVIDIA RTX PRO 6000 Blackwell Server Edition, 100, 29, 96047, 97887, 566.06, 600.00, 56, 2415, 12481, P0, 0
2026/08/17 13:20:53.027, 0, NVIDIA RTX PRO 6000 Blackwell Server Edition, 100, 37, 96745, 97887, 572.19, 600.00, 67, 2415, 12481, P0, 0
2026/08/17 13:20:53.028, 1, NVIDIA RTX PRO 6000 Blackwell Server Edition, 100, 24, 95741, 97887, 566.68, 600.00, 64, 2415, 12481, P0, 0
2026/08/17 13:20:53.029, 2, NVIDIA RTX PRO 6000 Blackwell Server Edition, 100, 31, 94401, 97887, 574.42, 600.00, 64, 2407, 12481, P0, 0
2026/08/17 13:20:53.030, 3, NVIDIA RTX PRO 6000 Blackwell Server Edition, 100, 20, 95829, 97887, 583.12, 600.00, 67, 2407, 12481, P0, 0
2026/08/17 13:20:53.030, 4, NVIDIA RTX PRO 6000 Blackwell Server Edition, 100, 38, 96827, 97887, 580.17, 600.00, 66, 2407, 12481, P0, 0
2026/08/17 13:20:53.030, 5, NVIDIA RTX PRO 6000 Blackwell Server Edition, 100, 23, 96745, 97887, 569.63, 600.00, 67, 2415, 12481, P0, 0
2026/08/17 13:20:53.032, 6, NVIDIA RTX PRO 6000 Blackwell Server Edition, 100, 30, 95813, 97887, 550.89, 600.00, 61, 2407, 12481, P0, 0
2026/08/17 13:20:53.032, 7, NVIDIA RTX PRO 6000 Blackwell Server Edition, 100, 24, 96047, 97887, 557.28, 600.00, 58, 2415, 12481, P0, 0
2026/08/17 13:20:58.035, 0, NVIDIA RTX PRO 6000 Blackwell Server Edition, 100, 30, 96745, 97887, 589.14, 600.00, 66, 2407, 12481, P0, 0
2026/08/17 13:20:58.036, 1, NVIDIA RTX PRO 6000 Blackwell Server Edition, 100, 33, 95741, 97887, 580.28, 600.00, 66, 2407, 12481, P0, 0
2026/08/17 13:20:58.037, 2, NVIDIA RTX PRO 6000 Blackwell Server Edition, 100, 38, 94401, 97887, 580.87, 600.00, 65, 2400, 12481, P0, 0
2026/08/17 13:20:58.037, 3, NVIDIA RTX PRO 6000 Blackwell Server Edition, 100, 31, 95829, 97887, 575.60, 600.00, 66, 2415, 12481, P0, 0
2026/08/17 13:20:58.037, 4, NVIDIA RTX PRO 6000 Blackwell Server Edition, 100, 37, 96827, 97887, 571.91, 600.00, 66, 2407, 12481, P0, 0
2026/08/17 13:20:58.038, 5, NVIDIA RTX PRO 6000 Blackwell Server Edition, 100, 34, 96745, 97887, 510.63, 600.00, 67, 2415, 12481, P0, 0
2026/08/17 13:20:58.038, 6, NVIDIA RTX PRO 6000 Blackwell Server Edition, 97, 63, 95813, 97887, 408.46, 600.00, 56, 2392, 12481, P0, 0
2026/08/17 13:20:58.039, 7, NVIDIA RTX PRO 6000 Blackwell Server Edition, 100, 37, 96857, 97887, 586.84, 600.00, 60, 2415, 12481, P0, 0
2026/08/17 13:21:03.039, 0, NVIDIA RTX PRO 6000 Blackwell Server Edition, 100, 32, 96745, 97887, 589.97, 600.00, 64, 2407, 12481, P0, 0
2026/08/17 13:21:03.040, 1, NVIDIA RTX PRO 6000 Blackwell Server Edition, 100, 25, 95741, 97887, 576.15, 600.00, 66, 2415, 12481, P0, 0
2026/08/17 13:21:03.040, 2, NVIDIA RTX PRO 6000 Blackwell Server Edition, 98, 65, 94401, 97887, 444.93, 600.00, 60, 2400, 12481, P0, 0
2026/08/17 13:21:03.041, 3, NVIDIA RTX PRO 6000 Blackwell Server Edition, 100, 33, 95829, 97887, 587.02, 600.00, 66, 2407, 12481, P0, 0
2026/08/17 13:21:03.042, 4, NVIDIA RTX PRO 6000 Blackwell Server Edition, 100, 18, 96827, 97887, 568.20, 600.00, 68, 2415, 12481, P0, 0
2026/08/17 13:21:03.042, 5, NVIDIA RTX PRO 6000 Blackwell Server Edition, 100, 38, 96745, 97887, 577.40, 600.00, 67, 2407, 12481, P0, 0
2026/08/17 13:21:03.043, 6, NVIDIA RTX PRO 6000 Blackwell Server Edition, 98, 58, 95813, 97887, 396.78, 600.00, 55, 2385, 12481, P0, 0
2026/08/17 13:21:03.043, 7, NVIDIA RTX PRO 6000 Blackwell Server Edition, 100, 36, 96857, 97887, 575.03, 600.00, 62, 2407, 12481, P0, 0
2026/08/17 13:21:08.044, 0, NVIDIA RTX PRO 6000 Blackwell Server Edition, 100, 38, 96745, 97887, 579.56, 600.00, 68, 2415, 12481, P0, 0
2026/08/17 13:21:08.045, 1, NVIDIA RTX PRO 6000 Blackwell Server Edition, 100, 19, 95741, 97887, 569.73, 600.00, 66, 2415, 12481, P0, 0
2026/08/17 13:21:08.045, 2, NVIDIA RTX PRO 6000 Blackwell Server Edition, 98, 65, 94401, 97887, 435.35, 600.00, 59, 2400, 12481, P0, 0
2026/08/17 13:21:08.046, 3, NVIDIA RTX PRO 6000 Blackwell Server Edition, 100, 28, 95829, 97887, 596.66, 600.00, 67, 2407, 12481, P0, 0
2026/08/17 13:21:08.046, 4, NVIDIA RTX PRO 6000 Blackwell Server Edition, 100, 18, 96827, 97887, 556.72, 600.00, 67, 2415, 12481, P0, 0
2026/08/17 13:21:08.046, 5, NVIDIA RTX PRO 6000 Blackwell Server Edition, 99, 47, 96745, 97887, 460.15, 600.00, 63, 2407, 12481, P0, 0
2026/08/17 13:21:08.047, 6, NVIDIA RTX PRO 6000 Blackwell Server Edition, 100, 32, 95813, 97887, 570.76, 600.00, 64, 2407, 12481, P0, 0
2026/08/17 13:21:08.048, 7, NVIDIA RTX PRO 6000 Blackwell Server Edition, 98, 34, 96857, 97887, 590.38, 600.00, 65, 2415, 12481, P0, 0
2026/08/17 13:21:13.048, 0, NVIDIA RTX PRO 6000 Blackwell Server Edition, 100, 27, 96745, 97887, 491.86, 600.00, 68, 2415, 12481, P0, 0
2026/08/17 13:21:13.049, 1, NVIDIA RTX PRO 6000 Blackwell Server Edition, 100, 38, 95741, 97887, 573.55, 600.00, 66, 2415, 12481, P0, 0
2026/08/17 13:21:13.049, 2, NVIDIA RTX PRO 6000 Blackwell Server Edition, 97, 57, 94401, 97887, 416.47, 600.00, 58, 2400, 12481, P0, 0
2026/08/17 13:21:13.050, 3, NVIDIA RTX PRO 6000 Blackwell Server Edition, 100, 38, 95829, 97887, 585.28, 600.00, 67, 2415, 12481, P0, 0
2026/08/17 13:21:13.050, 4, NVIDIA RTX PRO 6000 Blackwell Server Edition, 100, 19, 96827, 97887, 552.37, 600.00, 68, 2415, 12481, P0, 0
2026/08/17 13:21:13.051, 5, NVIDIA RTX PRO 6000 Blackwell Server Edition, 99, 55, 96745, 97887, 452.46, 600.00, 61, 2400, 12481, P0, 0
2026/08/17 13:21:13.051, 6, NVIDIA RTX PRO 6000 Blackwell Server Edition, 100, 28, 95813, 97887, 559.78, 600.00, 65, 2407, 12481, P0, 0
2026/08/17 13:21:13.052, 7, NVIDIA RTX PRO 6000 Blackwell Server Edition, 98, 63, 96857, 97887, 470.56, 600.00, 57, 2400, 12481, P0, 0
2026/08/17 13:21:18.053, 0, NVIDIA RTX PRO 6000 Blackwell Server Edition, 100, 37, 96745, 97887, 591.99, 600.00, 67, 2407, 12481, P0, 0
2026/08/17 13:21:18.053, 1, NVIDIA RTX PRO 6000 Blackwell Server Edition, 100, 23, 95741, 97887, 563.61, 600.00, 66, 2415, 12481, P0, 0
2026/08/17 13:21:18.054, 2, NVIDIA RTX PRO 6000 Blackwell Server Edition, 97, 57, 94401, 97887, 400.98, 600.00, 56, 2392, 12481, P0, 0
2026/08/17 13:21:18.054, 3, NVIDIA RTX PRO 6000 Blackwell Server Edition, 100, 22, 95829, 97887, 573.65, 600.00, 66, 2400, 12481, P0, 0
2026/08/17 13:21:18.055, 4, NVIDIA RTX PRO 6000 Blackwell Server Edition, 100, 4, 96827, 97887, 559.50, 600.00, 69, 2415, 12481, P0, 0
2026/08/17 13:21:18.055, 5, NVIDIA RTX PRO 6000 Blackwell Server Edition, 99, 53, 96745, 97887, 447.21, 600.00, 61, 2407, 12481, P0, 0
2026/08/17 13:21:18.056, 6, NVIDIA RTX PRO 6000 Blackwell Server Edition, 98, 64, 95813, 97887, 505.15, 600.00, 59, 2400, 12481, P0, 0
2026/08/17 13:21:18.056, 7, NVIDIA RTX PRO 6000 Blackwell Server Edition, 97, 57, 96857, 97887, 385.63, 600.00, 55, 2392, 12481, P0, 0
2026/08/17 13:21:23.057, 0, NVIDIA RTX PRO 6000 Blackwell Server Edition, 100, 39, 96745, 97887, 580.90, 600.00, 66, 2407, 12481, P0, 0
2026/08/17 13:21:23.058, 1, NVIDIA RTX PRO 6000 Blackwell Server Edition, 100, 36, 95741, 97887, 555.45, 600.00, 66, 2415, 12481, P0, 0
2026/08/17 13:21:23.058, 2, NVIDIA RTX PRO 6000 Blackwell Server Edition, 97, 62, 94401, 97887, 426.26, 600.00, 57, 2400, 12481, P0, 0
2026/08/17 13:21:23.059, 3, NVIDIA RTX PRO 6000 Blackwell Server Edition, 100, 33, 95829, 97887, 593.27, 600.00, 65, 2407, 12481, P0, 0
2026/08/17 13:21:23.059, 4, NVIDIA RTX PRO 6000 Blackwell Server Edition, 100, 12, 96827, 97887, 554.94, 600.00, 67, 2415, 12481, P0, 0
2026/08/17 13:21:23.059, 5, NVIDIA RTX PRO 6000 Blackwell Server Edition, 99, 53, 96745, 97887, 447.78, 600.00, 60, 2407, 12481, P0, 0
2026/08/17 13:21:23.060, 6, NVIDIA RTX PRO 6000 Blackwell Server Edition, 98, 58, 95813, 97887, 388.93, 600.00, 57, 2385, 12481, P0, 0
2026/08/17 13:21:23.060, 7, NVIDIA RTX PRO 6000 Blackwell Server Edition, 100, 30, 96857, 97887, 388.57, 600.00, 61, 2415, 12481, P0, 0
2026/08/17 13:21:28.061, 0, NVIDIA RTX PRO 6000 Blackwell Server Edition, 98, 41, 96745, 97887, 583.09, 600.00, 67, 2407, 12481, P0, 0
2026/08/17 13:21:28.062, 1, NVIDIA RTX PRO 6000 Blackwell Server Edition, 100, 27, 95741, 97887, 550.74, 600.00, 66, 2415, 12481, P0, 0
2026/08/17 13:21:28.062, 2, NVIDIA RTX PRO 6000 Blackwell Server Edition, 97, 58, 94401, 97887, 402.02, 600.00, 56, 2392, 12481, P0, 0
2026/08/17 13:21:28.063, 3, NVIDIA RTX PRO 6000 Blackwell Server Edition, 98, 30, 95829, 97887, 567.18, 600.00, 65, 2385, 12481, P0, 0
2026/08/17 13:21:28.063, 4, NVIDIA RTX PRO 6000 Blackwell Server Edition, 100, 38, 96827, 97887, 591.06, 600.00, 69, 2407, 12481, P0, 0
2026/08/17 13:21:28.063, 5, NVIDIA RTX PRO 6000 Blackwell Server Edition, 100, 41, 96745, 97887, 520.05, 600.00, 65, 2407, 12481, P0, 0
2026/08/17 13:21:28.064, 6, NVIDIA RTX PRO 6000 Blackwell Server Edition, 97, 58, 95813, 97887, 387.41, 600.00, 56, 2385, 12481, P0, 0
2026/08/17 13:21:28.064, 7, NVIDIA RTX PRO 6000 Blackwell Server Edition, 100, 31, 96857, 97887, 563.39, 600.00, 63, 2415, 12481, P0, 0
2026/08/17 13:21:33.066, 0, NVIDIA RTX PRO 6000 Blackwell Server Edition, 77, 34, 96745, 97887, 525.48, 600.00, 59, 2400, 12481, P0, 0
2026/08/17 13:21:33.066, 1, NVIDIA RTX PRO 6000 Blackwell Server Edition, 100, 21, 95741, 97887, 521.19, 600.00, 66, 2415, 12481, P0, 0
2026/08/17 13:21:33.067, 2, NVIDIA RTX PRO 6000 Blackwell Server Edition, 0, 0, 94401, 97887, 120.32, 600.00, 47, 2422, 12481, P0, 0
2026/08/17 13:21:33.067, 3, NVIDIA RTX PRO 6000 Blackwell Server Edition, 98, 64, 95829, 97887, 440.27, 600.00, 61, 2400, 12481, P0, 0
2026/08/17 13:21:33.068, 4, NVIDIA RTX PRO 6000 Blackwell Server Edition, 100, 35, 96827, 97887, 583.72, 600.00, 67, 2407, 12481, P0, 0
2026/08/17 13:21:33.068, 5, NVIDIA RTX PRO 6000 Blackwell Server Edition, 100, 32, 96745, 97887, 561.74, 600.00, 64, 2400, 12481, P0, 0
2026/08/17 13:21:33.069, 6, NVIDIA RTX PRO 6000 Blackwell Server Edition, 97, 43, 95813, 97887, 523.12, 600.00, 56, 2392, 12481, P0, 0
2026/08/17 13:21:33.069, 7, NVIDIA RTX PRO 6000 Blackwell Server Edition, 100, 25, 96857, 97887, 524.66, 600.00, 63, 2400, 12481, P0, 0
2026/08/17 13:21:38.070, 0, NVIDIA RTX PRO 6000 Blackwell Server Edition, 100, 39, 96745, 97887, 586.84, 600.00, 66, 2407, 12481, P0, 0
2026/08/17 13:21:38.071, 1, NVIDIA RTX PRO 6000 Blackwell Server Edition, 100, 35, 95741, 97887, 602.90, 600.00, 66, 2407, 12481, P0, 0
2026/08/17 13:21:38.072, 2, NVIDIA RTX PRO 6000 Blackwell Server Edition, 100, 34, 94401, 97887, 238.67, 600.00, 57, 2407, 12481, P0, 0
2026/08/17 13:21:38.073, 3, NVIDIA RTX PRO 6000 Blackwell Server Edition, 98, 64, 95829, 97887, 427.65, 600.00, 59, 2392, 12481, P0, 0
2026/08/17 13:21:38.073, 4, NVIDIA RTX PRO 6000 Blackwell Server Edition, 100, 31, 96827, 97887, 547.37, 600.00, 67, 2407, 12481, P0, 0
2026/08/17 13:21:38.074, 5, NVIDIA RTX PRO 6000 Blackwell Server Edition, 99, 52, 96745, 97887, 485.99, 600.00, 61, 2400, 12481, P0, 0
2026/08/17 13:21:38.074, 6, NVIDIA RTX PRO 6000 Blackwell Server Edition, 97, 57, 95813, 97887, 395.62, 600.00, 55, 2385, 12481, P0, 0
2026/08/17 13:21:38.075, 7, NVIDIA RTX PRO 6000 Blackwell Server Edition, 100, 25, 96857, 97887, 558.21, 600.00, 65, 2415, 12481, P0, 0
2026/08/17 13:21:43.076, 0, NVIDIA RTX PRO 6000 Blackwell Server Edition, 100, 25, 96745, 97887, 563.35, 600.00, 65, 2407, 12481, P0, 0
2026/08/17 13:21:43.077, 1, NVIDIA RTX PRO 6000 Blackwell Server Edition, 100, 37, 95741, 97887, 583.53, 600.00, 66, 2407, 12481, P0, 0
2026/08/17 13:21:43.078, 2, NVIDIA RTX PRO 6000 Blackwell Server Edition, 100, 26, 94401, 97887, 563.80, 600.00, 60, 2392, 12481, P0, 0
2026/08/17 13:21:43.078, 3, NVIDIA RTX PRO 6000 Blackwell Server Edition, 100, 36, 95829, 97887, 572.26, 600.00, 66, 2407, 12481, P0, 0
2026/08/17 13:21:43.079, 4, NVIDIA RTX PRO 6000 Blackwell Server Edition, 100, 26, 96827, 97887, 547.60, 600.00, 68, 2415, 12481, P0, 0
2026/08/17 13:21:43.079, 5, NVIDIA RTX PRO 6000 Blackwell Server Edition, 99, 51, 96745, 97887, 439.28, 600.00, 60, 2400, 12481, P0, 0
2026/08/17 13:21:43.080, 6, NVIDIA RTX PRO 6000 Blackwell Server Edition, 0, 0, 95813, 97887, 173.90, 600.00, 47, 2430, 12481, P0, 0
2026/08/17 13:21:43.080, 7, NVIDIA RTX PRO 6000 Blackwell Server Edition, 100, 17, 96857, 97887, 548.04, 600.00, 65, 2415, 12481, P0, 0
2026/08/17 13:21:48.081, 0, NVIDIA RTX PRO 6000 Blackwell Server Edition, 100, 23, 96745, 97887, 582.24, 600.00, 67, 2415, 12481, P0, 0
2026/08/17 13:21:48.082, 1, NVIDIA RTX PRO 6000 Blackwell Server Edition, 100, 31, 95741, 97887, 589.80, 600.00, 66, 2407, 12481, P0, 0
2026/08/17 13:21:48.083, 2, NVIDIA RTX PRO 6000 Blackwell Server Edition, 97, 57, 94401, 97887, 393.92, 600.00, 54, 2392, 12481, P0, 0
2026/08/17 13:21:48.083, 3, NVIDIA RTX PRO 6000 Blackwell Server Edition, 100, 25, 95829, 97887, 573.84, 600.00, 65, 2400, 12481, P0, 0
2026/08/17 13:21:48.084, 4, NVIDIA RTX PRO 6000 Blackwell Server Edition, 100, 1, 96827, 97887, 560.50, 600.00, 65, 2415, 12481, P0, 0
2026/08/17 13:21:48.084, 5, NVIDIA RTX PRO 6000 Blackwell Server Edition, 99, 51, 96745, 97887, 442.23, 600.00, 60, 2400, 12481, P0, 0
2026/08/17 13:21:48.085, 6, NVIDIA RTX PRO 6000 Blackwell Server Edition, 0, 0, 95813, 97887, 84.57, 600.00, 44, 2422, 12481, P0, 0
2026/08/17 13:21:48.085, 7, NVIDIA RTX PRO 6000 Blackwell Server Edition, 100, 32, 96857, 97887, 549.96, 600.00, 65, 2400, 12481, P0, 0
2026/08/17 13:21:53.086, 0, NVIDIA RTX PRO 6000 Blackwell Server Edition, 99, 55, 96745, 97887, 457.26, 600.00, 62, 2400, 12481, P0, 0
2026/08/17 13:21:53.086, 1, NVIDIA RTX PRO 6000 Blackwell Server Edition, 100, 31, 95741, 97887, 577.85, 600.00, 67, 2407, 12481, P0, 0
2026/08/17 13:21:53.087, 2, NVIDIA RTX PRO 6000 Blackwell Server Edition, 0, 0, 94401, 97887, 87.04, 600.00, 44, 2422, 12481, P0, 0
2026/08/17 13:21:53.087, 3, NVIDIA RTX PRO 6000 Blackwell Server Edition, 97, 63, 95829, 97887, 426.59, 600.00, 59, 2392, 12481, P0, 0
2026/08/17 13:21:53.088, 4, NVIDIA RTX PRO 6000 Blackwell Server Edition, 100, 19, 96827, 97887, 554.33, 600.00, 67, 2415, 12481, P0, 0
2026/08/17 13:21:53.088, 5, NVIDIA RTX PRO 6000 Blackwell Server Edition, 100, 31, 96745, 97887, 566.12, 600.00, 66, 2407, 12481, P0, 0
2026/08/17 13:21:53.088, 6, NVIDIA RTX PRO 6000 Blackwell Server Edition, 91, 33, 95813, 97887, 155.13, 600.00, 52, 2347, 12481, P0, 0
2026/08/17 13:21:53.089, 7, NVIDIA RTX PRO 6000 Blackwell Server Edition, 100, 33, 96857, 97887, 572.85, 600.00, 66, 2407, 12481, P0, 0
2026/08/17 13:21:58.090, 0, NVIDIA RTX PRO 6000 Blackwell Server Edition, 99, 51, 96745, 97887, 462.87, 600.00, 61, 2400, 12481, P0, 0
2026/08/17 13:21:58.090, 1, NVIDIA RTX PRO 6000 Blackwell Server Edition, 100, 23, 95741, 97887, 566.71, 600.00, 64, 2407, 12481, P0, 0
2026/08/17 13:21:58.091, 2, NVIDIA RTX PRO 6000 Blackwell Server Edition, 100, 36, 94401, 97887, 146.35, 600.00, 53, 2362, 12481, P0, 0
2026/08/17 13:21:58.091, 3, NVIDIA RTX PRO 6000 Blackwell Server Edition, 97, 63, 95829, 97887, 422.71, 600.00, 58, 2392, 12481, P0, 0
2026/08/17 13:21:58.092, 4, NVIDIA RTX PRO 6000 Blackwell Server Edition, 100, 9, 96827, 97887, 550.72, 600.00, 68, 2415, 12481, P0, 0
2026/08/17 13:21:58.092, 5, NVIDIA RTX PRO 6000 Blackwell Server Edition, 97, 64, 96745, 97887, 428.79, 600.00, 59, 2400, 12481, P0, 0
2026/08/17 13:21:58.093, 6, NVIDIA RTX PRO 6000 Blackwell Server Edition, 97, 56, 95813, 97887, 374.76, 600.00, 50, 2392, 12481, P0, 0
2026/08/17 13:21:58.093, 7, NVIDIA RTX PRO 6000 Blackwell Server Edition, 98, 66, 96857, 97887, 483.35, 600.00, 60, 2400, 12481, P0, 0
2026/08/17 13:22:03.094, 0, NVIDIA RTX PRO 6000 Blackwell Server Edition, 98, 64, 96745, 97887, 423.02, 600.00, 59, 2392, 12481, P0, 0
2026/08/17 13:22:03.095, 1, NVIDIA RTX PRO 6000 Blackwell Server Edition, 100, 37, 95741, 97887, 610.52, 600.00, 64, 2400, 12481, P0, 0
2026/08/17 13:22:03.096, 2, NVIDIA RTX PRO 6000 Blackwell Server Edition, 100, 33, 94401, 97887, 569.48, 600.00, 60, 2407, 12481, P0, 0
2026/08/17 13:22:03.097, 3, NVIDIA RTX PRO 6000 Blackwell Server Edition, 100, 23, 95829, 97887, 531.86, 600.00, 64, 2407, 12481, P0, 0
2026/08/17 13:22:03.097, 4, NVIDIA RTX PRO 6000 Blackwell Server Edition, 100, 35, 96827, 97887, 584.85, 600.00, 67, 2400, 12481, P0, 0
2026/08/17 13:22:03.098, 5, NVIDIA RTX PRO 6000 Blackwell Server Edition, 100, 38, 96745, 97887, 462.77, 600.00, 63, 2407, 12481, P0, 0
2026/08/17 13:22:03.098, 6, NVIDIA RTX PRO 6000 Blackwell Server Edition, 97, 56, 95813, 97887, 378.92, 600.00, 51, 2392, 12481, P0, 0
2026/08/17 13:22:03.099, 7, NVIDIA RTX PRO 6000 Blackwell Server Edition, 98, 65, 96857, 97887, 433.92, 600.00, 59, 2400, 12481, P0, 0
2026/08/17 13:22:08.100, 0, NVIDIA RTX PRO 6000 Blackwell Server Edition, 97, 64, 96745, 97887, 420.39, 600.00, 58, 2392, 12481, P0, 0
2026/08/17 13:22:08.100, 1, NVIDIA RTX PRO 6000 Blackwell Server Edition, 100, 36, 95741, 97887, 469.17, 600.00, 66, 2407, 12481, P0, 0
2026/08/17 13:22:08.101, 2, NVIDIA RTX PRO 6000 Blackwell Server Edition, 100, 27, 94401, 97887, 572.26, 600.00, 62, 2407, 12481, P0, 0
2026/08/17 13:22:08.101, 3, NVIDIA RTX PRO 6000 Blackwell Server Edition, 98, 66, 95829, 97887, 436.63, 600.00, 58, 2400, 12481, P0, 0
2026/08/17 13:22:08.102, 4, NVIDIA RTX PRO 6000 Blackwell Server Edition, 100, 28, 96827, 97887, 465.53, 600.00, 65, 2392, 12481, P0, 0
2026/08/17 13:22:08.102, 5, NVIDIA RTX PRO 6000 Blackwell Server Edition, 99, 34, 96745, 97887, 580.66, 600.00, 64, 2407, 12481, P0, 0
2026/08/17 13:22:08.102, 6, NVIDIA RTX PRO 6000 Blackwell Server Edition, 98, 56, 95813, 97887, 376.96, 600.00, 51, 2392, 12481, P0, 0
2026/08/17 13:22:08.103, 7, NVIDIA RTX PRO 6000 Blackwell Server Edition, 100, 35, 96857, 97887, 578.72, 600.00, 62, 2407, 12481, P0, 0
2026/08/17 13:22:13.104, 0, NVIDIA RTX PRO 6000 Blackwell Server Edition, 100, 27, 96745, 97887, 566.38, 600.00, 63, 2400, 12481, P0, 0
2026/08/17 13:22:13.104, 1, NVIDIA RTX PRO 6000 Blackwell Server Edition, 100, 30, 95741, 97887, 587.31, 600.00, 67, 2407, 12481, P0, 0
2026/08/17 13:22:13.105, 2, NVIDIA RTX PRO 6000 Blackwell Server Edition, 100, 22, 94401, 97887, 587.04, 600.00, 60, 2407, 12481, P0, 0
2026/08/17 13:22:13.105, 3, NVIDIA RTX PRO 6000 Blackwell Server Edition, 100, 27, 95829, 97887, 520.69, 600.00, 62, 2400, 12481, P0, 0
2026/08/17 13:22:13.106, 4, NVIDIA RTX PRO 6000 Blackwell Server Edition, 98, 68, 96827, 97887, 438.24, 600.00, 60, 2400, 12481, P0, 0
2026/08/17 13:22:13.107, 5, NVIDIA RTX PRO 6000 Blackwell Server Edition, 100, 23, 96745, 97887, 565.22, 600.00, 66, 2415, 12481, P0, 0
2026/08/17 13:22:13.107, 6, NVIDIA RTX PRO 6000 Blackwell Server Edition, 100, 30, 95813, 97887, 548.31, 600.00, 60, 2415, 12481, P0, 0
2026/08/17 13:22:13.107, 7, NVIDIA RTX PRO 6000 Blackwell Server Edition, 98, 65, 96857, 97887, 471.77, 600.00, 58, 2400, 12481, P0, 0
2026/08/17 13:22:18.108, 0, NVIDIA RTX PRO 6000 Blackwell Server Edition, 97, 64, 96745, 97887, 421.69, 600.00, 57, 2400, 12481, P0, 0
2026/08/17 13:22:18.109, 1, NVIDIA RTX PRO 6000 Blackwell Server Edition, 100, 35, 95741, 97887, 599.33, 600.00, 68, 2407, 12481, P0, 0
2026/08/17 13:22:18.109, 2, NVIDIA RTX PRO 6000 Blackwell Server Edition, 100, 35, 94401, 97887, 608.60, 600.00, 63, 2400, 12481, P0, 0
2026/08/17 13:22:18.110, 3, NVIDIA RTX PRO 6000 Blackwell Server Edition, 97, 64, 95829, 97887, 427.31, 600.00, 57, 2392, 12481, P0, 0
2026/08/17 13:22:18.111, 4, NVIDIA RTX PRO 6000 Blackwell Server Edition, 99, 52, 96827, 97887, 473.40, 600.00, 61, 2400, 12481, P0, 0
2026/08/17 13:22:18.111, 5, NVIDIA RTX PRO 6000 Blackwell Server Edition, 100, 29, 96745, 97887, 557.07, 600.00, 65, 2407, 12481, P0, 0
2026/08/17 13:22:18.112, 6, NVIDIA RTX PRO 6000 Blackwell Server Edition, 100, 33, 95813, 97887, 560.28, 600.00, 63, 2415, 12481, P0, 0
2026/08/17 13:22:18.112, 7, NVIDIA RTX PRO 6000 Blackwell Server Edition, 98, 65, 96857, 97887, 432.03, 600.00, 58, 2400, 12481, P0, 0
2026/08/17 13:22:23.113, 0, NVIDIA RTX PRO 6000 Blackwell Server Edition, 100, 22, 96745, 97887, 581.22, 600.00, 64, 2415, 12481, P0, 0
2026/08/17 13:22:23.114, 1, NVIDIA RTX PRO 6000 Blackwell Server Edition, 100, 26, 95741, 97887, 589.76, 600.00, 66, 2407, 12481, P0, 0
2026/08/17 13:22:23.115, 2, NVIDIA RTX PRO 6000 Blackwell Server Edition, 97, 38, 94401, 97887, 535.59, 600.00, 60, 2400, 12481, P0, 0
2026/08/17 13:22:23.115, 3, NVIDIA RTX PRO 6000 Blackwell Server Edition, 0, 0, 95829, 97887, 153.99, 600.00, 48, 2422, 12481, P0, 0
2026/08/17 13:22:23.115, 4, NVIDIA RTX PRO 6000 Blackwell Server Edition, 98, 68, 96827, 97887, 441.53, 600.00, 59, 2400, 12481, P0, 0
2026/08/17 13:22:23.116, 5, NVIDIA RTX PRO 6000 Blackwell Server Edition, 99, 50, 96745, 97887, 450.28, 600.00, 61, 2400, 12481, P0, 0
2026/08/17 13:22:23.117, 6, NVIDIA RTX PRO 6000 Blackwell Server Edition, 100, 38, 95813, 97887, 581.55, 600.00, 61, 2407, 12481, P0, 0
2026/08/17 13:22:23.117, 7, NVIDIA RTX PRO 6000 Blackwell Server Edition, 98, 64, 96857, 97887, 424.78, 600.00, 57, 2400, 12481, P0, 0
2026/08/17 13:22:28.118, 0, NVIDIA RTX PRO 6000 Blackwell Server Edition, 97, 63, 96745, 97887, 438.84, 600.00, 58, 2400, 12481, P0, 0
2026/08/17 13:22:28.118, 1, NVIDIA RTX PRO 6000 Blackwell Server Edition, 100, 34, 95741, 97887, 581.52, 600.00, 68, 2415, 12481, P0, 0
2026/08/17 13:22:28.119, 2, NVIDIA RTX PRO 6000 Blackwell Server Edition, 100, 32, 94401, 97887, 587.92, 600.00, 63, 2400, 12481, P0, 0
2026/08/17 13:22:28.120, 3, NVIDIA RTX PRO 6000 Blackwell Server Edition, 0, 0, 95829, 97887, 88.52, 600.00, 44, 2422, 12481, P0, 0
2026/08/17 13:22:28.120, 4, NVIDIA RTX PRO 6000 Blackwell Server Edition, 98, 63, 96827, 97887, 414.55, 600.00, 58, 2392, 12481, P0, 0
2026/08/17 13:22:28.120, 5, NVIDIA RTX PRO 6000 Blackwell Server Edition, 97, 61, 96745, 97887, 412.04, 600.00, 58, 2400, 12481, P0, 0
2026/08/17 13:22:28.121, 6, NVIDIA RTX PRO 6000 Blackwell Server Edition, 100, 33, 95813, 97887, 552.51, 600.00, 65, 2407, 12481, P0, 0
2026/08/17 13:22:28.121, 7, NVIDIA RTX PRO 6000 Blackwell Server Edition, 100, 32, 96857, 97887, 582.18, 600.00, 64, 2407, 12481, P0, 0
2026/08/17 13:22:33.122, 0, NVIDIA RTX PRO 6000 Blackwell Server Edition, 98, 63, 96745, 97887, 416.38, 600.00, 57, 2400, 12481, P0, 0
2026/08/17 13:22:33.123, 1, NVIDIA RTX PRO 6000 Blackwell Server Edition, 100, 38, 95741, 97887, 595.78, 600.00, 68, 2407, 12481, P0, 0
2026/08/17 13:22:33.124, 2, NVIDIA RTX PRO 6000 Blackwell Server Edition, 100, 27, 94401, 97887, 570.77, 600.00, 65, 2400, 12481, P0, 0
2026/08/17 13:22:33.125, 3, NVIDIA RTX PRO 6000 Blackwell Server Edition, 100, 39, 95829, 97887, 585.70, 600.00, 60, 2407, 12481, P0, 0
2026/08/17 13:22:33.125, 4, NVIDIA RTX PRO 6000 Blackwell Server Edition, 100, 34, 96827, 97887, 588.98, 600.00, 63, 2407, 12481, P0, 0
2026/08/17 13:22:33.126, 5, NVIDIA RTX PRO 6000 Blackwell Server Edition, 100, 38, 96745, 97887, 572.07, 600.00, 64, 2407, 12481, P0, 0
2026/08/17 13:22:33.126, 6, NVIDIA RTX PRO 6000 Blackwell Server Edition, 100, 19, 95813, 97887, 565.53, 600.00, 65, 2415, 12481, P0, 0
2026/08/17 13:22:33.127, 7, NVIDIA RTX PRO 6000 Blackwell Server Edition, 100, 33, 96857, 97887, 562.32, 600.00, 66, 2415, 12481, P0, 0
2026/08/17 13:22:38.128, 0, NVIDIA RTX PRO 6000 Blackwell Server Edition, 97, 63, 96745, 97887, 416.55, 600.00, 56, 2400, 12481, P0, 0
2026/08/17 13:22:38.128, 1, NVIDIA RTX PRO 6000 Blackwell Server Edition, 100, 24, 95741, 97887, 556.18, 600.00, 67, 2415, 12481, P0, 0
2026/08/17 13:22:38.129, 2, NVIDIA RTX PRO 6000 Blackwell Server Edition, 100, 38, 94401, 97887, 598.50, 600.00, 64, 2400, 12481, P0, 0
2026/08/17 13:22:38.129, 3, NVIDIA RTX PRO 6000 Blackwell Server Edition, 97, 57, 95829, 97887, 392.19, 600.00, 53, 2385, 12481, P0, 0
2026/08/17 13:22:38.130, 4, NVIDIA RTX PRO 6000 Blackwell Server Edition, 100, 31, 96827, 97887, 562.41, 600.00, 64, 2415, 12481, P0, 0
2026/08/17 13:22:38.130, 5, NVIDIA RTX PRO 6000 Blackwell Server Edition, 98, 61, 96745, 97887, 418.35, 600.00, 59, 2400, 12481, P0, 0
2026/08/17 13:22:38.131, 6, NVIDIA RTX PRO 6000 Blackwell Server Edition, 100, 12, 95813, 97887, 547.05, 600.00, 65, 2415, 12481, P0, 0
2026/08/17 13:22:38.131, 7, NVIDIA RTX PRO 6000 Blackwell Server Edition, 100, 18, 96857, 97887, 553.16, 600.00, 66, 2415, 12481, P0, 0
2026/08/17 13:22:43.132, 0, NVIDIA RTX PRO 6000 Blackwell Server Edition, 97, 63, 96745, 97887, 417.67, 600.00, 56, 2400, 12481, P0, 0
2026/08/17 13:22:43.133, 1, NVIDIA RTX PRO 6000 Blackwell Server Edition, 100, 26, 95741, 97887, 566.42, 600.00, 67, 2415, 12481, P0, 0
2026/08/17 13:22:43.133, 2, NVIDIA RTX PRO 6000 Blackwell Server Edition, 100, 34, 94401, 97887, 586.90, 600.00, 66, 2400, 12481, P0, 0
2026/08/17 13:22:43.134, 3, NVIDIA RTX PRO 6000 Blackwell Server Edition, 100, 33, 95829, 97887, 574.02, 600.00, 61, 2407, 12481, P0, 0
2026/08/17 13:22:43.134, 4, NVIDIA RTX PRO 6000 Blackwell Server Edition, 100, 35, 96827, 97887, 571.44, 600.00, 66, 2415, 12481, P0, 0
2026/08/17 13:22:43.135, 5, NVIDIA RTX PRO 6000 Blackwell Server Edition, 98, 61, 96745, 97887, 415.25, 600.00, 58, 2400, 12481, P0, 0
2026/08/17 13:22:43.136, 6, NVIDIA RTX PRO 6000 Blackwell Server Edition, 100, 37, 95813, 97887, 548.85, 600.00, 66, 2415, 12481, P0, 0
2026/08/17 13:22:43.136, 7, NVIDIA RTX PRO 6000 Blackwell Server Edition, 100, 20, 96857, 97887, 560.49, 600.00, 67, 2415, 12481, P0, 0
2026/08/17 13:22:48.137, 0, NVIDIA RTX PRO 6000 Blackwell Server Edition, 97, 64, 96745, 97887, 419.72, 600.00, 56, 2400, 12481, P0, 0
2026/08/17 13:22:48.138, 1, NVIDIA RTX PRO 6000 Blackwell Server Edition, 100, 36, 95741, 97887, 538.13, 600.00, 66, 2407, 12481, P0, 0
2026/08/17 13:22:48.138, 2, NVIDIA RTX PRO 6000 Blackwell Server Edition, 99, 50, 94401, 97887, 456.37, 600.00, 61, 2407, 12481, P0, 0
2026/08/17 13:22:48.139, 3, NVIDIA RTX PRO 6000 Blackwell Server Edition, 97, 62, 95829, 97887, 420.36, 600.00, 56, 2392, 12481, P0, 0
2026/08/17 13:22:48.139, 4, NVIDIA RTX PRO 6000 Blackwell Server Edition, 100, 15, 96827, 97887, 567.88, 600.00, 67, 2415, 12481, P0, 0
2026/08/17 13:22:48.139, 5, NVIDIA RTX PRO 6000 Blackwell Server Edition, 96, 56, 96745, 97887, 384.02, 600.00, 56, 2392, 12481, P0, 0
2026/08/17 13:22:48.140, 6, NVIDIA RTX PRO 6000 Blackwell Server Edition, 100, 37, 95813, 97887, 548.11, 600.00, 66, 2415, 12481, P0, 0
2026/08/17 13:22:48.140, 7, NVIDIA RTX PRO 6000 Blackwell Server Edition, 100, 18, 96857, 97887, 511.72, 600.00, 66, 2400, 12481, P0, 0
2026/08/17 13:22:53.141, 0, NVIDIA RTX PRO 6000 Blackwell Server Edition, 97, 64, 96745, 97887, 416.62, 600.00, 56, 2400, 12481, P0, 0
2026/08/17 13:22:53.142, 1, NVIDIA RTX PRO 6000 Blackwell Server Edition, 100, 34, 95741, 97887, 579.86, 600.00, 66, 2407, 12481, P0, 0
2026/08/17 13:22:53.143, 2, NVIDIA RTX PRO 6000 Blackwell Server Edition, 98, 63, 94401, 97887, 442.56, 600.00, 59, 2400, 12481, P0, 0
2026/08/17 13:22:53.143, 3, NVIDIA RTX PRO 6000 Blackwell Server Edition, 100, 37, 95829, 97887, 582.73, 600.00, 63, 2407, 12481, P0, 0
2026/08/17 13:22:53.144, 4, NVIDIA RTX PRO 6000 Blackwell Server Edition, 100, 35, 96827, 97887, 549.23, 600.00, 66, 2407, 12481, P0, 0
2026/08/17 13:22:53.144, 5, NVIDIA RTX PRO 6000 Blackwell Server Edition, 100, 38, 96745, 97887, 558.40, 600.00, 64, 2415, 12481, P0, 0
2026/08/17 13:22:53.144, 6, NVIDIA RTX PRO 6000 Blackwell Server Edition, 100, 1, 95813, 97887, 545.82, 600.00, 66, 2415, 12481, P0, 0
2026/08/17 13:22:53.145, 7, NVIDIA RTX PRO 6000 Blackwell Server Edition, 100, 33, 96857, 97887, 561.02, 600.00, 68, 2407, 12481, P0, 0
2026/08/17 13:22:58.146, 0, NVIDIA RTX PRO 6000 Blackwell Server Edition, 97, 62, 96745, 97887, 407.38, 600.00, 55, 2392, 12481, P0, 0
2026/08/17 13:22:58.146, 1, NVIDIA RTX PRO 6000 Blackwell Server Edition, 100, 32, 95741, 97887, 598.07, 600.00, 68, 2415, 12481, P0, 0
2026/08/17 13:22:58.147, 2, NVIDIA RTX PRO 6000 Blackwell Server Edition, 98, 63, 94401, 97887, 434.61, 600.00, 58, 2400, 12481, P0, 0
2026/08/17 13:22:58.147, 3, NVIDIA RTX PRO 6000 Blackwell Server Edition, 100, 23, 95829, 97887, 556.42, 600.00, 63, 2407, 12481, P0, 0
2026/08/17 13:22:58.148, 4, NVIDIA RTX PRO 6000 Blackwell Server Edition, 89, 34, 96827, 97887, 578.69, 600.00, 66, 2407, 12481, P0, 0
2026/08/17 13:22:58.148, 5, NVIDIA RTX PRO 6000 Blackwell Server Edition, 100, 38, 96745, 97887, 579.21, 600.00, 64, 2407, 12481, P0, 0
2026/08/17 13:22:58.148, 6, NVIDIA RTX PRO 6000 Blackwell Server Edition, 100, 28, 95813, 97887, 561.84, 600.00, 68, 2415, 12481, P0, 0
2026/08/17 13:22:58.149, 7, NVIDIA RTX PRO 6000 Blackwell Server Edition, 99, 51, 96857, 97887, 443.06, 600.00, 61, 2407, 12481, P0, 0
2026/08/17 13:23:03.150, 0, NVIDIA RTX PRO 6000 Blackwell Server Edition, 97, 62, 96745, 97887, 411.56, 600.00, 55, 2392, 12481, P0, 0
2026/08/17 13:23:03.150, 1, NVIDIA RTX PRO 6000 Blackwell Server Edition, 100, 19, 95741, 97887, 566.24, 600.00, 67, 2407, 12481, P0, 0
2026/08/17 13:23:03.151, 2, NVIDIA RTX PRO 6000 Blackwell Server Edition, 97, 62, 94401, 97887, 434.82, 600.00, 57, 2400, 12481, P0, 0
2026/08/17 13:23:03.151, 3, NVIDIA RTX PRO 6000 Blackwell Server Edition, 98, 63, 95829, 97887, 423.51, 600.00, 57, 2392, 12481, P0, 0
2026/08/17 13:23:03.152, 4, NVIDIA RTX PRO 6000 Blackwell Server Edition, 99, 50, 96827, 97887, 451.82, 600.00, 62, 2400, 12481, P0, 0
2026/08/17 13:23:03.152, 5, NVIDIA RTX PRO 6000 Blackwell Server Edition, 98, 62, 96745, 97887, 478.47, 600.00, 59, 2400, 12481, P0, 0
2026/08/17 13:23:03.153, 6, NVIDIA RTX PRO 6000 Blackwell Server Edition, 100, 26, 95813, 97887, 534.72, 600.00, 66, 2407, 12481, P0, 0
2026/08/17 13:23:03.153, 7, NVIDIA RTX PRO 6000 Blackwell Server Edition, 98, 68, 96857, 97887, 438.84, 600.00, 60, 2400, 12481, P0, 0
2026/08/17 13:23:08.154, 0, NVIDIA RTX PRO 6000 Blackwell Server Edition, 100, 30, 96745, 97887, 406.99, 600.00, 59, 2392, 12481, P0, 0
2026/08/17 13:23:08.155, 1, NVIDIA RTX PRO 6000 Blackwell Server Edition, 100, 25, 95741, 97887, 557.47, 600.00, 68, 2415, 12481, P0, 0
2026/08/17 13:23:08.156, 2, NVIDIA RTX PRO 6000 Blackwell Server Edition, 97, 61, 94401, 97887, 423.32, 600.00, 57, 2400, 12481, P0, 0
2026/08/17 13:23:08.156, 3, NVIDIA RTX PRO 6000 Blackwell Server Edition, 98, 63, 95829, 97887, 420.35, 600.00, 57, 2392, 12481, P0, 0
2026/08/17 13:23:08.157, 4, NVIDIA RTX PRO 6000 Blackwell Server Edition, 98, 65, 96827, 97887, 430.12, 600.00, 60, 2392, 12481, P0, 0
2026/08/17 13:23:08.157, 5, NVIDIA RTX PRO 6000 Blackwell Server Edition, 97, 56, 96745, 97887, 386.62, 600.00, 58, 2392, 12481, P0, 0
2026/08/17 13:23:08.158, 6, NVIDIA RTX PRO 6000 Blackwell Server Edition, 100, 35, 95813, 97887, 579.01, 600.00, 68, 2400, 12481, P0, 0
2026/08/17 13:23:08.159, 7, NVIDIA RTX PRO 6000 Blackwell Server Edition, 100, 31, 96857, 97887, 567.09, 600.00, 66, 2407, 12481, P0, 0
2026/08/17 13:23:13.160, 0, NVIDIA RTX PRO 6000 Blackwell Server Edition, 100, 34, 96745, 97887, 562.67, 600.00, 62, 2407, 12481, P0, 0
2026/08/17 13:23:13.160, 1, NVIDIA RTX PRO 6000 Blackwell Server Edition, 100, 13, 95741, 97887, 562.62, 600.00, 68, 2415, 12481, P0, 0
2026/08/17 13:23:13.161, 2, NVIDIA RTX PRO 6000 Blackwell Server Edition, 96, 56, 94401, 97887, 390.64, 600.00, 55, 2392, 12481, P0, 0
2026/08/17 13:23:13.161, 3, NVIDIA RTX PRO 6000 Blackwell Server Edition, 98, 57, 95829, 97887, 393.04, 600.00, 55, 2385, 12481, P0, 0
2026/08/17 13:23:13.162, 4, NVIDIA RTX PRO 6000 Blackwell Server Edition, 98, 65, 96827, 97887, 433.16, 600.00, 59, 2392, 12481, P0, 0
2026/08/17 13:23:13.163, 5, NVIDIA RTX PRO 6000 Blackwell Server Edition, 96, 56, 96745, 97887, 384.30, 600.00, 56, 2392, 12481, P0, 0
2026/08/17 13:23:13.163, 6, NVIDIA RTX PRO 6000 Blackwell Server Edition, 100, 31, 95813, 97887, 570.12, 600.00, 65, 2407, 12481, P0, 0
2026/08/17 13:23:13.164, 7, NVIDIA RTX PRO 6000 Blackwell Server Edition, 100, 29, 96857, 97887, 580.25, 600.00, 65, 2407, 12481, P0, 0
2026/08/17 13:23:18.164, 0, NVIDIA RTX PRO 6000 Blackwell Server Edition, 100, 20, 96745, 97887, 563.00, 600.00, 62, 2415, 12481, P0, 0
2026/08/17 13:23:18.165, 1, NVIDIA RTX PRO 6000 Blackwell Server Edition, 100, 22, 95741, 97887, 557.43, 600.00, 64, 2407, 12481, P0, 0
2026/08/17 13:23:18.166, 2, NVIDIA RTX PRO 6000 Blackwell Server Edition, 97, 56, 94401, 97887, 394.13, 600.00, 55, 2392, 12481, P0, 0
2026/08/17 13:23:18.166, 3, NVIDIA RTX PRO 6000 Blackwell Server Edition, 97, 57, 95829, 97887, 392.88, 600.00, 55, 2385, 12481, P0, 0
2026/08/17 13:23:18.167, 4, NVIDIA RTX PRO 6000 Blackwell Server Edition, 97, 58, 96827, 97887, 388.29, 600.00, 57, 2385, 12481, P0, 0
2026/08/17 13:23:18.167, 5, NVIDIA RTX PRO 6000 Blackwell Server Edition, 96, 56, 96745, 97887, 384.69, 600.00, 56, 2392, 12481, P0, 0
2026/08/17 13:23:18.168, 6, NVIDIA RTX PRO 6000 Blackwell Server Edition, 100, 27, 95813, 97887, 578.40, 600.00, 69, 2407, 12481, P0, 0
2026/08/17 13:23:18.168, 7, NVIDIA RTX PRO 6000 Blackwell Server Edition, 100, 23, 96857, 97887, 560.51, 600.00, 65, 2407, 12481, P0, 0
2026/08/17 13:23:23.169, 0, NVIDIA RTX PRO 6000 Blackwell Server Edition, 100, 30, 96745, 97887, 568.53, 600.00, 66, 2415, 12481, P0, 0
2026/08/17 13:23:23.170, 1, NVIDIA RTX PRO 6000 Blackwell Server Edition, 100, 24, 95741, 97887, 551.88, 600.00, 67, 2415, 12481, P0, 0
2026/08/17 13:23:23.170, 2, NVIDIA RTX PRO 6000 Blackwell Server Edition, 100, 36, 94401, 97887, 461.65, 600.00, 62, 2400, 12481, P0, 0
2026/08/17 13:23:23.171, 3, NVIDIA RTX PRO 6000 Blackwell Server Edition, 98, 57, 95829, 97887, 393.90, 600.00, 54, 2385, 12481, P0, 0
2026/08/17 13:23:23.171, 4, NVIDIA RTX PRO 6000 Blackwell Server Edition, 97, 58, 96827, 97887, 388.78, 600.00, 56, 2385, 12481, P0, 0
2026/08/17 13:23:23.172, 5, NVIDIA RTX PRO 6000 Blackwell Server Edition, 96, 56, 96745, 97887, 383.67, 600.00, 55, 2392, 12481, P0, 0
2026/08/17 13:23:23.172, 6, NVIDIA RTX PRO 6000 Blackwell Server Edition, 98, 65, 95813, 97887, 430.02, 600.00, 60, 2392, 12481, P0, 0
2026/08/17 13:23:23.173, 7, NVIDIA RTX PRO 6000 Blackwell Server Edition, 100, 12, 96857, 97887, 553.03, 600.00, 67, 2407, 12481, P0, 0
2026/08/17 13:23:28.173, 0, NVIDIA RTX PRO 6000 Blackwell Server Edition, 98, 64, 96745, 97887, 423.31, 600.00, 58, 2392, 12481, P0, 0
2026/08/17 13:23:28.174, 1, NVIDIA RTX PRO 6000 Blackwell Server Edition, 100, 13, 95741, 97887, 548.45, 600.00, 67, 2415, 12481, P0, 0
2026/08/17 13:23:28.175, 2, NVIDIA RTX PRO 6000 Blackwell Server Edition, 78, 33, 94401, 97887, 548.67, 600.00, 60, 2370, 12481, P0, 0
2026/08/17 13:23:28.175, 3, NVIDIA RTX PRO 6000 Blackwell Server Edition, 96, 57, 95829, 97887, 391.42, 600.00, 54, 2385, 12481, P0, 0
2026/08/17 13:23:28.175, 4, NVIDIA RTX PRO 6000 Blackwell Server Edition, 97, 58, 96827, 97887, 387.98, 600.00, 55, 2385, 12481, P0, 0
2026/08/17 13:23:28.176, 5, NVIDIA RTX PRO 6000 Blackwell Server Edition, 96, 56, 96745, 97887, 380.98, 600.00, 55, 2385, 12481, P0, 0
2026/08/17 13:23:28.177, 6, NVIDIA RTX PRO 6000 Blackwell Server Edition, 98, 64, 95813, 97887, 421.89, 600.00, 59, 2392, 12481, P0, 0
2026/08/17 13:23:28.177, 7, NVIDIA RTX PRO 6000 Blackwell Server Edition, 100, 12, 96857, 97887, 560.86, 600.00, 67, 2407, 12481, P0, 0
2026/08/17 13:23:33.178, 0, NVIDIA RTX PRO 6000 Blackwell Server Edition, 98, 65, 96745, 97887, 422.25, 600.00, 57, 2392, 12481, P0, 0
2026/08/17 13:23:33.179, 1, NVIDIA RTX PRO 6000 Blackwell Server Edition, 100, 1, 95741, 97887, 535.36, 600.00, 66, 2415, 12481, P0, 0
2026/08/17 13:23:33.179, 2, NVIDIA RTX PRO 6000 Blackwell Server Edition, 100, 27, 94401, 97887, 570.58, 600.00, 63, 2392, 12481, P0, 0
2026/08/17 13:23:33.180, 3, NVIDIA RTX PRO 6000 Blackwell Server Edition, 98, 63, 95829, 97887, 475.60, 600.00, 55, 2392, 12481, P0, 0
2026/08/17 13:23:33.180, 4, NVIDIA RTX PRO 6000 Blackwell Server Edition, 0, 0, 96827, 97887, 85.84, 600.00, 46, 2422, 12481, P0, 0
2026/08/17 13:23:33.180, 5, NVIDIA RTX PRO 6000 Blackwell Server Edition, 97, 56, 96745, 97887, 380.67, 600.00, 54, 2385, 12481, P0, 0
2026/08/17 13:23:33.181, 6, NVIDIA RTX PRO 6000 Blackwell Server Edition, 97, 64, 95813, 97887, 417.08, 600.00, 58, 2392, 12481, P0, 0
2026/08/17 13:23:33.182, 7, NVIDIA RTX PRO 6000 Blackwell Server Edition, 100, 34, 96857, 97887, 582.22, 600.00, 67, 2400, 12481, P0, 0
2026/08/17 13:23:38.182, 0, NVIDIA RTX PRO 6000 Blackwell Server Edition, 98, 63, 96745, 97887, 410.40, 600.00, 56, 2392, 12481, P0, 0
2026/08/17 13:23:38.183, 1, NVIDIA RTX PRO 6000 Blackwell Server Edition, 100, 34, 95741, 97887, 546.50, 600.00, 63, 2407, 12481, P0, 0
2026/08/17 13:23:38.183, 2, NVIDIA RTX PRO 6000 Blackwell Server Edition, 98, 62, 94401, 97887, 427.70, 600.00, 59, 2400, 12481, P0, 0
2026/08/17 13:23:38.184, 3, NVIDIA RTX PRO 6000 Blackwell Server Edition, 100, 37, 95829, 97887, 578.13, 600.00, 61, 2400, 12481, P0, 0
2026/08/17 13:23:38.184, 4, NVIDIA RTX PRO 6000 Blackwell Server Edition, 0, 0, 96827, 97887, 92.57, 600.00, 43, 2347, 12481, P0, 0
2026/08/17 13:23:38.184, 5, NVIDIA RTX PRO 6000 Blackwell Server Edition, 97, 56, 96745, 97887, 381.66, 600.00, 54, 2385, 12481, P0, 0
2026/08/17 13:23:38.185, 6, NVIDIA RTX PRO 6000 Blackwell Server Edition, 97, 62, 95813, 97887, 408.42, 600.00, 57, 2392, 12481, P0, 0
2026/08/17 13:23:38.185, 7, NVIDIA RTX PRO 6000 Blackwell Server Edition, 100, 27, 96857, 97887, 559.88, 600.00, 66, 2407, 12481, P0, 0
2026/08/17 13:23:43.186, 0, NVIDIA RTX PRO 6000 Blackwell Server Edition, 97, 58, 96745, 97887, 389.52, 600.00, 55, 2385, 12481, P0, 0
2026/08/17 13:23:43.187, 1, NVIDIA RTX PRO 6000 Blackwell Server Edition, 86, 38, 95741, 97887, 542.68, 600.00, 67, 2422, 12481, P0, 0
2026/08/17 13:23:43.187, 2, NVIDIA RTX PRO 6000 Blackwell Server Edition, 97, 61, 94401, 97887, 421.71, 600.00, 57, 2400, 12481, P0, 0
2026/08/17 13:23:43.188, 3, NVIDIA RTX PRO 6000 Blackwell Server Edition, 100, 30, 95829, 97887, 569.69, 600.00, 64, 2400, 12481, P0, 0
2026/08/17 13:23:43.188, 4, NVIDIA RTX PRO 6000 Blackwell Server Edition, 100, 37, 96827, 97887, 561.98, 600.00, 60, 2407, 12481, P0, 0
2026/08/17 13:23:43.189, 5, NVIDIA RTX PRO 6000 Blackwell Server Edition, 97, 56, 96745, 97887, 380.09, 600.00, 54, 2385, 12481, P0, 0
2026/08/17 13:23:43.189, 6, NVIDIA RTX PRO 6000 Blackwell Server Edition, 97, 62, 95813, 97887, 407.32, 600.00, 57, 2392, 12481, P0, 0
2026/08/17 13:23:43.190, 7, NVIDIA RTX PRO 6000 Blackwell Server Edition, 100, 17, 96857, 97887, 529.04, 600.00, 67, 2407, 12481, P0, 0
2026/08/17 13:23:48.191, 0, NVIDIA RTX PRO 6000 Blackwell Server Edition, 97, 58, 96745, 97887, 388.03, 600.00, 54, 2385, 12481, P0, 0
2026/08/17 13:23:48.192, 1, NVIDIA RTX PRO 6000 Blackwell Server Edition, 100, 37, 95741, 97887, 573.24, 600.00, 64, 2407, 12481, P0, 0
2026/08/17 13:23:48.196, 2, NVIDIA RTX PRO 6000 Blackwell Server Edition, 94, 54, 94401, 97887, 391.92, 600.00, 56, 2392, 12481, P0, 0
2026/08/17 13:23:48.196, 3, NVIDIA RTX PRO 6000 Blackwell Server Edition, 98, 64, 95829, 97887, 451.20, 600.00, 59, 2392, 12481, P0, 0
2026/08/17 13:23:48.199, 4, NVIDIA RTX PRO 6000 Blackwell Server Edition, 100, 40, 96827, 97887, 590.86, 600.00, 61, 2400, 12481, P0, 0
2026/08/17 13:23:48.200, 5, NVIDIA RTX PRO 6000 Blackwell Server Edition, 96, 56, 96745, 97887, 380.15, 600.00, 54, 2392, 12481, P0, 0
2026/08/17 13:23:48.203, 6, NVIDIA RTX PRO 6000 Blackwell Server Edition, 97, 62, 95813, 97887, 405.73, 600.00, 56, 2392, 12481, P0, 0
2026/08/17 13:23:48.205, 7, NVIDIA RTX PRO 6000 Blackwell Server Edition, 100, 23, 96857, 97887, 541.15, 600.00, 67, 2407, 12481, P0, 0
2026/08/17 13:23:53.205, 0, NVIDIA RTX PRO 6000 Blackwell Server Edition, 97, 58, 96745, 97887, 388.96, 600.00, 54, 2385, 12481, P0, 0
2026/08/17 13:23:53.206, 1, NVIDIA RTX PRO 6000 Blackwell Server Edition, 100, 37, 95741, 97887, 589.83, 600.00, 66, 2400, 12481, P0, 0
2026/08/17 13:23:53.206, 2, NVIDIA RTX PRO 6000 Blackwell Server Edition, 97, 56, 94401, 97887, 396.45, 600.00, 55, 2392, 12481, P0, 0
2026/08/17 13:23:53.207, 3, NVIDIA RTX PRO 6000 Blackwell Server Edition, 98, 63, 95829, 97887, 424.31, 600.00, 57, 2392, 12481, P0, 0
2026/08/17 13:23:53.207, 4, NVIDIA RTX PRO 6000 Blackwell Server Edition, 97, 62, 96827, 97887, 409.10, 600.00, 55, 2392, 12481, P0, 0
2026/08/17 13:23:53.208, 5, NVIDIA RTX PRO 6000 Blackwell Server Edition, 98, 27, 96745, 97887, 552.90, 600.00, 61, 2400, 12481, P0, 0
2026/08/17 13:23:53.208, 6, NVIDIA RTX PRO 6000 Blackwell Server Edition, 97, 62, 95813, 97887, 410.03, 600.00, 56, 2392, 12481, P0, 0
2026/08/17 13:23:53.209, 7, NVIDIA RTX PRO 6000 Blackwell Server Edition, 100, 9, 96857, 97887, 551.44, 600.00, 67, 2415, 12481, P0, 0
2026/08/17 13:23:58.210, 0, NVIDIA RTX PRO 6000 Blackwell Server Edition, 100, 24, 96745, 97887, 541.61, 600.00, 61, 2400, 12481, P0, 0
2026/08/17 13:23:58.210, 1, NVIDIA RTX PRO 6000 Blackwell Server Edition, 100, 20, 95741, 97887, 577.11, 600.00, 66, 2407, 12481, P0, 0
2026/08/17 13:23:58.211, 2, NVIDIA RTX PRO 6000 Blackwell Server Edition, 97, 56, 94401, 97887, 393.39, 600.00, 55, 2392, 12481, P0, 0
2026/08/17 13:23:58.211, 3, NVIDIA RTX PRO 6000 Blackwell Server Edition, 98, 64, 95829, 97887, 423.30, 600.00, 57, 2385, 12481, P0, 0
2026/08/17 13:23:58.212, 4, NVIDIA RTX PRO 6000 Blackwell Server Edition, 97, 56, 96827, 97887, 382.69, 600.00, 54, 2385, 12481, P0, 0
2026/08/17 13:23:58.212, 5, NVIDIA RTX PRO 6000 Blackwell Server Edition, 96, 61, 96745, 97887, 456.32, 600.00, 56, 2392, 12481, P0, 0
2026/08/17 13:23:58.213, 6, NVIDIA RTX PRO 6000 Blackwell Server Edition, 98, 62, 95813, 97887, 407.13, 600.00, 56, 2392, 12481, P0, 0
2026/08/17 13:23:58.213, 7, NVIDIA RTX PRO 6000 Blackwell Server Edition, 100, 23, 96857, 97887, 540.01, 600.00, 67, 2415, 12481, P0, 0
2026/08/17 13:24:03.215, 0, NVIDIA RTX PRO 6000 Blackwell Server Edition, 98, 64, 96745, 97887, 412.52, 600.00, 55, 2392, 12481, P0, 0
2026/08/17 13:24:03.216, 1, NVIDIA RTX PRO 6000 Blackwell Server Edition, 100, 18, 95741, 97887, 549.71, 600.00, 64, 2407, 12481, P0, 0
2026/08/17 13:24:03.217, 2, NVIDIA RTX PRO 6000 Blackwell Server Edition, 97, 56, 94401, 97887, 394.90, 600.00, 54, 2392, 12481, P0, 0
2026/08/17 13:24:03.217, 3, NVIDIA RTX PRO 6000 Blackwell Server Edition, 98, 64, 95829, 97887, 422.84, 600.00, 56, 2385, 12481, P0, 0
2026/08/17 13:24:03.218, 4, NVIDIA RTX PRO 6000 Blackwell Server Edition, 97, 56, 96827, 97887, 382.27, 600.00, 54, 2385, 12481, P0, 0
2026/08/17 13:24:03.219, 5, NVIDIA RTX PRO 6000 Blackwell Server Edition, 97, 56, 96745, 97887, 383.56, 600.00, 55, 2385, 12481, P0, 0
2026/08/17 13:24:03.219, 6, NVIDIA RTX PRO 6000 Blackwell Server Edition, 100, 26, 95813, 97887, 535.78, 600.00, 61, 2385, 12481, P0, 0
2026/08/17 13:24:03.220, 7, NVIDIA RTX PRO 6000 Blackwell Server Edition, 100, 32, 96857, 97887, 548.02, 600.00, 67, 2415, 12481, P0, 0
2026/08/17 13:24:08.220, 0, NVIDIA RTX PRO 6000 Blackwell Server Edition, 100, 34, 96745, 97887, 570.14, 600.00, 62, 2407, 12481, P0, 0
2026/08/17 13:24:08.221, 1, NVIDIA RTX PRO 6000 Blackwell Server Edition, 100, 36, 95741, 97887, 553.85, 600.00, 68, 2400, 12481, P0, 0
2026/08/17 13:24:08.221, 2, NVIDIA RTX PRO 6000 Blackwell Server Edition, 97, 62, 94401, 97887, 476.45, 600.00, 56, 2392, 12481, P0, 0
2026/08/17 13:24:08.222, 3, NVIDIA RTX PRO 6000 Blackwell Server Edition, 98, 63, 95829, 97887, 421.42, 600.00, 56, 2392, 12481, P0, 0
2026/08/17 13:24:08.223, 4, NVIDIA RTX PRO 6000 Blackwell Server Edition, 97, 56, 96827, 97887, 382.25, 600.00, 54, 2385, 12481, P0, 0
2026/08/17 13:24:08.223, 5, NVIDIA RTX PRO 6000 Blackwell Server Edition, 96, 56, 96745, 97887, 381.09, 600.00, 54, 2385, 12481, P0, 0
2026/08/17 13:24:08.224, 6, NVIDIA RTX PRO 6000 Blackwell Server Edition, 97, 62, 95813, 97887, 407.11, 600.00, 56, 2392, 12481, P0, 0
2026/08/17 13:24:08.224, 7, NVIDIA RTX PRO 6000 Blackwell Server Edition, 100, 34, 96857, 97887, 567.04, 600.00, 66, 2400, 12481, P0, 0
2026/08/17 13:24:13.226, 0, NVIDIA RTX PRO 6000 Blackwell Server Edition, 97, 63, 96745, 97887, 483.99, 600.00, 57, 2392, 12481, P0, 0
2026/08/17 13:24:13.227, 1, NVIDIA RTX PRO 6000 Blackwell Server Edition, 100, 40, 95741, 97887, 597.86, 600.00, 62, 2400, 12481, P0, 0
2026/08/17 13:24:13.227, 2, NVIDIA RTX PRO 6000 Blackwell Server Edition, 98, 62, 94401, 97887, 421.33, 600.00, 56, 2392, 12481, P0, 0
2026/08/17 13:24:13.228, 3, NVIDIA RTX PRO 6000 Blackwell Server Edition, 97, 63, 95829, 97887, 420.50, 600.00, 56, 2392, 12481, P0, 0
2026/08/17 13:24:13.228, 4, NVIDIA RTX PRO 6000 Blackwell Server Edition, 97, 56, 96827, 97887, 381.96, 600.00, 53, 2385, 12481, P0, 0
2026/08/17 13:24:13.229, 5, NVIDIA RTX PRO 6000 Blackwell Server Edition, 96, 56, 96745, 97887, 382.94, 600.00, 54, 2385, 12481, P0, 0
2026/08/17 13:24:13.229, 6, NVIDIA RTX PRO 6000 Blackwell Server Edition, 97, 62, 95813, 97887, 407.55, 600.00, 56, 2392, 12481, P0, 0
2026/08/17 13:24:13.230, 7, NVIDIA RTX PRO 6000 Blackwell Server Edition, 100, 37, 96857, 97887, 577.63, 600.00, 68, 2400, 12481, P0, 0
2026/08/17 13:24:18.231, 0, NVIDIA RTX PRO 6000 Blackwell Server Edition, 98, 58, 96745, 97887, 388.82, 600.00, 55, 2385, 12481, P0, 0
2026/08/17 13:24:18.231, 1, NVIDIA RTX PRO 6000 Blackwell Server Edition, 100, 37, 95741, 97887, 587.08, 600.00, 66, 2400, 12481, P0, 0
2026/08/17 13:24:18.232, 2, NVIDIA RTX PRO 6000 Blackwell Server Edition, 97, 62, 94401, 97887, 430.23, 600.00, 56, 2392, 12481, P0, 0
2026/08/17 13:24:18.232, 3, NVIDIA RTX PRO 6000 Blackwell Server Edition, 100, 32, 95829, 97887, 570.15, 600.00, 62, 2400, 12481, P0, 0
2026/08/17 13:24:18.233, 4, NVIDIA RTX PRO 6000 Blackwell Server Edition, 97, 56, 96827, 97887, 380.24, 600.00, 53, 2385, 12481, P0, 0
2026/08/17 13:24:18.233, 5, NVIDIA RTX PRO 6000 Blackwell Server Edition, 96, 56, 96745, 97887, 381.27, 600.00, 54, 2392, 12481, P0, 0
2026/08/17 13:24:18.234, 6, NVIDIA RTX PRO 6000 Blackwell Server Edition, 97, 56, 95813, 97887, 379.96, 600.00, 55, 2385, 12481, P0, 0
2026/08/17 13:24:18.235, 7, NVIDIA RTX PRO 6000 Blackwell Server Edition, 99, 57, 96857, 97887, 463.83, 600.00, 62, 2407, 12481, P0, 0
2026/08/17 13:24:23.236, 0, NVIDIA RTX PRO 6000 Blackwell Server Edition, 100, 29, 96745, 97887, 562.88, 600.00, 63, 2407, 12481, P0, 0
2026/08/17 13:24:23.236, 1, NVIDIA RTX PRO 6000 Blackwell Server Edition, 100, 28, 95741, 97887, 574.86, 600.00, 67, 2400, 12481, P0, 0
2026/08/17 13:24:23.236, 2, NVIDIA RTX PRO 6000 Blackwell Server Edition, 96, 61, 94401, 97887, 416.51, 600.00, 56, 2400, 12481, P0, 0
2026/08/17 13:24:23.237, 3, NVIDIA RTX PRO 6000 Blackwell Server Edition, 100, 38, 95829, 97887, 575.45, 600.00, 64, 2400, 12481, P0, 0
2026/08/17 13:24:23.237, 4, NVIDIA RTX PRO 6000 Blackwell Server Edition, 37, 22, 96827, 97887, 353.55, 600.00, 48, 2385, 12481, P0, 0
2026/08/17 13:24:23.238, 5, NVIDIA RTX PRO 6000 Blackwell Server Edition, 97, 57, 96745, 97887, 382.74, 600.00, 54, 2392, 12481, P0, 0
2026/08/17 13:24:23.238, 6, NVIDIA RTX PRO 6000 Blackwell Server Edition, 97, 56, 95813, 97887, 379.48, 600.00, 54, 2385, 12481, P0, 0
2026/08/17 13:24:23.239, 7, NVIDIA RTX PRO 6000 Blackwell Server Edition, 99, 50, 96857, 97887, 446.10, 600.00, 61, 2400, 12481, P0, 0
2026/08/17 13:24:28.240, 0, NVIDIA RTX PRO 6000 Blackwell Server Edition, 100, 30, 96745, 97887, 557.48, 600.00, 63, 2407, 12481, P0, 0
2026/08/17 13:24:28.241, 1, NVIDIA RTX PRO 6000 Blackwell Server Edition, 100, 15, 95741, 97887, 570.43, 600.00, 66, 2407, 12481, P0, 0
2026/08/17 13:24:28.241, 2, NVIDIA RTX PRO 6000 Blackwell Server Edition, 97, 56, 94401, 97887, 405.63, 600.00, 55, 2392, 12481, P0, 0
2026/08/17 13:24:28.242, 3, NVIDIA RTX PRO 6000 Blackwell Server Edition, 100, 34, 95829, 97887, 460.96, 600.00, 64, 2392, 12481, P0, 0
2026/08/17 13:24:28.242, 4, NVIDIA RTX PRO 6000 Blackwell Server Edition, 100, 21, 96827, 97887, 558.97, 600.00, 63, 2415, 12481, P0, 0
2026/08/17 13:24:28.242, 5, NVIDIA RTX PRO 6000 Blackwell Server Edition, 100, 31, 96745, 97887, 559.75, 600.00, 62, 2407, 12481, P0, 0
2026/08/17 13:24:28.243, 6, NVIDIA RTX PRO 6000 Blackwell Server Edition, 97, 57, 95813, 97887, 379.45, 600.00, 54, 2385, 12481, P0, 0
2026/08/17 13:24:28.243, 7, NVIDIA RTX PRO 6000 Blackwell Server Edition, 98, 66, 96857, 97887, 432.46, 600.00, 59, 2400, 12481, P0, 0
2026/08/17 13:24:33.244, 0, NVIDIA RTX PRO 6000 Blackwell Server Edition, 100, 35, 96745, 97887, 580.86, 600.00, 64, 2407, 12481, P0, 0
2026/08/17 13:24:33.245, 1, NVIDIA RTX PRO 6000 Blackwell Server Edition, 99, 38, 95741, 97887, 539.74, 600.00, 63, 2407, 12481, P0, 0
2026/08/17 13:24:33.245, 2, NVIDIA RTX PRO 6000 Blackwell Server Edition, 97, 56, 94401, 97887, 395.21, 600.00, 54, 2392, 12481, P0, 0
2026/08/17 13:24:33.246, 3, NVIDIA RTX PRO 6000 Blackwell Server Edition, 100, 35, 95829, 97887, 590.07, 600.00, 66, 2400, 12481, P0, 0
2026/08/17 13:24:33.246, 4, NVIDIA RTX PRO 6000 Blackwell Server Edition, 100, 17, 96827, 97887, 545.10, 600.00, 64, 2415, 12481, P0, 0
2026/08/17 13:24:33.247, 5, NVIDIA RTX PRO 6000 Blackwell Server Edition, 97, 62, 96745, 97887, 409.25, 600.00, 57, 2392, 12481, P0, 0
2026/08/17 13:24:33.247, 6, NVIDIA RTX PRO 6000 Blackwell Server Edition, 97, 57, 95813, 97887, 380.95, 600.00, 54, 2385, 12481, P0, 0
2026/08/17 13:24:33.248, 7, NVIDIA RTX PRO 6000 Blackwell Server Edition, 100, 27, 96857, 97887, 551.63, 600.00, 65, 2400, 12481, P0, 0
2026/08/17 13:24:38.249, 0, NVIDIA RTX PRO 6000 Blackwell Server Edition, 100, 25, 96745, 97887, 584.64, 600.00, 65, 2407, 12481, P0, 0
2026/08/17 13:24:38.249, 1, NVIDIA RTX PRO 6000 Blackwell Server Edition, 100, 30, 95741, 97887, 571.87, 600.00, 66, 2407, 12481, P0, 0
2026/08/17 13:24:38.249, 2, NVIDIA RTX PRO 6000 Blackwell Server Edition, 97, 56, 94401, 97887, 393.78, 600.00, 54, 2392, 12481, P0, 0
2026/08/17 13:24:38.250, 3, NVIDIA RTX PRO 6000 Blackwell Server Edition, 98, 65, 95829, 97887, 444.22, 600.00, 59, 2392, 12481, P0, 0
2026/08/17 13:24:38.251, 4, NVIDIA RTX PRO 6000 Blackwell Server Edition, 100, 18, 96827, 97887, 552.71, 600.00, 64, 2400, 12481, P0, 0
2026/08/17 13:24:38.251, 5, NVIDIA RTX PRO 6000 Blackwell Server Edition, 97, 56, 96745, 97887, 384.23, 600.00, 55, 2392, 12481, P0, 0
2026/08/17 13:24:38.251, 6, NVIDIA RTX PRO 6000 Blackwell Server Edition, 97, 57, 95813, 97887, 378.66, 600.00, 54, 2385, 12481, P0, 0
2026/08/17 13:24:38.252, 7, NVIDIA RTX PRO 6000 Blackwell Server Edition, 98, 65, 96857, 97887, 428.40, 600.00, 59, 2400, 12481, P0, 0
2026/08/17 13:24:43.253, 0, NVIDIA RTX PRO 6000 Blackwell Server Edition, 98, 65, 96745, 97887, 423.15, 600.00, 59, 2392, 12481, P0, 0
2026/08/17 13:24:43.254, 1, NVIDIA RTX PRO 6000 Blackwell Server Edition, 100, 39, 95741, 97887, 576.89, 600.00, 66, 2407, 12481, P0, 0
2026/08/17 13:24:43.257, 2, NVIDIA RTX PRO 6000 Blackwell Server Edition, 100, 34, 94401, 97887, 581.94, 600.00, 62, 2392, 12481, P0, 0
2026/08/17 13:24:43.258, 3, NVIDIA RTX PRO 6000 Blackwell Server Edition, 97, 57, 95829, 97887, 408.03, 600.00, 57, 2385, 12481, P0, 0
2026/08/17 13:24:43.259, 4, NVIDIA RTX PRO 6000 Blackwell Server Edition, 98, 64, 96827, 97887, 422.07, 600.00, 58, 2392, 12481, P0, 0
2026/08/17 13:24:43.259, 5, NVIDIA RTX PRO 6000 Blackwell Server Edition, 100, 35, 96745, 97887, 573.27, 600.00, 63, 2407, 12481, P0, 0
2026/08/17 13:24:43.260, 6, NVIDIA RTX PRO 6000 Blackwell Server Edition, 100, 31, 95813, 97887, 547.01, 600.00, 61, 2400, 12481, P0, 0
2026/08/17 13:24:43.260, 7, NVIDIA RTX PRO 6000 Blackwell Server Edition, 75, 37, 96857, 97887, 458.72, 600.00, 63, 2407, 12481, P0, 0
2026/08/17 13:24:48.262, 0, NVIDIA RTX PRO 6000 Blackwell Server Edition, 98, 67, 96745, 97887, 438.44, 600.00, 59, 2400, 12481, P0, 0
2026/08/17 13:24:48.262, 1, NVIDIA RTX PRO 6000 Blackwell Server Edition, 100, 36, 95741, 97887, 542.06, 600.00, 67, 2407, 12481, P0, 0
2026/08/17 13:24:48.263, 2, NVIDIA RTX PRO 6000 Blackwell Server Edition, 100, 26, 94401, 97887, 560.98, 600.00, 62, 2385, 12481, P0, 0
2026/08/17 13:24:48.263, 3, NVIDIA RTX PRO 6000 Blackwell Server Edition, 97, 57, 95829, 97887, 396.21, 600.00, 56, 2385, 12481, P0, 0
2026/08/17 13:24:48.263, 4, NVIDIA RTX PRO 6000 Blackwell Server Edition, 98, 65, 96827, 97887, 421.72, 600.00, 57, 2392, 12481, P0, 0
2026/08/17 13:24:48.264, 5, NVIDIA RTX PRO 6000 Blackwell Server Edition, 100, 27, 96745, 97887, 572.37, 600.00, 65, 2415, 12481, P0, 0
2026/08/17 13:24:48.264, 6, NVIDIA RTX PRO 6000 Blackwell Server Edition, 97, 62, 95813, 97887, 405.07, 600.00, 55, 2392, 12481, P0, 0
2026/08/17 13:24:48.265, 7, NVIDIA RTX PRO 6000 Blackwell Server Edition, 100, 24, 96857, 97887, 524.63, 600.00, 64, 2400, 12481, P0, 0
2026/08/17 13:24:53.265, 0, NVIDIA RTX PRO 6000 Blackwell Server Edition, 98, 66, 96745, 97887, 426.40, 600.00, 58, 2392, 12481, P0, 0
2026/08/17 13:24:53.266, 1, NVIDIA RTX PRO 6000 Blackwell Server Edition, 99, 48, 95741, 97887, 471.25, 600.00, 63, 2415, 12481, P0, 0
2026/08/17 13:24:53.267, 2, NVIDIA RTX PRO 6000 Blackwell Server Edition, 97, 56, 94401, 97887, 395.31, 600.00, 56, 2392, 12481, P0, 0
2026/08/17 13:24:53.267, 3, NVIDIA RTX PRO 6000 Blackwell Server Edition, 100, 33, 95829, 97887, 520.77, 600.00, 63, 2400, 12481, P0, 0
2026/08/17 13:24:53.268, 4, NVIDIA RTX PRO 6000 Blackwell Server Edition, 98, 64, 96827, 97887, 420.38, 600.00, 57, 2392, 12481, P0, 0
2026/08/17 13:24:53.269, 5, NVIDIA RTX PRO 6000 Blackwell Server Edition, 99, 29, 96745, 97887, 537.83, 600.00, 61, 2400, 12481, P0, 0
2026/08/17 13:24:53.269, 6, NVIDIA RTX PRO 6000 Blackwell Server Edition, 97, 57, 95813, 97887, 385.42, 600.00, 54, 2385, 12481, P0, 0
2026/08/17 13:24:53.270, 7, NVIDIA RTX PRO 6000 Blackwell Server Edition, 98, 66, 96857, 97887, 427.72, 600.00, 58, 2400, 12481, P0, 0
2026/08/17 13:24:58.275, 0, NVIDIA RTX PRO 6000 Blackwell Server Edition, 98, 64, 96745, 97887, 417.03, 600.00, 57, 2392, 12481, P0, 0
2026/08/17 13:24:58.275, 1, NVIDIA RTX PRO 6000 Blackwell Server Edition, 99, 47, 95741, 97887, 470.37, 600.00, 62, 2415, 12481, P0, 0
2026/08/17 13:24:58.276, 2, NVIDIA RTX PRO 6000 Blackwell Server Edition, 97, 62, 94401, 97887, 478.17, 600.00, 58, 2400, 12481, P0, 0
2026/08/17 13:24:58.276, 3, NVIDIA RTX PRO 6000 Blackwell Server Edition, 100, 32, 95829, 97887, 571.11, 600.00, 62, 2400, 12481, P0, 0
2026/08/17 13:24:58.277, 4, NVIDIA RTX PRO 6000 Blackwell Server Edition, 100, 28, 96827, 97887, 571.36, 600.00, 65, 2407, 12481, P0, 0
2026/08/17 13:24:58.277, 5, NVIDIA RTX PRO 6000 Blackwell Server Edition, 100, 31, 96745, 97887, 565.44, 600.00, 64, 2407, 12481, P0, 0
2026/08/17 13:24:58.278, 6, NVIDIA RTX PRO 6000 Blackwell Server Edition, 100, 21, 95813, 97887, 527.79, 600.00, 61, 2407, 12481, P0, 0
2026/08/17 13:24:58.278, 7, NVIDIA RTX PRO 6000 Blackwell Server Edition, 100, 32, 96857, 97887, 427.37, 600.00, 58, 2385, 12481, P0, 0
2026/08/17 13:25:03.279, 0, NVIDIA RTX PRO 6000 Blackwell Server Edition, 100, 32, 96745, 97887, 552.83, 600.00, 61, 2392, 12481, P0, 0
2026/08/17 13:25:03.280, 1, NVIDIA RTX PRO 6000 Blackwell Server Edition, 99, 52, 95741, 97887, 458.15, 600.00, 61, 2407, 12481, P0, 0
2026/08/17 13:25:03.280, 2, NVIDIA RTX PRO 6000 Blackwell Server Edition, 97, 56, 94401, 97887, 413.04, 600.00, 56, 2392, 12481, P0, 0
2026/08/17 13:25:03.281, 3, NVIDIA RTX PRO 6000 Blackwell Server Edition, 100, 37, 95829, 97887, 583.94, 600.00, 64, 2400, 12481, P0, 0
2026/08/17 13:25:03.281, 4, NVIDIA RTX PRO 6000 Blackwell Server Edition, 100, 29, 96827, 97887, 581.10, 600.00, 66, 2407, 12481, P0, 0
2026/08/17 13:25:03.281, 5, NVIDIA RTX PRO 6000 Blackwell Server Edition, 100, 38, 96745, 97887, 567.84, 600.00, 65, 2407, 12481, P0, 0
2026/08/17 13:25:03.283, 6, NVIDIA RTX PRO 6000 Blackwell Server Edition, 100, 22, 95813, 97887, 547.12, 600.00, 63, 2407, 12481, P0, 0
2026/08/17 13:25:03.283, 7, NVIDIA RTX PRO 6000 Blackwell Server Edition, 98, 65, 96857, 97887, 419.00, 600.00, 57, 2400, 12481, P0, 0
2026/08/17 13:25:08.284, 0, NVIDIA RTX PRO 6000 Blackwell Server Edition, 98, 64, 96745, 97887, 418.05, 600.00, 56, 2400, 12481, P0, 0
2026/08/17 13:25:08.285, 1, NVIDIA RTX PRO 6000 Blackwell Server Edition, 98, 41, 95741, 97887, 576.25, 600.00, 66, 2407, 12481, P0, 0
2026/08/17 13:25:08.285, 2, NVIDIA RTX PRO 6000 Blackwell Server Edition, 100, 22, 94401, 97887, 469.00, 600.00, 60, 2392, 12481, P0, 0
2026/08/17 13:25:08.286, 3, NVIDIA RTX PRO 6000 Blackwell Server Edition, 100, 36, 95829, 97887, 556.62, 600.00, 66, 2407, 12481, P0, 0
2026/08/17 13:25:08.287, 4, NVIDIA RTX PRO 6000 Blackwell Server Edition, 100, 24, 96827, 97887, 574.04, 600.00, 66, 2415, 12481, P0, 0
2026/08/17 13:25:08.287, 5, NVIDIA RTX PRO 6000 Blackwell Server Edition, 100, 36, 96745, 97887, 572.97, 600.00, 65, 2407, 12481, P0, 0
2026/08/17 13:25:08.288, 6, NVIDIA RTX PRO 6000 Blackwell Server Edition, 100, 35, 95813, 97887, 521.56, 600.00, 62, 2407, 12481, P0, 0
2026/08/17 13:25:08.288, 7, NVIDIA RTX PRO 6000 Blackwell Server Edition, 97, 63, 96857, 97887, 414.60, 600.00, 56, 2400, 12481, P0, 0
2026/08/17 13:25:13.289, 0, NVIDIA RTX PRO 6000 Blackwell Server Edition, 97, 58, 96745, 97887, 389.43, 600.00, 55, 2385, 12481, P0, 0
2026/08/17 13:25:13.290, 1, NVIDIA RTX PRO 6000 Blackwell Server Edition, 100, 39, 95741, 97887, 581.55, 600.00, 63, 2407, 12481, P0, 0
2026/08/17 13:25:13.290, 2, NVIDIA RTX PRO 6000 Blackwell Server Edition, 97, 63, 94401, 97887, 424.09, 600.00, 57, 2400, 12481, P0, 0
2026/08/17 13:25:13.291, 3, NVIDIA RTX PRO 6000 Blackwell Server Edition, 100, 28, 95829, 97887, 571.99, 600.00, 66, 2415, 12481, P0, 0
2026/08/17 13:25:13.291, 4, NVIDIA RTX PRO 6000 Blackwell Server Edition, 100, 24, 96827, 97887, 507.45, 600.00, 65, 2392, 12481, P0, 0
2026/08/17 13:25:13.292, 5, NVIDIA RTX PRO 6000 Blackwell Server Edition, 100, 24, 96745, 97887, 577.42, 600.00, 67, 2407, 12481, P0, 0
2026/08/17 13:25:13.292, 6, NVIDIA RTX PRO 6000 Blackwell Server Edition, 100, 16, 95813, 97887, 569.84, 600.00, 65, 2407, 12481, P0, 0
2026/08/17 13:25:13.293, 7, NVIDIA RTX PRO 6000 Blackwell Server Edition, 98, 64, 96857, 97887, 413.68, 600.00, 56, 2400, 12481, P0, 0
2026/08/17 13:25:18.294, 0, NVIDIA RTX PRO 6000 Blackwell Server Edition, 97, 58, 96745, 97887, 390.47, 600.00, 54, 2385, 12481, P0, 0
2026/08/17 13:25:18.294, 1, NVIDIA RTX PRO 6000 Blackwell Server Edition, 100, 35, 95741, 97887, 583.30, 600.00, 65, 2407, 12481, P0, 0
2026/08/17 13:25:18.295, 2, NVIDIA RTX PRO 6000 Blackwell Server Edition, 97, 63, 94401, 97887, 426.22, 600.00, 56, 2400, 12481, P0, 0
2026/08/17 13:25:18.295, 3, NVIDIA RTX PRO 6000 Blackwell Server Edition, 98, 64, 95829, 97887, 434.52, 600.00, 60, 2400, 12481, P0, 0
2026/08/17 13:25:18.296, 4, NVIDIA RTX PRO 6000 Blackwell Server Edition, 98, 64, 96827, 97887, 429.35, 600.00, 59, 2400, 12481, P0, 0
2026/08/17 13:25:18.296, 5, NVIDIA RTX PRO 6000 Blackwell Server Edition, 100, 37, 96745, 97887, 577.42, 600.00, 66, 2407, 12481, P0, 0
2026/08/17 13:25:18.297, 6, NVIDIA RTX PRO 6000 Blackwell Server Edition, 97, 62, 95813, 97887, 407.36, 600.00, 58, 2392, 12481, P0, 0
2026/08/17 13:25:18.297, 7, NVIDIA RTX PRO 6000 Blackwell Server Edition, 97, 63, 96857, 97887, 414.92, 600.00, 56, 2400, 12481, P0, 0
2026/08/17 13:25:23.298, 0, NVIDIA RTX PRO 6000 Blackwell Server Edition, 100, 31, 96745, 97887, 572.95, 600.00, 62, 2415, 12481, P0, 0
2026/08/17 13:25:23.299, 1, NVIDIA RTX PRO 6000 Blackwell Server Edition, 100, 25, 95743, 97887, 570.01, 600.00, 66, 2407, 12481, P0, 0
2026/08/17 13:25:23.299, 2, NVIDIA RTX PRO 6000 Blackwell Server Edition, 97, 56, 94401, 97887, 394.52, 600.00, 55, 2392, 12481, P0, 0
2026/08/17 13:25:23.300, 3, NVIDIA RTX PRO 6000 Blackwell Server Edition, 97, 58, 95829, 97887, 399.86, 600.00, 58, 2385, 12481, P0, 0
2026/08/17 13:25:23.300, 4, NVIDIA RTX PRO 6000 Blackwell Server Edition, 100, 32, 96827, 97887, 595.04, 600.00, 65, 2407, 12481, P0, 0
2026/08/17 13:25:23.301, 5, NVIDIA RTX PRO 6000 Blackwell Server Edition, 100, 27, 96745, 97887, 563.25, 600.00, 67, 2415, 12481, P0, 0
2026/08/17 13:25:23.302, 6, NVIDIA RTX PRO 6000 Blackwell Server Edition, 100, 11, 95813, 97887, 545.01, 600.00, 62, 2415, 12481, P0, 0
2026/08/17 13:25:23.303, 7, NVIDIA RTX PRO 6000 Blackwell Server Edition, 100, 19, 96857, 97887, 539.74, 600.00, 63, 2415, 12481, P0, 0
2026/08/17 13:25:28.304, 0, NVIDIA RTX PRO 6000 Blackwell Server Edition, 100, 31, 96745, 97887, 563.37, 600.00, 63, 2415, 12481, P0, 0
2026/08/17 13:25:28.304, 1, NVIDIA RTX PRO 6000 Blackwell Server Edition, 100, 35, 95743, 97887, 596.91, 600.00, 63, 2407, 12481, P0, 0
2026/08/17 13:25:28.305, 2, NVIDIA RTX PRO 6000 Blackwell Server Edition, 97, 56, 94401, 97887, 395.60, 600.00, 54, 2392, 12481, P0, 0
2026/08/17 13:25:28.305, 3, NVIDIA RTX PRO 6000 Blackwell Server Edition, 97, 58, 95829, 97887, 398.45, 600.00, 57, 2385, 12481, P0, 0
2026/08/17 13:25:28.306, 4, NVIDIA RTX PRO 6000 Blackwell Server Edition, 100, 27, 96827, 97887, 586.36, 600.00, 67, 2407, 12481, P0, 0
2026/08/17 13:25:28.306, 5, NVIDIA RTX PRO 6000 Blackwell Server Edition, 100, 32, 96745, 97887, 564.00, 600.00, 67, 2415, 12481, P0, 0
2026/08/17 13:25:28.307, 6, NVIDIA RTX PRO 6000 Blackwell Server Edition, 98, 65, 95813, 97887, 425.12, 600.00, 59, 2400, 12481, P0, 0
2026/08/17 13:25:28.308, 7, NVIDIA RTX PRO 6000 Blackwell Server Edition, 100, 26, 96857, 97887, 570.36, 600.00, 63, 2415, 12481, P0, 0
2026/08/17 13:25:33.308, 0, NVIDIA RTX PRO 6000 Blackwell Server Edition, 100, 38, 96745, 97887, 561.28, 600.00, 63, 2415, 12481, P0, 0
2026/08/17 13:25:33.309, 1, NVIDIA RTX PRO 6000 Blackwell Server Edition, 100, 26, 95743, 97887, 578.72, 600.00, 67, 2407, 12481, P0, 0
2026/08/17 13:25:33.309, 2, NVIDIA RTX PRO 6000 Blackwell Server Edition, 97, 56, 94401, 97887, 396.32, 600.00, 54, 2392, 12481, P0, 0
2026/08/17 13:25:33.310, 3, NVIDIA RTX PRO 6000 Blackwell Server Edition, 98, 58, 95829, 97887, 396.88, 600.00, 56, 2385, 12481, P0, 0
2026/08/17 13:25:33.310, 4, NVIDIA RTX PRO 6000 Blackwell Server Edition, 100, 13, 96827, 97887, 566.48, 600.00, 67, 2407, 12481, P0, 0
2026/08/17 13:25:33.310, 5, NVIDIA RTX PRO 6000 Blackwell Server Edition, 100, 13, 96745, 97887, 551.96, 600.00, 68, 2415, 12481, P0, 0
2026/08/17 13:25:33.311, 6, NVIDIA RTX PRO 6000 Blackwell Server Edition, 97, 62, 95813, 97887, 419.12, 600.00, 57, 2392, 12481, P0, 0
2026/08/17 13:25:33.312, 7, NVIDIA RTX PRO 6000 Blackwell Server Edition, 98, 63, 96857, 97887, 415.93, 600.00, 57, 2400, 12481, P0, 0
2026/08/17 13:25:38.312, 0, NVIDIA RTX PRO 6000 Blackwell Server Edition, 100, 22, 96745, 97887, 540.53, 600.00, 65, 2407, 12481, P0, 0
2026/08/17 13:25:38.313, 1, NVIDIA RTX PRO 6000 Blackwell Server Edition, 100, 28, 95743, 97887, 575.56, 600.00, 66, 2407, 12481, P0, 0
2026/08/17 13:25:38.313, 2, NVIDIA RTX PRO 6000 Blackwell Server Edition, 95, 55, 94401, 97887, 463.45, 600.00, 54, 2392, 12481, P0, 0
2026/08/17 13:25:38.314, 3, NVIDIA RTX PRO 6000 Blackwell Server Edition, 98, 58, 95829, 97887, 396.79, 600.00, 55, 2385, 12481, P0, 0
2026/08/17 13:25:38.314, 4, NVIDIA RTX PRO 6000 Blackwell Server Edition, 100, 15, 96827, 97887, 553.57, 600.00, 64, 2415, 12481, P0, 0
2026/08/17 13:25:38.315, 5, NVIDIA RTX PRO 6000 Blackwell Server Edition, 100, 0, 96745, 97887, 555.24, 600.00, 67, 2415, 12481, P0, 0
2026/08/17 13:25:38.315, 6, NVIDIA RTX PRO 6000 Blackwell Server Edition, 97, 62, 95813, 97887, 408.34, 600.00, 57, 2392, 12481, P0, 0
2026/08/17 13:25:38.316, 7, NVIDIA RTX PRO 6000 Blackwell Server Edition, 98, 63, 96857, 97887, 414.83, 600.00, 57, 2400, 12481, P0, 0
2026/08/17 13:25:43.316, 0, NVIDIA RTX PRO 6000 Blackwell Server Edition, 97, 64, 96745, 97887, 417.85, 600.00, 58, 2392, 12481, P0, 0
2026/08/17 13:25:43.317, 1, NVIDIA RTX PRO 6000 Blackwell Server Edition, 100, 33, 95743, 97887, 593.18, 600.00, 67, 2407, 12481, P0, 0
2026/08/17 13:25:43.317, 2, NVIDIA RTX PRO 6000 Blackwell Server Edition, 97, 56, 94401, 97887, 394.16, 600.00, 54, 2392, 12481, P0, 0
2026/08/17 13:25:43.318, 3, NVIDIA RTX PRO 6000 Blackwell Server Edition, 96, 61, 95829, 97887, 418.63, 600.00, 56, 2392, 12481, P0, 0
2026/08/17 13:25:43.318, 4, NVIDIA RTX PRO 6000 Blackwell Server Edition, 100, 21, 96827, 97887, 558.47, 600.00, 68, 2415, 12481, P0, 0
2026/08/17 13:25:43.319, 5, NVIDIA RTX PRO 6000 Blackwell Server Edition, 77, 27, 96745, 97887, 521.54, 600.00, 59, 2407, 12481, P0, 0
2026/08/17 13:25:43.319, 6, NVIDIA RTX PRO 6000 Blackwell Server Edition, 97, 62, 95813, 97887, 410.02, 600.00, 56, 2392, 12481, P0, 0
2026/08/17 13:25:43.320, 7, NVIDIA RTX PRO 6000 Blackwell Server Edition, 98, 63, 96857, 97887, 412.87, 600.00, 56, 2400, 12481, P0, 0
2026/08/17 13:25:48.321, 0, NVIDIA RTX PRO 6000 Blackwell Server Edition, 97, 64, 96745, 97887, 419.40, 600.00, 57, 2392, 12481, P0, 0
2026/08/17 13:25:48.321, 1, NVIDIA RTX PRO 6000 Blackwell Server Edition, 100, 28, 95743, 97887, 568.01, 600.00, 65, 2407, 12481, P0, 0
2026/08/17 13:25:48.322, 2, NVIDIA RTX PRO 6000 Blackwell Server Edition, 0, 0, 94401, 97887, 90.01, 600.00, 43, 2317, 12481, P0, 0
2026/08/17 13:25:48.322, 3, NVIDIA RTX PRO 6000 Blackwell Server Edition, 100, 34, 95829, 97887, 587.31, 600.00, 63, 2400, 12481, P0, 0
2026/08/17 13:25:48.322, 4, NVIDIA RTX PRO 6000 Blackwell Server Edition, 100, 15, 96827, 97887, 537.12, 600.00, 64, 2407, 12481, P0, 0
2026/08/17 13:25:48.323, 5, NVIDIA RTX PRO 6000 Blackwell Server Edition, 100, 28, 96745, 97887, 565.15, 600.00, 67, 2407, 12481, P0, 0
2026/08/17 13:25:48.323, 6, NVIDIA RTX PRO 6000 Blackwell Server Edition, 97, 60, 95813, 97887, 400.53, 600.00, 56, 2392, 12481, P0, 0
2026/08/17 13:25:48.324, 7, NVIDIA RTX PRO 6000 Blackwell Server Edition, 97, 63, 96857, 97887, 415.03, 600.00, 56, 2400, 12481, P0, 0
2026/08/17 13:25:53.325, 0, NVIDIA RTX PRO 6000 Blackwell Server Edition, 97, 58, 96745, 97887, 390.35, 600.00, 56, 2385, 12481, P0, 0
2026/08/17 13:25:53.325, 1, NVIDIA RTX PRO 6000 Blackwell Server Edition, 99, 47, 95743, 97887, 473.26, 600.00, 63, 2415, 12481, P0, 0
2026/08/17 13:25:53.326, 2, NVIDIA RTX PRO 6000 Blackwell Server Edition, 0, 0, 94401, 97887, 91.07, 600.00, 41, 2317, 12481, P0, 0
2026/08/17 13:25:53.326, 3, NVIDIA RTX PRO 6000 Blackwell Server Edition, 100, 29, 95829, 97887, 569.08, 600.00, 64, 2400, 12481, P0, 0
2026/08/17 13:25:53.326, 4, NVIDIA RTX PRO 6000 Blackwell Server Edition, 100, 20, 96827, 97887, 553.26, 600.00, 66, 2407, 12481, P0, 0
2026/08/17 13:25:53.327, 5, NVIDIA RTX PRO 6000 Blackwell Server Edition, 99, 32, 96745, 97887, 504.29, 600.00, 62, 2400, 12481, P0, 0
2026/08/17 13:25:53.327, 6, NVIDIA RTX PRO 6000 Blackwell Server Edition, 97, 60, 95813, 97887, 401.23, 600.00, 56, 2392, 12481, P0, 0
2026/08/17 13:25:53.328, 7, NVIDIA RTX PRO 6000 Blackwell Server Edition, 100, 38, 96857, 97887, 596.02, 600.00, 62, 2407, 12481, P0, 0
2026/08/17 13:25:58.329, 0, NVIDIA RTX PRO 6000 Blackwell Server Edition, 0, 0, 96745, 97887, 86.76, 600.00, 46, 2430, 12481, P0, 0
2026/08/17 13:25:58.329, 1, NVIDIA RTX PRO 6000 Blackwell Server Edition, 99, 53, 95743, 97887, 471.03, 600.00, 61, 2407, 12481, P0, 0
2026/08/17 13:25:58.330, 2, NVIDIA RTX PRO 6000 Blackwell Server Edition, 0, 0, 94401, 97887, 89.82, 600.00, 39, 2317, 12481, P0, 0
2026/08/17 13:25:58.330, 3, NVIDIA RTX PRO 6000 Blackwell Server Edition, 97, 63, 95829, 97887, 421.91, 600.00, 58, 2392, 12481, P0, 0
2026/08/17 13:25:58.331, 4, NVIDIA RTX PRO 6000 Blackwell Server Edition, 100, 13, 96827, 97887, 565.04, 600.00, 65, 2407, 12481, P0, 0
2026/08/17 13:25:58.331, 5, NVIDIA RTX PRO 6000 Blackwell Server Edition, 98, 67, 96745, 97887, 436.70, 600.00, 60, 2400, 12481, P0, 0
2026/08/17 13:25:58.332, 6, NVIDIA RTX PRO 6000 Blackwell Server Edition, 97, 61, 95813, 97887, 399.54, 600.00, 55, 2392, 12481, P0, 0
2026/08/17 13:25:58.332, 7, NVIDIA RTX PRO 6000 Blackwell Server Edition, 100, 38, 96857, 97887, 534.03, 600.00, 64, 2400, 12481, P0, 0
2026/08/17 13:26:03.333, 0, NVIDIA RTX PRO 6000 Blackwell Server Edition, 97, 59, 96745, 97887, 390.25, 600.00, 54, 2385, 12481, P0, 0
2026/08/17 13:26:03.334, 1, NVIDIA RTX PRO 6000 Blackwell Server Edition, 100, 35, 95743, 97887, 540.20, 600.00, 66, 2407, 12481, P0, 0
2026/08/17 13:26:03.334, 2, NVIDIA RTX PRO 6000 Blackwell Server Edition, 100, 36, 94401, 97887, 329.63, 600.00, 53, 2392, 12481, P0, 0
2026/08/17 13:26:03.335, 3, NVIDIA RTX PRO 6000 Blackwell Server Edition, 97, 57, 95829, 97887, 396.01, 600.00, 56, 2385, 12481, P0, 0
2026/08/17 13:26:03.336, 4, NVIDIA RTX PRO 6000 Blackwell Server Edition, 100, 19, 96827, 97887, 531.46, 600.00, 66, 2407, 12481, P0, 0
2026/08/17 13:26:03.336, 5, NVIDIA RTX PRO 6000 Blackwell Server Edition, 100, 17, 96745, 97887, 555.61, 600.00, 65, 2415, 12481, P0, 0
2026/08/17 13:26:03.337, 6, NVIDIA RTX PRO 6000 Blackwell Server Edition, 97, 63, 95813, 97887, 407.14, 600.00, 56, 2392, 12481, P0, 0
2026/08/17 13:26:03.337, 7, NVIDIA RTX PRO 6000 Blackwell Server Edition, 98, 28, 96857, 97887, 562.95, 600.00, 65, 2407, 12481, P0, 0
2026/08/17 13:26:08.338, 0, NVIDIA RTX PRO 6000 Blackwell Server Edition, 0, 0, 96745, 97887, 91.38, 600.00, 43, 2347, 12481, P0, 0
2026/08/17 13:26:08.338, 1, NVIDIA RTX PRO 6000 Blackwell Server Edition, 99, 46, 95743, 97887, 480.87, 600.00, 62, 2415, 12481, P0, 0
2026/08/17 13:26:08.339, 2, NVIDIA RTX PRO 6000 Blackwell Server Edition, 97, 58, 94401, 97887, 393.65, 600.00, 49, 2392, 12481, P0, 0
2026/08/17 13:26:08.339, 3, NVIDIA RTX PRO 6000 Blackwell Server Edition, 97, 57, 95829, 97887, 395.09, 600.00, 56, 2385, 12481, P0, 0
2026/08/17 13:26:08.340, 4, NVIDIA RTX PRO 6000 Blackwell Server Edition, 99, 53, 96827, 97887, 448.30, 600.00, 62, 2400, 12481, P0, 0
2026/08/17 13:26:08.341, 5, NVIDIA RTX PRO 6000 Blackwell Server Edition, 100, 19, 96745, 97887, 530.35, 600.00, 66, 2407, 12481, P0, 0
2026/08/17 13:26:08.341, 6, NVIDIA RTX PRO 6000 Blackwell Server Edition, 97, 60, 95813, 97887, 399.55, 600.00, 55, 2392, 12481, P0, 0
2026/08/17 13:26:08.342, 7, NVIDIA RTX PRO 6000 Blackwell Server Edition, 100, 31, 96857, 97887, 557.58, 600.00, 66, 2407, 12481, P0, 0
2026/08/17 13:26:13.342, 0, NVIDIA RTX PRO 6000 Blackwell Server Edition, 0, 0, 96745, 97887, 89.64, 600.00, 41, 2347, 12481, P0, 0
2026/08/17 13:26:13.342, 1, NVIDIA RTX PRO 6000 Blackwell Server Edition, 99, 51, 95743, 97887, 470.50, 600.00, 61, 2407, 12481, P0, 0
2026/08/17 13:26:13.343, 2, NVIDIA RTX PRO 6000 Blackwell Server Edition, 97, 58, 94401, 97887, 394.46, 600.00, 50, 2392, 12481, P0, 0
2026/08/17 13:26:13.344, 3, NVIDIA RTX PRO 6000 Blackwell Server Edition, 98, 64, 95829, 97887, 426.40, 600.00, 56, 2392, 12481, P0, 0
2026/08/17 13:26:13.344, 4, NVIDIA RTX PRO 6000 Blackwell Server Edition, 99, 53, 96827, 97887, 447.00, 600.00, 61, 2400, 12481, P0, 0
2026/08/17 13:26:13.345, 5, NVIDIA RTX PRO 6000 Blackwell Server Edition, 98, 68, 96745, 97887, 438.88, 600.00, 60, 2400, 12481, P0, 0
2026/08/17 13:26:13.345, 6, NVIDIA RTX PRO 6000 Blackwell Server Edition, 97, 60, 95813, 97887, 400.54, 600.00, 55, 2392, 12481, P0, 0
2026/08/17 13:26:13.346, 7, NVIDIA RTX PRO 6000 Blackwell Server Edition, 100, 18, 96857, 97887, 552.09, 600.00, 66, 2407, 12481, P0, 0
2026/08/17 13:26:18.347, 0, NVIDIA RTX PRO 6000 Blackwell Server Edition, 100, 26, 96745, 97887, 389.68, 600.00, 54, 2407, 12481, P0, 0
2026/08/17 13:26:18.347, 1, NVIDIA RTX PRO 6000 Blackwell Server Edition, 99, 51, 95743, 97887, 470.70, 600.00, 60, 2407, 12481, P0, 0
2026/08/17 13:26:18.348, 2, NVIDIA RTX PRO 6000 Blackwell Server Edition, 0, 0, 94401, 97887, 90.90, 600.00, 41, 2317, 12481, P0, 0
2026/08/17 13:26:18.348, 3, NVIDIA RTX PRO 6000 Blackwell Server Edition, 98, 64, 95829, 97887, 423.65, 600.00, 56, 2392, 12481, P0, 0
2026/08/17 13:26:18.349, 4, NVIDIA RTX PRO 6000 Blackwell Server Edition, 98, 67, 96827, 97887, 431.92, 600.00, 59, 2400, 12481, P0, 0
2026/08/17 13:26:18.349, 5, NVIDIA RTX PRO 6000 Blackwell Server Edition, 100, 30, 96745, 97887, 561.59, 600.00, 64, 2400, 12481, P0, 0
2026/08/17 13:26:18.350, 6, NVIDIA RTX PRO 6000 Blackwell Server Edition, 100, 33, 95813, 97887, 581.26, 600.00, 62, 2407, 12481, P0, 0
2026/08/17 13:26:18.350, 7, NVIDIA RTX PRO 6000 Blackwell Server Edition, 100, 27, 96857, 97887, 538.04, 600.00, 66, 2407, 12481, P0, 0
2026/08/17 13:26:23.351, 0, NVIDIA RTX PRO 6000 Blackwell Server Edition, 98, 59, 96745, 97887, 386.63, 600.00, 49, 2385, 12481, P0, 0
2026/08/17 13:26:23.352, 1, NVIDIA RTX PRO 6000 Blackwell Server Edition, 99, 51, 95743, 97887, 465.97, 600.00, 60, 2407, 12481, P0, 0
2026/08/17 13:26:23.352, 2, NVIDIA RTX PRO 6000 Blackwell Server Edition, 0, 0, 94401, 97887, 89.97, 600.00, 39, 2317, 12481, P0, 0
2026/08/17 13:26:23.352, 3, NVIDIA RTX PRO 6000 Blackwell Server Edition, 98, 64, 95829, 97887, 425.72, 600.00, 56, 2392, 12481, P0, 0
2026/08/17 13:26:23.353, 4, NVIDIA RTX PRO 6000 Blackwell Server Edition, 98, 65, 96827, 97887, 424.89, 600.00, 58, 2392, 12481, P0, 0
2026/08/17 13:26:23.354, 5, NVIDIA RTX PRO 6000 Blackwell Server Edition, 98, 68, 96745, 97887, 435.12, 600.00, 60, 2400, 12481, P0, 0
2026/08/17 13:26:23.354, 6, NVIDIA RTX PRO 6000 Blackwell Server Edition, 97, 62, 95813, 97887, 408.00, 600.00, 57, 2392, 12481, P0, 0
2026/08/17 13:26:23.355, 7, NVIDIA RTX PRO 6000 Blackwell Server Edition, 100, 32, 96857, 97887, 565.51, 600.00, 68, 2400, 12481, P0, 0
2026/08/17 13:26:28.356, 0, NVIDIA RTX PRO 6000 Blackwell Server Edition, 98, 63, 96745, 97887, 406.92, 600.00, 51, 2392, 12481, P0, 0
2026/08/17 13:26:28.357, 1, NVIDIA RTX PRO 6000 Blackwell Server Edition, 100, 26, 95743, 97887, 516.89, 600.00, 61, 2392, 12481, P0, 0
2026/08/17 13:26:28.357, 2, NVIDIA RTX PRO 6000 Blackwell Server Edition, 100, 24, 94401, 97887, 519.19, 600.00, 52, 2385, 12481, P0, 0
2026/08/17 13:26:28.358, 3, NVIDIA RTX PRO 6000 Blackwell Server Edition, 100, 28, 95829, 97887, 565.34, 600.00, 62, 2392, 12481, P0, 0
2026/08/17 13:26:28.358, 4, NVIDIA RTX PRO 6000 Blackwell Server Edition, 98, 65, 96827, 97887, 424.18, 600.00, 58, 2392, 12481, P0, 0
2026/08/17 13:26:28.359, 5, NVIDIA RTX PRO 6000 Blackwell Server Edition, 97, 63, 96745, 97887, 423.97, 600.00, 58, 2392, 12481, P0, 0
2026/08/17 13:26:28.359, 6, NVIDIA RTX PRO 6000 Blackwell Server Edition, 97, 62, 95813, 97887, 407.43, 600.00, 56, 2392, 12481, P0, 0
2026/08/17 13:26:28.360, 7, NVIDIA RTX PRO 6000 Blackwell Server Edition, 97, 39, 96857, 97887, 565.36, 600.00, 67, 2400, 12481, P0, 0
2026/08/17 13:26:33.361, 0, NVIDIA RTX PRO 6000 Blackwell Server Edition, 0, 0, 96745, 97887, 89.80, 600.00, 41, 2347, 12481, P0, 0
2026/08/17 13:26:33.361, 1, NVIDIA RTX PRO 6000 Blackwell Server Edition, 100, 23, 95743, 97887, 526.51, 600.00, 61, 2400, 12481, P0, 0
2026/08/17 13:26:33.363, 2, NVIDIA RTX PRO 6000 Blackwell Server Edition, 97, 58, 94401, 97887, 391.09, 600.00, 48, 2392, 12481, P0, 0
2026/08/17 13:26:33.363, 3, NVIDIA RTX PRO 6000 Blackwell Server Edition, 100, 35, 95829, 97887, 580.40, 600.00, 64, 2400, 12481, P0, 0
2026/08/17 13:26:33.364, 4, NVIDIA RTX PRO 6000 Blackwell Server Edition, 98, 65, 96827, 97887, 421.62, 600.00, 57, 2392, 12481, P0, 0
2026/08/17 13:26:33.364, 5, NVIDIA RTX PRO 6000 Blackwell Server Edition, 97, 63, 96745, 97887, 417.54, 600.00, 58, 2392, 12481, P0, 0
2026/08/17 13:26:33.365, 6, NVIDIA RTX PRO 6000 Blackwell Server Edition, 98, 61, 95813, 97887, 401.33, 600.00, 56, 2392, 12481, P0, 0
2026/08/17 13:26:33.365, 7, NVIDIA RTX PRO 6000 Blackwell Server Edition, 100, 27, 96857, 97887, 539.43, 600.00, 65, 2407, 12481, P0, 0
2026/08/17 13:26:38.366, 0, NVIDIA RTX PRO 6000 Blackwell Server Edition, 0, 0, 96745, 97887, 89.00, 600.00, 39, 2347, 12481, P0, 0
2026/08/17 13:26:38.366, 1, NVIDIA RTX PRO 6000 Blackwell Server Edition, 99, 48, 95743, 97887, 458.58, 600.00, 60, 2407, 12481, P0, 0
2026/08/17 13:26:38.367, 2, NVIDIA RTX PRO 6000 Blackwell Server Edition, 97, 62, 94401, 97887, 421.36, 600.00, 51, 2392, 12481, P0, 0
2026/08/17 13:26:38.367, 3, NVIDIA RTX PRO 6000 Blackwell Server Edition, 100, 34, 95829, 97887, 571.18, 600.00, 64, 2400, 12481, P0, 0
2026/08/17 13:26:38.368, 4, NVIDIA RTX PRO 6000 Blackwell Server Edition, 100, 32, 96827, 97887, 576.82, 600.00, 65, 2407, 12481, P0, 0
2026/08/17 13:26:38.369, 5, NVIDIA RTX PRO 6000 Blackwell Server Edition, 97, 63, 96745, 97887, 470.05, 600.00, 57, 2392, 12481, P0, 0
2026/08/17 13:26:38.369, 6, NVIDIA RTX PRO 6000 Blackwell Server Edition, 97, 61, 95813, 97887, 402.61, 600.00, 55, 2392, 12481, P0, 0
2026/08/17 13:26:38.370, 7, NVIDIA RTX PRO 6000 Blackwell Server Edition, 100, 16, 96857, 97887, 552.49, 600.00, 66, 2415, 12481, P0, 0
2026/08/17 13:26:43.370, 0, NVIDIA RTX PRO 6000 Blackwell Server Edition, 0, 0, 96745, 97887, 88.07, 600.00, 38, 2347, 12481, P0, 0
2026/08/17 13:26:43.371, 1, NVIDIA RTX PRO 6000 Blackwell Server Edition, 99, 47, 95743, 97887, 461.45, 600.00, 59, 2407, 12481, P0, 0
2026/08/17 13:26:43.371, 2, NVIDIA RTX PRO 6000 Blackwell Server Edition, 87, 52, 94401, 97887, 403.60, 600.00, 48, 2392, 12481, P0, 0
2026/08/17 13:26:43.371, 3, NVIDIA RTX PRO 6000 Blackwell Server Edition, 100, 28, 95829, 97887, 574.27, 600.00, 65, 2400, 12481, P0, 0
2026/08/17 13:26:43.372, 4, NVIDIA RTX PRO 6000 Blackwell Server Edition, 98, 63, 96827, 97887, 417.27, 600.00, 58, 2392, 12481, P0, 0
2026/08/17 13:26:43.372, 5, NVIDIA RTX PRO 6000 Blackwell Server Edition, 97, 64, 96745, 97887, 410.49, 600.00, 57, 2392, 12481, P0, 0
2026/08/17 13:26:43.373, 6, NVIDIA RTX PRO 6000 Blackwell Server Edition, 100, 37, 95813, 97887, 551.01, 600.00, 61, 2400, 12481, P0, 0
2026/08/17 13:26:43.373, 7, NVIDIA RTX PRO 6000 Blackwell Server Edition, 100, 8, 96857, 97887, 548.89, 600.00, 67, 2407, 12481, P0, 0
2026/08/17 13:26:48.374, 0, NVIDIA RTX PRO 6000 Blackwell Server Edition, 100, 28, 96745, 97887, 541.23, 600.00, 54, 2415, 12481, P0, 0
2026/08/17 13:26:48.376, 1, NVIDIA RTX PRO 6000 Blackwell Server Edition, 100, 33, 95743, 97887, 586.86, 600.00, 64, 2407, 12481, P0, 0
2026/08/17 13:26:48.376, 2, NVIDIA RTX PRO 6000 Blackwell Server Edition, 100, 35, 94401, 97887, 590.58, 600.00, 57, 2400, 12481, P0, 0
2026/08/17 13:26:48.377, 3, NVIDIA RTX PRO 6000 Blackwell Server Edition, 100, 23, 95829, 97887, 568.59, 600.00, 65, 2407, 12481, P0, 0
2026/08/17 13:26:48.377, 4, NVIDIA RTX PRO 6000 Blackwell Server Edition, 98, 62, 96827, 97887, 413.46, 600.00, 57, 2392, 12481, P0, 0
2026/08/17 13:26:48.378, 5, NVIDIA RTX PRO 6000 Blackwell Server Edition, 97, 59, 96745, 97887, 404.70, 600.00, 56, 2385, 12481, P0, 0
2026/08/17 13:26:48.378, 6, NVIDIA RTX PRO 6000 Blackwell Server Edition, 100, 29, 95813, 97887, 574.60, 600.00, 64, 2407, 12481, P0, 0
2026/08/17 13:26:48.379, 7, NVIDIA RTX PRO 6000 Blackwell Server Edition, 100, 23, 96857, 97887, 531.10, 600.00, 67, 2400, 12481, P0, 0
2026/08/17 13:26:53.379, 0, NVIDIA RTX PRO 6000 Blackwell Server Edition, 97, 59, 96745, 97887, 381.91, 600.00, 49, 2385, 12481, P0, 0
2026/08/17 13:26:53.380, 1, NVIDIA RTX PRO 6000 Blackwell Server Edition, 99, 55, 95743, 97887, 495.70, 600.00, 60, 2407, 12481, P0, 0
2026/08/17 13:26:53.381, 2, NVIDIA RTX PRO 6000 Blackwell Server Edition, 100, 29, 94401, 97887, 571.01, 600.00, 60, 2400, 12481, P0, 0
2026/08/17 13:26:53.381, 3, NVIDIA RTX PRO 6000 Blackwell Server Edition, 100, 15, 95829, 97887, 568.37, 600.00, 66, 2407, 12481, P0, 0
2026/08/17 13:26:53.381, 4, NVIDIA RTX PRO 6000 Blackwell Server Edition, 100, 38, 96827, 97887, 508.00, 600.00, 61, 2407, 12481, P0, 0
2026/08/17 13:26:53.382, 5, NVIDIA RTX PRO 6000 Blackwell Server Edition, 98, 59, 96745, 97887, 392.06, 600.00, 55, 2385, 12481, P0, 0
2026/08/17 13:26:53.383, 6, NVIDIA RTX PRO 6000 Blackwell Server Edition, 100, 20, 95813, 97887, 555.43, 600.00, 65, 2407, 12481, P0, 0
2026/08/17 13:26:53.384, 7, NVIDIA RTX PRO 6000 Blackwell Server Edition, 98, 66, 96857, 97887, 432.02, 600.00, 60, 2400, 12481, P0, 0
2026/08/17 13:26:58.385, 0, NVIDIA RTX PRO 6000 Blackwell Server Edition, 100, 38, 96745, 97887, 589.55, 600.00, 57, 2407, 12481, P0, 0
2026/08/17 13:26:58.385, 1, NVIDIA RTX PRO 6000 Blackwell Server Edition, 99, 55, 95743, 97887, 457.75, 600.00, 59, 2407, 12481, P0, 0
2026/08/17 13:26:58.386, 2, NVIDIA RTX PRO 6000 Blackwell Server Edition, 97, 57, 94401, 97887, 398.29, 600.00, 54, 2392, 12481, P0, 0
2026/08/17 13:26:58.386, 3, NVIDIA RTX PRO 6000 Blackwell Server Edition, 100, 30, 95829, 97887, 570.11, 600.00, 67, 2407, 12481, P0, 0
2026/08/17 13:26:58.387, 4, NVIDIA RTX PRO 6000 Blackwell Server Edition, 100, 29, 96827, 97887, 564.05, 600.00, 65, 2407, 12481, P0, 0
2026/08/17 13:26:58.387, 5, NVIDIA RTX PRO 6000 Blackwell Server Edition, 100, 31, 96745, 97887, 585.34, 600.00, 64, 2407, 12481, P0, 0
2026/08/17 13:26:58.387, 6, NVIDIA RTX PRO 6000 Blackwell Server Edition, 100, 32, 95813, 97887, 550.19, 600.00, 64, 2415, 12481, P0, 0
2026/08/17 13:26:58.388, 7, NVIDIA RTX PRO 6000 Blackwell Server Edition, 97, 63, 96857, 97887, 416.14, 600.00, 59, 2400, 12481, P0, 0
2026/08/17 13:27:03.389, 0, NVIDIA RTX PRO 6000 Blackwell Server Edition, 100, 22, 96745, 97887, 490.11, 600.00, 58, 2400, 12481, P0, 0
2026/08/17 13:27:03.389, 1, NVIDIA RTX PRO 6000 Blackwell Server Edition, 99, 52, 95743, 97887, 446.82, 600.00, 59, 2407, 12481, P0, 0
2026/08/17 13:27:03.390, 2, NVIDIA RTX PRO 6000 Blackwell Server Edition, 97, 58, 94401, 97887, 397.18, 600.00, 54, 2392, 12481, P0, 0
2026/08/17 13:27:03.391, 3, NVIDIA RTX PRO 6000 Blackwell Server Edition, 100, 29, 95829, 97887, 566.84, 600.00, 67, 2415, 12481, P0, 0
2026/08/17 13:27:03.391, 4, NVIDIA RTX PRO 6000 Blackwell Server Edition, 100, 37, 96827, 97887, 558.45, 600.00, 66, 2407, 12481, P0, 0
2026/08/17 13:27:03.391, 5, NVIDIA RTX PRO 6000 Blackwell Server Edition, 100, 26, 96745, 97887, 569.53, 600.00, 66, 2415, 12481, P0, 0
2026/08/17 13:27:03.392, 6, NVIDIA RTX PRO 6000 Blackwell Server Edition, 100, 27, 95813, 97887, 550.65, 600.00, 66, 2415, 12481, P0, 0
2026/08/17 13:27:03.392, 7, NVIDIA RTX PRO 6000 Blackwell Server Edition, 100, 38, 96857, 97887, 579.04, 600.00, 65, 2407, 12481, P0, 0
2026/08/17 13:27:08.393, 0, NVIDIA RTX PRO 6000 Blackwell Server Edition, 98, 59, 96745, 97887, 391.33, 600.00, 53, 2392, 12481, P0, 0
2026/08/17 13:27:08.394, 1, NVIDIA RTX PRO 6000 Blackwell Server Edition, 100, 40, 95743, 97887, 578.88, 600.00, 62, 2407, 12481, P0, 0
2026/08/17 13:27:08.395, 2, NVIDIA RTX PRO 6000 Blackwell Server Edition, 97, 58, 94401, 97887, 398.46, 600.00, 53, 2392, 12481, P0, 0
2026/08/17 13:27:08.396, 3, NVIDIA RTX PRO 6000 Blackwell Server Edition, 100, 38, 95829, 97887, 572.38, 600.00, 67, 2415, 12481, P0, 0
2026/08/17 13:27:08.396, 4, NVIDIA RTX PRO 6000 Blackwell Server Edition, 100, 18, 96827, 97887, 562.10, 600.00, 66, 2415, 12481, P0, 0
2026/08/17 13:27:08.397, 5, NVIDIA RTX PRO 6000 Blackwell Server Edition, 98, 20, 96745, 97887, 572.31, 600.00, 64, 2415, 12481, P0, 0
2026/08/17 13:27:08.397, 6, NVIDIA RTX PRO 6000 Blackwell Server Edition, 100, 27, 95813, 97887, 539.92, 600.00, 67, 2415, 12481, P0, 0
2026/08/17 13:27:08.397, 7, NVIDIA RTX PRO 6000 Blackwell Server Edition, 100, 26, 96857, 97887, 539.19, 600.00, 61, 2400, 12481, P0, 0
2026/08/17 13:27:13.398, 0, NVIDIA RTX PRO 6000 Blackwell Server Edition, 98, 59, 96745, 97887, 388.73, 600.00, 53, 2385, 12481, P0, 0
2026/08/17 13:27:13.399, 1, NVIDIA RTX PRO 6000 Blackwell Server Edition, 100, 36, 95743, 97887, 606.14, 600.00, 64, 2407, 12481, P0, 0
2026/08/17 13:27:13.399, 2, NVIDIA RTX PRO 6000 Blackwell Server Edition, 100, 29, 94401, 97887, 577.25, 600.00, 60, 2407, 12481, P0, 0
2026/08/17 13:27:13.400, 3, NVIDIA RTX PRO 6000 Blackwell Server Edition, 100, 26, 95829, 97887, 569.67, 600.00, 67, 2415, 12481, P0, 0
2026/08/17 13:27:13.400, 4, NVIDIA RTX PRO 6000 Blackwell Server Edition, 100, 32, 96827, 97887, 566.47, 600.00, 67, 2407, 12481, P0, 0
2026/08/17 13:27:13.400, 5, NVIDIA RTX PRO 6000 Blackwell Server Edition, 98, 15, 96745, 97887, 566.63, 600.00, 61, 2415, 12481, P0, 0
2026/08/17 13:27:13.401, 6, NVIDIA RTX PRO 6000 Blackwell Server Edition, 100, 32, 95813, 97887, 557.16, 600.00, 66, 2415, 12481, P0, 0
2026/08/17 13:27:13.401, 7, NVIDIA RTX PRO 6000 Blackwell Server Edition, 97, 63, 96857, 97887, 419.04, 600.00, 58, 2400, 12481, P0, 0
2026/08/17 13:27:18.402, 0, NVIDIA RTX PRO 6000 Blackwell Server Edition, 0, 0, 96745, 97887, 117.87, 600.00, 45, 2422, 12481, P0, 0
2026/08/17 13:27:18.403, 1, NVIDIA RTX PRO 6000 Blackwell Server Edition, 99, 53, 95743, 97887, 447.17, 600.00, 59, 2407, 12481, P0, 0
2026/08/17 13:27:18.403, 2, NVIDIA RTX PRO 6000 Blackwell Server Edition, 100, 27, 94401, 97887, 583.86, 600.00, 63, 2407, 12481, P0, 0
2026/08/17 13:27:18.404, 3, NVIDIA RTX PRO 6000 Blackwell Server Edition, 100, 1, 95829, 97887, 559.57, 600.00, 67, 2415, 12481, P0, 0
2026/08/17 13:27:18.404, 4, NVIDIA RTX PRO 6000 Blackwell Server Edition, 100, 32, 96827, 97887, 575.06, 600.00, 68, 2407, 12481, P0, 0
2026/08/17 13:27:18.404, 5, NVIDIA RTX PRO 6000 Blackwell Server Edition, 100, 21, 96745, 97887, 558.87, 600.00, 66, 2415, 12481, P0, 0
2026/08/17 13:27:18.405, 6, NVIDIA RTX PRO 6000 Blackwell Server Edition, 100, 30, 95813, 97887, 583.74, 600.00, 67, 2407, 12481, P0, 0
2026/08/17 13:27:18.405, 7, NVIDIA RTX PRO 6000 Blackwell Server Edition, 98, 64, 96857, 97887, 416.93, 600.00, 58, 2400, 12481, P0, 0
2026/08/17 13:27:23.406, 0, NVIDIA RTX PRO 6000 Blackwell Server Edition, 0, 0, 96745, 97887, 90.21, 600.00, 41, 2347, 12481, P0, 0
2026/08/17 13:27:23.406, 1, NVIDIA RTX PRO 6000 Blackwell Server Edition, 99, 51, 95743, 97887, 446.59, 600.00, 59, 2407, 12481, P0, 0
2026/08/17 13:27:23.407, 2, NVIDIA RTX PRO 6000 Blackwell Server Edition, 100, 23, 94401, 97887, 533.39, 600.00, 63, 2400, 12481, P0, 0
2026/08/17 13:27:23.407, 3, NVIDIA RTX PRO 6000 Blackwell Server Edition, 100, 1, 95829, 97887, 561.32, 600.00, 67, 2415, 12481, P0, 0
2026/08/17 13:27:23.408, 4, NVIDIA RTX PRO 6000 Blackwell Server Edition, 100, 27, 96827, 97887, 573.95, 600.00, 68, 2407, 12481, P0, 0
2026/08/17 13:27:23.408, 5, NVIDIA RTX PRO 6000 Blackwell Server Edition, 97, 63, 96745, 97887, 428.99, 600.00, 60, 2392, 12481, P0, 0
2026/08/17 13:27:23.409, 6, NVIDIA RTX PRO 6000 Blackwell Server Edition, 100, 25, 95813, 97887, 575.25, 600.00, 67, 2407, 12481, P0, 0
2026/08/17 13:27:23.410, 7, NVIDIA RTX PRO 6000 Blackwell Server Edition, 63, 14, 96857, 97887, 367.57, 600.00, 60, 2407, 12481, P0, 0
2026/08/17 13:27:28.411, 0, NVIDIA RTX PRO 6000 Blackwell Server Edition, 98, 60, 96745, 97887, 389.00, 600.00, 51, 2385, 12481, P0, 0
2026/08/17 13:27:28.411, 1, NVIDIA RTX PRO 6000 Blackwell Server Edition, 99, 49, 95743, 97887, 440.52, 600.00, 58, 2407, 12481, P0, 0
2026/08/17 13:27:28.412, 2, NVIDIA RTX PRO 6000 Blackwell Server Edition, 97, 58, 94401, 97887, 403.58, 600.00, 57, 2392, 12481, P0, 0
2026/08/17 13:27:28.412, 3, NVIDIA RTX PRO 6000 Blackwell Server Edition, 100, 1, 95829, 97887, 545.09, 600.00, 67, 2415, 12481, P0, 0
2026/08/17 13:27:28.414, 4, NVIDIA RTX PRO 6000 Blackwell Server Edition, 100, 35, 96827, 97887, 577.74, 600.00, 67, 2407, 12481, P0, 0
2026/08/17 13:27:28.414, 5, NVIDIA RTX PRO 6000 Blackwell Server Edition, 96, 57, 96745, 97887, 414.32, 600.00, 58, 2392, 12481, P0, 0
2026/08/17 13:27:28.418, 6, NVIDIA RTX PRO 6000 Blackwell Server Edition, 100, 26, 95813, 97887, 528.27, 600.00, 68, 2407, 12481, P0, 0
2026/08/17 13:27:28.419, 7, NVIDIA RTX PRO 6000 Blackwell Server Edition, 97, 63, 96857, 97887, 415.47, 600.00, 57, 2400, 12481, P0, 0
2026/08/17 13:27:33.420, 0, NVIDIA RTX PRO 6000 Blackwell Server Edition, 94, 38, 96745, 97887, 403.45, 600.00, 50, 2392, 12481, P0, 0
2026/08/17 13:27:33.422, 1, NVIDIA RTX PRO 6000 Blackwell Server Edition, 100, 21, 95743, 97887, 579.45, 600.00, 64, 2415, 12481, P0, 0
2026/08/17 13:27:33.424, 2, NVIDIA RTX PRO 6000 Blackwell Server Edition, 98, 58, 94401, 97887, 401.87, 600.00, 56, 2392, 12481, P0, 0
2026/08/17 13:27:33.425, 3, NVIDIA RTX PRO 6000 Blackwell Server Edition, 100, 23, 95829, 97887, 575.58, 600.00, 66, 2407, 12481, P0, 0
2026/08/17 13:27:33.428, 4, NVIDIA RTX PRO 6000 Blackwell Server Edition, 100, 32, 96827, 97887, 553.07, 600.00, 67, 2407, 12481, P0, 0
2026/08/17 13:27:33.429, 5, NVIDIA RTX PRO 6000 Blackwell Server Edition, 96, 57, 96745, 97887, 387.89, 600.00, 57, 2392, 12481, P0, 0
2026/08/17 13:27:33.431, 6, NVIDIA RTX PRO 6000 Blackwell Server Edition, 100, 30, 95813, 97887, 553.70, 600.00, 67, 2407, 12481, P0, 0
2026/08/17 13:27:33.433, 7, NVIDIA RTX PRO 6000 Blackwell Server Edition, 97, 63, 96857, 97887, 417.80, 600.00, 57, 2400, 12481, P0, 0
2026/08/17 13:27:38.436, 0, NVIDIA RTX PRO 6000 Blackwell Server Edition, 97, 63, 96745, 97887, 411.17, 600.00, 53, 2392, 12481, P0, 0
2026/08/17 13:27:38.437, 1, NVIDIA RTX PRO 6000 Blackwell Server Edition, 100, 29, 95743, 97887, 558.00, 600.00, 62, 2415, 12481, P0, 0
2026/08/17 13:27:38.437, 2, NVIDIA RTX PRO 6000 Blackwell Server Edition, 97, 58, 94401, 97887, 397.27, 600.00, 55, 2392, 12481, P0, 0
2026/08/17 13:27:38.438, 3, NVIDIA RTX PRO 6000 Blackwell Server Edition, 100, 29, 95829, 97887, 584.71, 600.00, 67, 2407, 12481, P0, 0
2026/08/17 13:27:38.439, 4, NVIDIA RTX PRO 6000 Blackwell Server Edition, 100, 29, 96827, 97887, 566.23, 600.00, 67, 2415, 12481, P0, 0
2026/08/17 13:27:38.439, 5, NVIDIA RTX PRO 6000 Blackwell Server Edition, 0, 0, 96745, 97887, 87.02, 600.00, 47, 2422, 12481, P0, 0
2026/08/17 13:27:38.439, 6, NVIDIA RTX PRO 6000 Blackwell Server Edition, 100, 17, 95813, 97887, 554.56, 600.00, 67, 2415, 12481, P0, 0
2026/08/17 13:27:38.440, 7, NVIDIA RTX PRO 6000 Blackwell Server Edition, 98, 63, 96857, 97887, 415.64, 600.00, 56, 2400, 12481, P0, 0
2026/08/17 13:27:43.441, 0, NVIDIA RTX PRO 6000 Blackwell Server Edition, 97, 60, 96745, 97887, 399.14, 600.00, 52, 2385, 12481, P0, 0
2026/08/17 13:27:43.441, 1, NVIDIA RTX PRO 6000 Blackwell Server Edition, 100, 39, 95743, 97887, 565.60, 600.00, 64, 2407, 12481, P0, 0
2026/08/17 13:27:43.443, 2, NVIDIA RTX PRO 6000 Blackwell Server Edition, 100, 37, 94401, 97887, 586.82, 600.00, 61, 2400, 12481, P0, 0
2026/08/17 13:27:43.443, 3, NVIDIA RTX PRO 6000 Blackwell Server Edition, 99, 53, 95829, 97887, 463.78, 600.00, 62, 2400, 12481, P0, 0
2026/08/17 13:27:43.444, 4, NVIDIA RTX PRO 6000 Blackwell Server Edition, 100, 26, 96827, 97887, 569.97, 600.00, 68, 2407, 12481, P0, 0
2026/08/17 13:27:43.444, 5, NVIDIA RTX PRO 6000 Blackwell Server Edition, 0, 0, 96745, 97887, 93.41, 600.00, 44, 2422, 12481, P0, 0
2026/08/17 13:27:43.444, 6, NVIDIA RTX PRO 6000 Blackwell Server Edition, 99, 55, 95813, 97887, 506.68, 600.00, 63, 2392, 12481, P0, 0
2026/08/17 13:27:43.445, 7, NVIDIA RTX PRO 6000 Blackwell Server Edition, 98, 63, 96857, 97887, 414.93, 600.00, 56, 2400, 12481, P0, 0
2026/08/17 13:27:48.446, 0, NVIDIA RTX PRO 6000 Blackwell Server Edition, 0, 0, 96745, 97887, 91.97, 600.00, 43, 2347, 12481, P0, 0
2026/08/17 13:27:48.447, 1, NVIDIA RTX PRO 6000 Blackwell Server Edition, 99, 31, 95743, 97887, 553.44, 600.00, 64, 2385, 12481, P0, 0
2026/08/17 13:27:48.447, 2, NVIDIA RTX PRO 6000 Blackwell Server Edition, 100, 27, 94401, 97887, 531.91, 600.00, 63, 2400, 12481, P0, 0
2026/08/17 13:27:48.448, 3, NVIDIA RTX PRO 6000 Blackwell Server Edition, 100, 14, 95829, 97887, 440.84, 600.00, 65, 2407, 12481, P0, 0
2026/08/17 13:27:48.448, 4, NVIDIA RTX PRO 6000 Blackwell Server Edition, 99, 52, 96827, 97887, 446.56, 600.00, 62, 2400, 12481, P0, 0
2026/08/17 13:27:48.449, 5, NVIDIA RTX PRO 6000 Blackwell Server Edition, 0, 0, 96745, 97887, 91.57, 600.00, 41, 2370, 12481, P0, 0
2026/08/17 13:27:48.449, 6, NVIDIA RTX PRO 6000 Blackwell Server Edition, 99, 52, 95813, 97887, 442.41, 600.00, 61, 2400, 12481, P0, 0
2026/08/17 13:27:48.450, 7, NVIDIA RTX PRO 6000 Blackwell Server Edition, 97, 63, 96857, 97887, 414.74, 600.00, 56, 2400, 12481, P0, 0
2026/08/17 13:27:53.451, 0, NVIDIA RTX PRO 6000 Blackwell Server Edition, 0, 0, 96745, 97887, 89.26, 600.00, 40, 2347, 12481, P0, 0
2026/08/17 13:27:53.451, 1, NVIDIA RTX PRO 6000 Blackwell Server Edition, 99, 54, 95743, 97887, 447.81, 600.00, 60, 2407, 12481, P0, 0
2026/08/17 13:27:53.452, 2, NVIDIA RTX PRO 6000 Blackwell Server Edition, 100, 26, 94401, 97887, 582.28, 600.00, 63, 2400, 12481, P0, 0
2026/08/17 13:27:53.452, 3, NVIDIA RTX PRO 6000 Blackwell Server Edition, 98, 68, 95829, 97887, 448.41, 600.00, 60, 2392, 12481, P0, 0
2026/08/17 13:27:53.453, 4, NVIDIA RTX PRO 6000 Blackwell Server Edition, 99, 52, 96827, 97887, 445.29, 600.00, 61, 2400, 12481, P0, 0
2026/08/17 13:27:53.453, 5, NVIDIA RTX PRO 6000 Blackwell Server Edition, 0, 0, 96745, 97887, 120.58, 600.00, 42, 2370, 12481, P0, 0
2026/08/17 13:27:53.454, 6, NVIDIA RTX PRO 6000 Blackwell Server Edition, 100, 24, 95813, 97887, 566.35, 600.00, 63, 2407, 12481, P0, 0
2026/08/17 13:27:53.454, 7, NVIDIA RTX PRO 6000 Blackwell Server Edition, 97, 64, 96857, 97887, 413.83, 600.00, 56, 2392, 12481, P0, 0
2026/08/17 13:27:58.455, 0, NVIDIA RTX PRO 6000 Blackwell Server Edition, 0, 0, 96745, 97887, 247.97, 600.00, 41, 2355, 12481, P0, 0
2026/08/17 13:27:58.456, 1, NVIDIA RTX PRO 6000 Blackwell Server Edition, 100, 29, 95743, 97887, 520.65, 600.00, 62, 2400, 12481, P0, 0
2026/08/17 13:27:58.457, 2, NVIDIA RTX PRO 6000 Blackwell Server Edition, 100, 17, 94401, 97887, 573.62, 600.00, 65, 2400, 12481, P0, 0
2026/08/17 13:27:58.459, 3, NVIDIA RTX PRO 6000 Blackwell Server Edition, 98, 63, 95829, 97887, 421.47, 600.00, 58, 2385, 12481, P0, 0
2026/08/17 13:27:58.462, 4, NVIDIA RTX PRO 6000 Blackwell Server Edition, 99, 52, 96827, 97887, 441.98, 600.00, 60, 2400, 12481, P0, 0
2026/08/17 13:27:58.463, 5, NVIDIA RTX PRO 6000 Blackwell Server Edition, 0, 0, 96745, 97887, 91.08, 600.00, 40, 2370, 12481, P0, 0
2026/08/17 13:27:58.466, 6, NVIDIA RTX PRO 6000 Blackwell Server Edition, 99, 51, 95813, 97887, 440.96, 600.00, 61, 2400, 12481, P0, 0
2026/08/17 13:27:58.468, 7, NVIDIA RTX PRO 6000 Blackwell Server Edition, 98, 64, 96857, 97887, 417.46, 600.00, 56, 2392, 12481, P0, 0
2026/08/17 13:28:03.469, 0, NVIDIA RTX PRO 6000 Blackwell Server Edition, 0, 0, 96745, 97887, 88.95, 600.00, 39, 2347, 12481, P0, 0
2026/08/17 13:28:03.470, 1, NVIDIA RTX PRO 6000 Blackwell Server Edition, 99, 53, 95743, 97887, 458.89, 600.00, 59, 2407, 12481, P0, 0
2026/08/17 13:28:03.470, 2, NVIDIA RTX PRO 6000 Blackwell Server Edition, 98, 65, 94401, 97887, 436.78, 600.00, 59, 2392, 12481, P0, 0
2026/08/17 13:28:03.471, 3, NVIDIA RTX PRO 6000 Blackwell Server Edition, 97, 58, 95829, 97887, 398.52, 600.00, 57, 2385, 12481, P0, 0
2026/08/17 13:28:03.471, 4, NVIDIA RTX PRO 6000 Blackwell Server Edition, 99, 52, 96827, 97887, 447.15, 600.00, 60, 2400, 12481, P0, 0
2026/08/17 13:28:03.472, 5, NVIDIA RTX PRO 6000 Blackwell Server Edition, 0, 0, 96745, 97887, 89.68, 600.00, 38, 2370, 12481, P0, 0
2026/08/17 13:28:03.472, 6, NVIDIA RTX PRO 6000 Blackwell Server Edition, 99, 51, 95813, 97887, 439.86, 600.00, 60, 2400, 12481, P0, 0
2026/08/17 13:28:03.473, 7, NVIDIA RTX PRO 6000 Blackwell Server Edition, 97, 63, 96857, 97887, 413.88, 600.00, 56, 2392, 12481, P0, 0
2026/08/17 13:28:08.474, 0, NVIDIA RTX PRO 6000 Blackwell Server Edition, 0, 0, 96745, 97887, 87.49, 600.00, 37, 2347, 12481, P0, 0
2026/08/17 13:28:08.474, 1, NVIDIA RTX PRO 6000 Blackwell Server Edition, 99, 53, 95743, 97887, 449.35, 600.00, 59, 2407, 12481, P0, 0
2026/08/17 13:28:08.475, 2, NVIDIA RTX PRO 6000 Blackwell Server Edition, 98, 58, 94401, 97887, 403.53, 600.00, 58, 2392, 12481, P0, 0
2026/08/17 13:28:08.475, 3, NVIDIA RTX PRO 6000 Blackwell Server Edition, 100, 29, 95829, 97887, 563.83, 600.00, 64, 2400, 12481, P0, 0
2026/08/17 13:28:08.476, 4, NVIDIA RTX PRO 6000 Blackwell Server Edition, 100, 24, 96827, 97887, 445.71, 600.00, 63, 2392, 12481, P0, 0
2026/08/17 13:28:08.476, 5, NVIDIA RTX PRO 6000 Blackwell Server Edition, 0, 0, 96745, 97887, 89.68, 600.00, 37, 2370, 12481, P0, 0
2026/08/17 13:28:08.476, 6, NVIDIA RTX PRO 6000 Blackwell Server Edition, 98, 64, 95813, 97887, 428.90, 600.00, 58, 2392, 12481, P0, 0
2026/08/17 13:28:08.477, 7, NVIDIA RTX PRO 6000 Blackwell Server Edition, 97, 56, 96857, 97887, 382.61, 600.00, 55, 2392, 12481, P0, 0
2026/08/17 13:28:13.478, 0, NVIDIA RTX PRO 6000 Blackwell Server Edition, 0, 0, 96745, 97887, 87.54, 600.00, 36, 2347, 12481, P0, 0
2026/08/17 13:28:13.478, 1, NVIDIA RTX PRO 6000 Blackwell Server Edition, 99, 51, 95743, 97887, 445.96, 600.00, 58, 2407, 12481, P0, 0
2026/08/17 13:28:13.479, 2, NVIDIA RTX PRO 6000 Blackwell Server Edition, 97, 58, 94401, 97887, 403.57, 600.00, 57, 2385, 12481, P0, 0
2026/08/17 13:28:13.479, 3, NVIDIA RTX PRO 6000 Blackwell Server Edition, 100, 25, 95829, 97887, 579.67, 600.00, 66, 2400, 12481, P0, 0
2026/08/17 13:28:13.480, 4, NVIDIA RTX PRO 6000 Blackwell Server Edition, 100, 19, 96827, 97887, 503.02, 600.00, 65, 2407, 12481, P0, 0
2026/08/17 13:28:13.480, 5, NVIDIA RTX PRO 6000 Blackwell Server Edition, 100, 25, 96745, 97887, 529.98, 600.00, 55, 2400, 12481, P0, 0
2026/08/17 13:28:13.481, 6, NVIDIA RTX PRO 6000 Blackwell Server Edition, 100, 20, 95813, 97887, 457.55, 600.00, 62, 2392, 12481, P0, 0
2026/08/17 13:28:13.481, 7, NVIDIA RTX PRO 6000 Blackwell Server Edition, 96, 56, 96857, 97887, 379.54, 600.00, 54, 2392, 12481, P0, 0
2026/08/17 13:28:18.482, 0, NVIDIA RTX PRO 6000 Blackwell Server Edition, 0, 0, 96745, 97887, 86.56, 600.00, 35, 2347, 12481, P0, 0
2026/08/17 13:28:18.482, 1, NVIDIA RTX PRO 6000 Blackwell Server Edition, 99, 52, 95743, 97887, 448.40, 600.00, 58, 2407, 12481, P0, 0
2026/08/17 13:28:18.483, 2, NVIDIA RTX PRO 6000 Blackwell Server Edition, 97, 59, 94401, 97887, 400.82, 600.00, 56, 2385, 12481, P0, 0
2026/08/17 13:28:18.484, 3, NVIDIA RTX PRO 6000 Blackwell Server Edition, 100, 38, 95829, 97887, 588.04, 600.00, 64, 2400, 12481, P0, 0
2026/08/17 13:28:18.484, 4, NVIDIA RTX PRO 6000 Blackwell Server Edition, 99, 55, 96827, 97887, 449.69, 600.00, 60, 2400, 12481, P0, 0
2026/08/17 13:28:18.487, 5, NVIDIA RTX PRO 6000 Blackwell Server Edition, 97, 59, 96745, 97887, 384.11, 600.00, 50, 2385, 12481, P0, 0
2026/08/17 13:28:18.487, 6, NVIDIA RTX PRO 6000 Blackwell Server Edition, 100, 15, 95813, 97887, 543.07, 600.00, 65, 2415, 12481, P0, 0
2026/08/17 13:28:18.488, 7, NVIDIA RTX PRO 6000 Blackwell Server Edition, 100, 37, 96857, 97887, 540.01, 600.00, 61, 2385, 12481, P0, 0
2026/08/17 13:28:23.488, 0, NVIDIA RTX PRO 6000 Blackwell Server Edition, 0, 0, 96745, 97887, 86.57, 600.00, 35, 2347, 12481, P0, 0
2026/08/17 13:28:23.491, 1, NVIDIA RTX PRO 6000 Blackwell Server Edition, 99, 50, 95743, 97887, 436.24, 600.00, 58, 2407, 12481, P0, 0
2026/08/17 13:28:23.492, 2, NVIDIA RTX PRO 6000 Blackwell Server Edition, 98, 58, 94401, 97887, 404.23, 600.00, 56, 2385, 12481, P0, 0
2026/08/17 13:28:23.494, 3, NVIDIA RTX PRO 6000 Blackwell Server Edition, 100, 38, 95829, 97887, 545.84, 600.00, 66, 2392, 12481, P0, 0
2026/08/17 13:28:23.497, 4, NVIDIA RTX PRO 6000 Blackwell Server Edition, 100, 9, 96827, 97887, 545.54, 600.00, 65, 2415, 12481, P0, 0
2026/08/17 13:28:23.499, 5, NVIDIA RTX PRO 6000 Blackwell Server Edition, 100, 35, 96745, 97887, 562.19, 600.00, 57, 2407, 12481, P0, 0
2026/08/17 13:28:23.500, 6, NVIDIA RTX PRO 6000 Blackwell Server Edition, 100, 29, 95813, 97887, 491.09, 600.00, 65, 2407, 12481, P0, 0
2026/08/17 13:28:23.501, 7, NVIDIA RTX PRO 6000 Blackwell Server Edition, 97, 56, 96857, 97887, 384.14, 600.00, 54, 2392, 12481, P0, 0
2026/08/17 13:28:28.503, 0, NVIDIA RTX PRO 6000 Blackwell Server Edition, 0, 0, 96745, 97887, 86.32, 600.00, 34, 2362, 12481, P0, 0
2026/08/17 13:28:28.504, 1, NVIDIA RTX PRO 6000 Blackwell Server Edition, 99, 50, 95743, 97887, 440.13, 600.00, 58, 2407, 12481, P0, 0
2026/08/17 13:28:28.504, 2, NVIDIA RTX PRO 6000 Blackwell Server Edition, 97, 58, 94401, 97887, 402.75, 600.00, 55, 2385, 12481, P0, 0
2026/08/17 13:28:28.505, 3, NVIDIA RTX PRO 6000 Blackwell Server Edition, 99, 22, 95829, 97887, 577.74, 600.00, 67, 2400, 12481, P0, 0
2026/08/17 13:28:28.505, 4, NVIDIA RTX PRO 6000 Blackwell Server Edition, 100, 23, 96827, 97887, 532.48, 600.00, 64, 2407, 12481, P0, 0
2026/08/17 13:28:28.505, 5, NVIDIA RTX PRO 6000 Blackwell Server Edition, 100, 28, 96745, 97887, 553.28, 600.00, 60, 2407, 12481, P0, 0
2026/08/17 13:28:28.506, 6, NVIDIA RTX PRO 6000 Blackwell Server Edition, 99, 52, 95813, 97887, 443.93, 600.00, 61, 2400, 12481, P0, 0
2026/08/17 13:28:28.507, 7, NVIDIA RTX PRO 6000 Blackwell Server Edition, 96, 60, 96857, 97887, 400.94, 600.00, 55, 2400, 12481, P0, 0
2026/08/17 13:28:33.508, 0, NVIDIA RTX PRO 6000 Blackwell Server Edition, 97, 56, 96745, 97887, 379.43, 600.00, 44, 2385, 12481, P0, 0
2026/08/17 13:28:33.509, 1, NVIDIA RTX PRO 6000 Blackwell Server Edition, 100, 17, 95743, 97887, 527.42, 600.00, 63, 2407, 12481, P0, 0
2026/08/17 13:28:33.509, 2, NVIDIA RTX PRO 6000 Blackwell Server Edition, 97, 61, 94401, 97887, 420.81, 600.00, 56, 2392, 12481, P0, 0
2026/08/17 13:28:33.510, 3, NVIDIA RTX PRO 6000 Blackwell Server Edition, 100, 38, 95829, 97887, 582.22, 600.00, 65, 2400, 12481, P0, 0
2026/08/17 13:28:33.510, 4, NVIDIA RTX PRO 6000 Blackwell Server Edition, 100, 38, 96827, 97887, 539.41, 600.00, 66, 2415, 12481, P0, 0
2026/08/17 13:28:33.511, 5, NVIDIA RTX PRO 6000 Blackwell Server Edition, 97, 63, 96745, 97887, 416.21, 600.00, 55, 2392, 12481, P0, 0
2026/08/17 13:28:33.511, 6, NVIDIA RTX PRO 6000 Blackwell Server Edition, 99, 53, 95813, 97887, 443.21, 600.00, 60, 2400, 12481, P0, 0
2026/08/17 13:28:33.512, 7, NVIDIA RTX PRO 6000 Blackwell Server Edition, 97, 60, 96857, 97887, 403.04, 600.00, 55, 2400, 12481, P0, 0
2026/08/17 13:28:38.513, 0, NVIDIA RTX PRO 6000 Blackwell Server Edition, 97, 57, 96745, 97887, 376.87, 600.00, 46, 2385, 12481, P0, 0
2026/08/17 13:28:38.513, 1, NVIDIA RTX PRO 6000 Blackwell Server Edition, 99, 51, 95743, 97887, 447.42, 600.00, 58, 2407, 12481, P0, 0
2026/08/17 13:28:38.514, 2, NVIDIA RTX PRO 6000 Blackwell Server Edition, 0, 0, 94401, 97887, 87.82, 600.00, 46, 2422, 12481, P0, 0
2026/08/17 13:28:38.514, 3, NVIDIA RTX PRO 6000 Blackwell Server Edition, 100, 18, 95829, 97887, 578.00, 600.00, 67, 2400, 12481, P0, 0
2026/08/17 13:28:38.516, 4, NVIDIA RTX PRO 6000 Blackwell Server Edition, 100, 34, 96827, 97887, 571.16, 600.00, 64, 2400, 12481, P0, 0
2026/08/17 13:28:38.516, 5, NVIDIA RTX PRO 6000 Blackwell Server Edition, 98, 63, 96745, 97887, 416.00, 600.00, 55, 2392, 12481, P0, 0
2026/08/17 13:28:38.517, 6, NVIDIA RTX PRO 6000 Blackwell Server Edition, 99, 51, 95813, 97887, 438.80, 600.00, 59, 2400, 12481, P0, 0
2026/08/17 13:28:38.517, 7, NVIDIA RTX PRO 6000 Blackwell Server Edition, 97, 60, 96857, 97887, 402.33, 600.00, 55, 2400, 12481, P0, 0
2026/08/17 13:28:43.518, 0, NVIDIA RTX PRO 6000 Blackwell Server Edition, 97, 57, 96745, 97887, 377.19, 600.00, 47, 2385, 12481, P0, 0
2026/08/17 13:28:43.519, 1, NVIDIA RTX PRO 6000 Blackwell Server Edition, 99, 51, 95743, 97887, 444.34, 600.00, 57, 2407, 12481, P0, 0
2026/08/17 13:28:43.519, 2, NVIDIA RTX PRO 6000 Blackwell Server Edition, 0, 0, 94401, 97887, 92.18, 600.00, 43, 2317, 12481, P0, 0
2026/08/17 13:28:43.519, 3, NVIDIA RTX PRO 6000 Blackwell Server Edition, 98, 23, 95829, 97887, 555.66, 600.00, 66, 2400, 12481, P0, 0
2026/08/17 13:28:43.520, 4, NVIDIA RTX PRO 6000 Blackwell Server Edition, 100, 33, 96827, 97887, 570.43, 600.00, 65, 2400, 12481, P0, 0
2026/08/17 13:28:43.521, 5, NVIDIA RTX PRO 6000 Blackwell Server Edition, 100, 32, 96745, 97887, 507.47, 600.00, 59, 2377, 12481, P0, 0
2026/08/17 13:28:43.521, 6, NVIDIA RTX PRO 6000 Blackwell Server Edition, 99, 51, 95813, 97887, 435.91, 600.00, 59, 2400, 12481, P0, 0
2026/08/17 13:28:43.522, 7, NVIDIA RTX PRO 6000 Blackwell Server Edition, 97, 60, 96857, 97887, 402.48, 600.00, 54, 2400, 12481, P0, 0
2026/08/17 13:28:48.523, 0, NVIDIA RTX PRO 6000 Blackwell Server Edition, 100, 38, 96745, 97887, 573.95, 600.00, 54, 2415, 12481, P0, 0
2026/08/17 13:28:48.523, 1, NVIDIA RTX PRO 6000 Blackwell Server Edition, 98, 52, 95743, 97887, 444.62, 600.00, 57, 2407, 12481, P0, 0
2026/08/17 13:28:48.524, 2, NVIDIA RTX PRO 6000 Blackwell Server Edition, 0, 0, 94401, 97887, 92.24, 600.00, 40, 2317, 12481, P0, 0
2026/08/17 13:28:48.524, 3, NVIDIA RTX PRO 6000 Blackwell Server Edition, 98, 64, 95829, 97887, 433.48, 600.00, 61, 2385, 12481, P0, 0
2026/08/17 13:28:48.525, 4, NVIDIA RTX PRO 6000 Blackwell Server Edition, 98, 28, 96827, 97887, 565.77, 600.00, 66, 2407, 12481, P0, 0
2026/08/17 13:28:48.525, 5, NVIDIA RTX PRO 6000 Blackwell Server Edition, 97, 62, 96745, 97887, 409.68, 600.00, 55, 2392, 12481, P0, 0
2026/08/17 13:28:48.526, 6, NVIDIA RTX PRO 6000 Blackwell Server Edition, 99, 51, 95813, 97887, 439.25, 600.00, 59, 2400, 12481, P0, 0
2026/08/17 13:28:48.526, 7, NVIDIA RTX PRO 6000 Blackwell Server Edition, 97, 60, 96857, 97887, 402.50, 600.00, 54, 2400, 12481, P0, 0
2026/08/17 13:28:53.527, 0, NVIDIA RTX PRO 6000 Blackwell Server Edition, 97, 62, 96745, 97887, 373.56, 600.00, 49, 2392, 12481, P0, 0
2026/08/17 13:28:53.528, 1, NVIDIA RTX PRO 6000 Blackwell Server Edition, 98, 65, 95743, 97887, 428.45, 600.00, 56, 2400, 12481, P0, 0
2026/08/17 13:28:53.528, 2, NVIDIA RTX PRO 6000 Blackwell Server Edition, 0, 0, 94401, 97887, 90.49, 600.00, 39, 2317, 12481, P0, 0
2026/08/17 13:28:53.528, 3, NVIDIA RTX PRO 6000 Blackwell Server Edition, 98, 64, 95829, 97887, 433.61, 600.00, 59, 2385, 12481, P0, 0
2026/08/17 13:28:53.529, 4, NVIDIA RTX PRO 6000 Blackwell Server Edition, 99, 53, 96827, 97887, 449.55, 600.00, 61, 2400, 12481, P0, 0
2026/08/17 13:28:53.529, 5, NVIDIA RTX PRO 6000 Blackwell Server Edition, 97, 59, 96745, 97887, 389.03, 600.00, 54, 2385, 12481, P0, 0
2026/08/17 13:28:53.530, 6, NVIDIA RTX PRO 6000 Blackwell Server Edition, 98, 67, 95813, 97887, 427.63, 600.00, 58, 2400, 12481, P0, 0
2026/08/17 13:28:53.531, 7, NVIDIA RTX PRO 6000 Blackwell Server Edition, 100, 25, 96857, 97887, 432.84, 600.00, 59, 2392, 12481, P0, 0
2026/08/17 13:28:58.531, 0, NVIDIA RTX PRO 6000 Blackwell Server Edition, 100, 35, 96745, 97887, 589.59, 600.00, 61, 2407, 12481, P0, 0
2026/08/17 13:28:58.532, 1, NVIDIA RTX PRO 6000 Blackwell Server Edition, 100, 21, 95743, 97887, 546.38, 600.00, 62, 2407, 12481, P0, 0
2026/08/17 13:28:58.533, 2, NVIDIA RTX PRO 6000 Blackwell Server Edition, 100, 34, 94401, 97887, 181.60, 600.00, 50, 2355, 12481, P0, 0
2026/08/17 13:28:58.533, 3, NVIDIA RTX PRO 6000 Blackwell Server Edition, 98, 60, 95829, 97887, 413.51, 600.00, 58, 2385, 12481, P0, 0
2026/08/17 13:28:58.534, 4, NVIDIA RTX PRO 6000 Blackwell Server Edition, 99, 53, 96827, 97887, 444.71, 600.00, 60, 2400, 12481, P0, 0
2026/08/17 13:28:58.534, 5, NVIDIA RTX PRO 6000 Blackwell Server Edition, 97, 58, 96745, 97887, 387.52, 600.00, 54, 2385, 12481, P0, 0
2026/08/17 13:28:58.535, 6, NVIDIA RTX PRO 6000 Blackwell Server Edition, 98, 67, 95813, 97887, 434.60, 600.00, 57, 2400, 12481, P0, 0
2026/08/17 13:28:58.535, 7, NVIDIA RTX PRO 6000 Blackwell Server Edition, 97, 63, 96857, 97887, 409.30, 600.00, 55, 2392, 12481, P0, 0
2026/08/17 13:29:03.536, 0, NVIDIA RTX PRO 6000 Blackwell Server Edition, 100, 36, 96745, 97887, 561.55, 600.00, 62, 2407, 12481, P0, 0
2026/08/17 13:29:03.538, 1, NVIDIA RTX PRO 6000 Blackwell Server Edition, 98, 65, 95743, 97887, 427.37, 600.00, 57, 2400, 12481, P0, 0
2026/08/17 13:29:03.538, 2, NVIDIA RTX PRO 6000 Blackwell Server Edition, 100, 29, 94401, 97887, 566.96, 600.00, 58, 2400, 12481, P0, 0
2026/08/17 13:29:03.539, 3, NVIDIA RTX PRO 6000 Blackwell Server Edition, 98, 65, 95829, 97887, 432.36, 600.00, 58, 2392, 12481, P0, 0
2026/08/17 13:29:03.539, 4, NVIDIA RTX PRO 6000 Blackwell Server Edition, 100, 40, 96827, 97887, 583.50, 600.00, 65, 2400, 12481, P0, 0
2026/08/17 13:29:03.540, 5, NVIDIA RTX PRO 6000 Blackwell Server Edition, 97, 58, 96745, 97887, 389.72, 600.00, 54, 2385, 12481, P0, 0
2026/08/17 13:29:03.540, 6, NVIDIA RTX PRO 6000 Blackwell Server Edition, 98, 67, 95813, 97887, 429.08, 600.00, 57, 2400, 12481, P0, 0
2026/08/17 13:29:03.541, 7, NVIDIA RTX PRO 6000 Blackwell Server Edition, 97, 63, 96857, 97887, 409.61, 600.00, 55, 2392, 12481, P0, 0
2026/08/17 13:29:08.542, 0, NVIDIA RTX PRO 6000 Blackwell Server Edition, 100, 20, 96745, 97887, 562.31, 600.00, 63, 2407, 12481, P0, 0
2026/08/17 13:29:08.543, 1, NVIDIA RTX PRO 6000 Blackwell Server Edition, 98, 63, 95743, 97887, 425.83, 600.00, 56, 2400, 12481, P0, 0
2026/08/17 13:29:08.544, 2, NVIDIA RTX PRO 6000 Blackwell Server Edition, 97, 61, 94401, 97887, 516.65, 600.00, 53, 2400, 12481, P0, 0
2026/08/17 13:29:08.544, 3, NVIDIA RTX PRO 6000 Blackwell Server Edition, 98, 63, 95829, 97887, 422.83, 600.00, 58, 2392, 12481, P0, 0
2026/08/17 13:29:08.545, 4, NVIDIA RTX PRO 6000 Blackwell Server Edition, 100, 31, 96827, 97887, 514.50, 600.00, 64, 2385, 12481, P0, 0
2026/08/17 13:29:08.545, 5, NVIDIA RTX PRO 6000 Blackwell Server Edition, 98, 58, 96745, 97887, 390.12, 600.00, 54, 2385, 12481, P0, 0
2026/08/17 13:29:08.546, 6, NVIDIA RTX PRO 6000 Blackwell Server Edition, 100, 29, 95813, 97887, 511.39, 600.00, 61, 2400, 12481, P0, 0
2026/08/17 13:29:08.547, 7, NVIDIA RTX PRO 6000 Blackwell Server Edition, 93, 60, 96857, 97887, 409.55, 600.00, 55, 2392, 12481, P0, 0
2026/08/17 13:29:13.548, 0, NVIDIA RTX PRO 6000 Blackwell Server Edition, 100, 38, 96745, 97887, 567.28, 600.00, 64, 2415, 12481, P0, 0
2026/08/17 13:29:13.548, 1, NVIDIA RTX PRO 6000 Blackwell Server Edition, 97, 63, 95743, 97887, 416.00, 600.00, 56, 2400, 12481, P0, 0
2026/08/17 13:29:13.549, 2, NVIDIA RTX PRO 6000 Blackwell Server Edition, 97, 56, 94401, 97887, 388.96, 600.00, 52, 2392, 12481, P0, 0
2026/08/17 13:29:13.549, 3, NVIDIA RTX PRO 6000 Blackwell Server Edition, 97, 56, 95829, 97887, 403.38, 600.00, 56, 2385, 12481, P0, 0
2026/08/17 13:29:13.550, 4, NVIDIA RTX PRO 6000 Blackwell Server Edition, 100, 29, 96827, 97887, 556.45, 600.00, 64, 2400, 12481, P0, 0
2026/08/17 13:29:13.550, 5, NVIDIA RTX PRO 6000 Blackwell Server Edition, 100, 40, 96745, 97887, 519.85, 600.00, 61, 2407, 12481, P0, 0
2026/08/17 13:29:13.551, 6, NVIDIA RTX PRO 6000 Blackwell Server Edition, 100, 26, 95813, 97887, 445.32, 600.00, 61, 2385, 12481, P0, 0
2026/08/17 13:29:13.551, 7, NVIDIA RTX PRO 6000 Blackwell Server Edition, 97, 63, 96857, 97887, 412.35, 600.00, 56, 2400, 12481, P0, 0
2026/08/17 13:29:18.552, 0, NVIDIA RTX PRO 6000 Blackwell Server Edition, 100, 27, 96745, 97887, 556.22, 600.00, 64, 2415, 12481, P0, 0
2026/08/17 13:29:18.553, 1, NVIDIA RTX PRO 6000 Blackwell Server Edition, 100, 38, 95743, 97887, 425.96, 600.00, 61, 2392, 12481, P0, 0
2026/08/17 13:29:18.554, 2, NVIDIA RTX PRO 6000 Blackwell Server Edition, 97, 56, 94401, 97887, 391.76, 600.00, 52, 2392, 12481, P0, 0
2026/08/17 13:29:18.554, 3, NVIDIA RTX PRO 6000 Blackwell Server Edition, 97, 56, 95829, 97887, 393.37, 600.00, 56, 2385, 12481, P0, 0
2026/08/17 13:29:18.555, 4, NVIDIA RTX PRO 6000 Blackwell Server Edition, 100, 37, 96827, 97887, 563.34, 600.00, 67, 2407, 12481, P0, 0
2026/08/17 13:29:18.555, 5, NVIDIA RTX PRO 6000 Blackwell Server Edition, 100, 37, 96745, 97887, 562.97, 600.00, 63, 2407, 12481, P0, 0
2026/08/17 13:29:18.556, 6, NVIDIA RTX PRO 6000 Blackwell Server Edition, 100, 16, 95813, 97887, 549.35, 600.00, 65, 2415, 12481, P0, 0
2026/08/17 13:29:18.556, 7, NVIDIA RTX PRO 6000 Blackwell Server Edition, 98, 64, 96857, 97887, 414.11, 600.00, 56, 2400, 12481, P0, 0
2026/08/17 13:29:23.557, 0, NVIDIA RTX PRO 6000 Blackwell Server Edition, 100, 9, 96745, 97887, 558.88, 600.00, 64, 2407, 12481, P0, 0
2026/08/17 13:29:23.558, 1, NVIDIA RTX PRO 6000 Blackwell Server Edition, 98, 62, 95743, 97887, 417.55, 600.00, 56, 2400, 12481, P0, 0
2026/08/17 13:29:23.559, 2, NVIDIA RTX PRO 6000 Blackwell Server Edition, 97, 62, 94401, 97887, 419.65, 600.00, 55, 2400, 12481, P0, 0
2026/08/17 13:29:23.559, 3, NVIDIA RTX PRO 6000 Blackwell Server Edition, 97, 56, 95829, 97887, 391.85, 600.00, 56, 2385, 12481, P0, 0
2026/08/17 13:29:23.560, 4, NVIDIA RTX PRO 6000 Blackwell Server Edition, 100, 18, 96827, 97887, 572.73, 600.00, 67, 2407, 12481, P0, 0
2026/08/17 13:29:23.560, 5, NVIDIA RTX PRO 6000 Blackwell Server Edition, 100, 33, 96745, 97887, 572.09, 600.00, 64, 2407, 12481, P0, 0
2026/08/17 13:29:23.560, 6, NVIDIA RTX PRO 6000 Blackwell Server Edition, 97, 22, 95813, 97887, 537.63, 600.00, 65, 2415, 12481, P0, 0
2026/08/17 13:29:23.561, 7, NVIDIA RTX PRO 6000 Blackwell Server Edition, 97, 62, 96857, 97887, 410.72, 600.00, 56, 2400, 12481, P0, 0
2026/08/17 13:29:28.562, 0, NVIDIA RTX PRO 6000 Blackwell Server Edition, 100, 13, 96745, 97887, 560.28, 600.00, 63, 2415, 12481, P0, 0
2026/08/17 13:29:28.562, 1, NVIDIA RTX PRO 6000 Blackwell Server Edition, 97, 62, 95743, 97887, 417.04, 600.00, 55, 2400, 12481, P0, 0
2026/08/17 13:29:28.563, 2, NVIDIA RTX PRO 6000 Blackwell Server Edition, 97, 62, 94401, 97887, 418.85, 600.00, 54, 2392, 12481, P0, 0
2026/08/17 13:29:28.563, 3, NVIDIA RTX PRO 6000 Blackwell Server Edition, 98, 57, 95829, 97887, 391.91, 600.00, 55, 2385, 12481, P0, 0
2026/08/17 13:29:28.564, 4, NVIDIA RTX PRO 6000 Blackwell Server Edition, 100, 16, 96827, 97887, 546.39, 600.00, 68, 2407, 12481, P0, 0
2026/08/17 13:29:28.564, 5, NVIDIA RTX PRO 6000 Blackwell Server Edition, 100, 18, 96745, 97887, 553.17, 600.00, 65, 2407, 12481, P0, 0
2026/08/17 13:29:28.566, 6, NVIDIA RTX PRO 6000 Blackwell Server Edition, 99, 51, 95813, 97887, 436.25, 600.00, 60, 2400, 12481, P0, 0
2026/08/17 13:29:28.566, 7, NVIDIA RTX PRO 6000 Blackwell Server Edition, 97, 62, 96857, 97887, 410.84, 600.00, 55, 2392, 12481, P0, 0
2026/08/17 13:29:33.567, 0, NVIDIA RTX PRO 6000 Blackwell Server Edition, 100, 12, 96745, 97887, 554.84, 600.00, 66, 2407, 12481, P0, 0
2026/08/17 13:29:33.567, 1, NVIDIA RTX PRO 6000 Blackwell Server Edition, 97, 62, 95743, 97887, 416.88, 600.00, 55, 2400, 12481, P0, 0
2026/08/17 13:29:33.569, 2, NVIDIA RTX PRO 6000 Blackwell Server Edition, 97, 62, 94401, 97887, 421.64, 600.00, 55, 2392, 12481, P0, 0
2026/08/17 13:29:33.570, 3, NVIDIA RTX PRO 6000 Blackwell Server Edition, 97, 57, 95829, 97887, 391.25, 600.00, 55, 2385, 12481, P0, 0
2026/08/17 13:29:33.570, 4, NVIDIA RTX PRO 6000 Blackwell Server Edition, 99, 55, 96827, 97887, 451.72, 600.00, 62, 2400, 12481, P0, 0
2026/08/17 13:29:33.571, 5, NVIDIA RTX PRO 6000 Blackwell Server Edition, 100, 20, 96745, 97887, 530.75, 600.00, 64, 2392, 12481, P0, 0
2026/08/17 13:29:33.571, 6, NVIDIA RTX PRO 6000 Blackwell Server Edition, 98, 66, 95813, 97887, 439.13, 600.00, 58, 2400, 12481, P0, 0
2026/08/17 13:29:33.572, 7, NVIDIA RTX PRO 6000 Blackwell Server Edition, 98, 63, 96857, 97887, 409.92, 600.00, 55, 2392, 12481, P0, 0
2026/08/17 13:29:38.573, 0, NVIDIA RTX PRO 6000 Blackwell Server Edition, 100, 1, 96745, 97887, 551.09, 600.00, 66, 2415, 12481, P0, 0
2026/08/17 13:29:38.574, 1, NVIDIA RTX PRO 6000 Blackwell Server Edition, 97, 62, 95743, 97887, 417.34, 600.00, 55, 2400, 12481, P0, 0
2026/08/17 13:29:38.574, 2, NVIDIA RTX PRO 6000 Blackwell Server Edition, 97, 62, 94401, 97887, 420.32, 600.00, 54, 2392, 12481, P0, 0
2026/08/17 13:29:38.575, 3, NVIDIA RTX PRO 6000 Blackwell Server Edition, 0, 0, 95829, 97887, 257.79, 600.00, 47, 2422, 12481, P0, 0
2026/08/17 13:29:38.575, 4, NVIDIA RTX PRO 6000 Blackwell Server Edition, 99, 53, 96827, 97887, 450.08, 600.00, 61, 2400, 12481, P0, 0
2026/08/17 13:29:38.575, 5, NVIDIA RTX PRO 6000 Blackwell Server Edition, 98, 65, 96745, 97887, 422.84, 600.00, 59, 2392, 12481, P0, 0
2026/08/17 13:29:38.576, 6, NVIDIA RTX PRO 6000 Blackwell Server Edition, 97, 64, 95813, 97887, 415.71, 600.00, 57, 2392, 12481, P0, 0
2026/08/17 13:29:38.577, 7, NVIDIA RTX PRO 6000 Blackwell Server Edition, 100, 29, 96857, 97887, 571.86, 600.00, 61, 2407, 12481, P0, 0
2026/08/17 13:29:43.577, 0, NVIDIA RTX PRO 6000 Blackwell Server Edition, 100, 31, 96745, 97887, 551.42, 600.00, 65, 2415, 12481, P0, 0
2026/08/17 13:29:43.578, 1, NVIDIA RTX PRO 6000 Blackwell Server Edition, 98, 63, 95743, 97887, 415.41, 600.00, 55, 2400, 12481, P0, 0
2026/08/17 13:29:43.578, 2, NVIDIA RTX PRO 6000 Blackwell Server Edition, 100, 34, 94401, 97887, 541.91, 600.00, 61, 2392, 12481, P0, 0
2026/08/17 13:29:43.579, 3, NVIDIA RTX PRO 6000 Blackwell Server Edition, 100, 18, 95829, 97887, 330.39, 600.00, 57, 2400, 12481, P0, 0
2026/08/17 13:29:43.579, 4, NVIDIA RTX PRO 6000 Blackwell Server Edition, 99, 52, 96827, 97887, 444.20, 600.00, 61, 2400, 12481, P0, 0
2026/08/17 13:29:43.580, 5, NVIDIA RTX PRO 6000 Blackwell Server Edition, 97, 59, 96745, 97887, 392.97, 600.00, 57, 2385, 12481, P0, 0
2026/08/17 13:29:43.581, 6, NVIDIA RTX PRO 6000 Blackwell Server Edition, 98, 64, 95813, 97887, 415.60, 600.00, 57, 2392, 12481, P0, 0
2026/08/17 13:29:43.581, 7, NVIDIA RTX PRO 6000 Blackwell Server Edition, 100, 26, 96857, 97887, 561.35, 600.00, 64, 2407, 12481, P0, 0
2026/08/17 13:29:48.582, 0, NVIDIA RTX PRO 6000 Blackwell Server Edition, 100, 27, 96745, 97887, 547.72, 600.00, 66, 2415, 12481, P0, 0
2026/08/17 13:29:48.582, 1, NVIDIA RTX PRO 6000 Blackwell Server Edition, 97, 62, 95743, 97887, 415.41, 600.00, 55, 2400, 12481, P0, 0
2026/08/17 13:29:48.583, 2, NVIDIA RTX PRO 6000 Blackwell Server Edition, 100, 25, 94401, 97887, 575.01, 600.00, 62, 2400, 12481, P0, 0
2026/08/17 13:29:48.583, 3, NVIDIA RTX PRO 6000 Blackwell Server Edition, 98, 59, 95829, 97887, 396.96, 600.00, 53, 2385, 12481, P0, 0
2026/08/17 13:29:48.584, 4, NVIDIA RTX PRO 6000 Blackwell Server Edition, 96, 65, 96827, 97887, 433.37, 600.00, 59, 2392, 12481, P0, 0
2026/08/17 13:29:48.584, 5, NVIDIA RTX PRO 6000 Blackwell Server Edition, 98, 59, 96745, 97887, 392.76, 600.00, 56, 2385, 12481, P0, 0
2026/08/17 13:29:48.585, 6, NVIDIA RTX PRO 6000 Blackwell Server Edition, 97, 61, 95813, 97887, 414.07, 600.00, 56, 2392, 12481, P0, 0
2026/08/17 13:29:48.586, 7, NVIDIA RTX PRO 6000 Blackwell Server Edition, 100, 34, 96857, 97887, 559.18, 600.00, 65, 2407, 12481, P0, 0
2026/08/17 13:29:53.586, 0, NVIDIA RTX PRO 6000 Blackwell Server Edition, 100, 38, 96745, 97887, 519.26, 600.00, 66, 2407, 12481, P0, 0
2026/08/17 13:29:53.587, 1, NVIDIA RTX PRO 6000 Blackwell Server Edition, 98, 61, 95743, 97887, 411.61, 600.00, 54, 2400, 12481, P0, 0
2026/08/17 13:29:53.587, 2, NVIDIA RTX PRO 6000 Blackwell Server Edition, 100, 38, 94401, 97887, 568.99, 600.00, 63, 2392, 12481, P0, 0
2026/08/17 13:29:53.587, 3, NVIDIA RTX PRO 6000 Blackwell Server Edition, 97, 59, 95829, 97887, 365.58, 600.00, 47, 2385, 12481, P0, 0
2026/08/17 13:29:53.588, 4, NVIDIA RTX PRO 6000 Blackwell Server Edition, 98, 66, 96827, 97887, 432.96, 600.00, 59, 2392, 12481, P0, 0
2026/08/17 13:29:53.588, 5, NVIDIA RTX PRO 6000 Blackwell Server Edition, 100, 41, 96745, 97887, 496.12, 600.00, 61, 2407, 12481, P0, 0
2026/08/17 13:29:53.588, 6, NVIDIA RTX PRO 6000 Blackwell Server Edition, 97, 61, 95813, 97887, 406.36, 600.00, 56, 2392, 12481, P0, 0
2026/08/17 13:29:53.589, 7, NVIDIA RTX PRO 6000 Blackwell Server Edition, 100, 26, 96857, 97887, 551.91, 600.00, 66, 2407, 12481, P0, 0
2026/08/17 13:29:58.590, 0, NVIDIA RTX PRO 6000 Blackwell Server Edition, 100, 29, 96745, 97887, 548.76, 600.00, 66, 2415, 12481, P0, 0
2026/08/17 13:29:58.590, 1, NVIDIA RTX PRO 6000 Blackwell Server Edition, 98, 61, 95743, 97887, 412.64, 600.00, 54, 2400, 12481, P0, 0
2026/08/17 13:29:58.591, 2, NVIDIA RTX PRO 6000 Blackwell Server Edition, 100, 17, 94401, 97887, 566.97, 600.00, 65, 2400, 12481, P0, 0
2026/08/17 13:29:58.591, 3, NVIDIA RTX PRO 6000 Blackwell Server Edition, 0, 0, 95829, 97887, 93.31, 600.00, 42, 2302, 12481, P0, 0
2026/08/17 13:29:58.591, 4, NVIDIA RTX PRO 6000 Blackwell Server Edition, 98, 66, 96827, 97887, 426.82, 600.00, 58, 2392, 12481, P0, 0
2026/08/17 13:29:58.592, 5, NVIDIA RTX PRO 6000 Blackwell Server Edition, 100, 32, 96745, 97887, 577.75, 600.00, 63, 2407, 12481, P0, 0
2026/08/17 13:29:58.592, 6, NVIDIA RTX PRO 6000 Blackwell Server Edition, 100, 39, 95813, 97887, 579.45, 600.00, 62, 2400, 12481, P0, 0
2026/08/17 13:29:58.593, 7, NVIDIA RTX PRO 6000 Blackwell Server Edition, 100, 17, 96857, 97887, 549.38, 600.00, 66, 2407, 12481, P0, 0
2026/08/17 13:30:03.594, 0, NVIDIA RTX PRO 6000 Blackwell Server Edition, 99, 53, 96745, 97887, 447.28, 600.00, 61, 2400, 12481, P0, 0
2026/08/17 13:30:03.595, 1, NVIDIA RTX PRO 6000 Blackwell Server Edition, 98, 61, 95743, 97887, 413.98, 600.00, 54, 2400, 12481, P0, 0
2026/08/17 13:30:03.595, 2, NVIDIA RTX PRO 6000 Blackwell Server Edition, 100, 12, 94401, 97887, 563.90, 600.00, 65, 2400, 12481, P0, 0
2026/08/17 13:30:03.598, 3, NVIDIA RTX PRO 6000 Blackwell Server Edition, 0, 0, 95829, 97887, 91.14, 600.00, 40, 2302, 12481, P0, 0
2026/08/17 13:30:03.598, 4, NVIDIA RTX PRO 6000 Blackwell Server Edition, 98, 66, 96827, 97887, 436.16, 600.00, 58, 2392, 12481, P0, 0
2026/08/17 13:30:03.599, 5, NVIDIA RTX PRO 6000 Blackwell Server Edition, 98, 65, 96745, 97887, 438.98, 600.00, 59, 2400, 12481, P0, 0
2026/08/17 13:30:03.599, 6, NVIDIA RTX PRO 6000 Blackwell Server Edition, 97, 61, 95813, 97887, 408.73, 600.00, 57, 2392, 12481, P0, 0
2026/08/17 13:30:03.600, 7, NVIDIA RTX PRO 6000 Blackwell Server Edition, 100, 38, 96857, 97887, 547.67, 600.00, 66, 2415, 12481, P0, 0
2026/08/17 13:30:08.601, 0, NVIDIA RTX PRO 6000 Blackwell Server Edition, 100, 19, 96745, 97887, 520.29, 600.00, 65, 2407, 12481, P0, 0
2026/08/17 13:30:08.601, 1, NVIDIA RTX PRO 6000 Blackwell Server Edition, 100, 32, 95743, 97887, 572.34, 600.00, 61, 2407, 12481, P0, 0
2026/08/17 13:30:08.603, 2, NVIDIA RTX PRO 6000 Blackwell Server Edition, 100, 37, 94401, 97887, 576.55, 600.00, 66, 2400, 12481, P0, 0
2026/08/17 13:30:08.604, 3, NVIDIA RTX PRO 6000 Blackwell Server Edition, 0, 0, 95829, 97887, 89.96, 600.00, 38, 2302, 12481, P0, 0
2026/08/17 13:30:08.604, 4, NVIDIA RTX PRO 6000 Blackwell Server Edition, 98, 64, 96827, 97887, 418.65, 600.00, 57, 2392, 12481, P0, 0
2026/08/17 13:30:08.605, 5, NVIDIA RTX PRO 6000 Blackwell Server Edition, 97, 57, 96745, 97887, 389.22, 600.00, 57, 2385, 12481, P0, 0
2026/08/17 13:30:08.605, 6, NVIDIA RTX PRO 6000 Blackwell Server Edition, 97, 61, 95813, 97887, 404.29, 600.00, 57, 2392, 12481, P0, 0
2026/08/17 13:30:08.606, 7, NVIDIA RTX PRO 6000 Blackwell Server Edition, 100, 19, 96857, 97887, 518.65, 600.00, 65, 2415, 12481, P0, 0
2026/08/17 13:30:13.606, 0, NVIDIA RTX PRO 6000 Blackwell Server Edition, 97, 62, 96745, 97887, 439.71, 600.00, 58, 2392, 12481, P0, 0
2026/08/17 13:30:13.607, 1, NVIDIA RTX PRO 6000 Blackwell Server Edition, 100, 26, 95743, 97887, 577.71, 600.00, 63, 2407, 12481, P0, 0
2026/08/17 13:30:13.608, 2, NVIDIA RTX PRO 6000 Blackwell Server Edition, 98, 63, 94401, 97887, 508.07, 600.00, 60, 2392, 12481, P0, 0
2026/08/17 13:30:13.608, 3, NVIDIA RTX PRO 6000 Blackwell Server Edition, 0, 0, 95829, 97887, 89.80, 600.00, 37, 2302, 12481, P0, 0
2026/08/17 13:30:13.609, 4, NVIDIA RTX PRO 6000 Blackwell Server Edition, 98, 65, 96827, 97887, 416.49, 600.00, 56, 2392, 12481, P0, 0
2026/08/17 13:30:13.609, 5, NVIDIA RTX PRO 6000 Blackwell Server Edition, 97, 58, 96745, 97887, 388.94, 600.00, 56, 2385, 12481, P0, 0
2026/08/17 13:30:13.610, 6, NVIDIA RTX PRO 6000 Blackwell Server Edition, 97, 61, 95813, 97887, 405.62, 600.00, 56, 2392, 12481, P0, 0
2026/08/17 13:30:13.610, 7, NVIDIA RTX PRO 6000 Blackwell Server Edition, 100, 22, 96857, 97887, 548.97, 600.00, 64, 2407, 12481, P0, 0
2026/08/17 13:30:18.611, 0, NVIDIA RTX PRO 6000 Blackwell Server Edition, 98, 62, 96745, 97887, 412.25, 600.00, 57, 2392, 12481, P0, 0
2026/08/17 13:30:18.612, 1, NVIDIA RTX PRO 6000 Blackwell Server Edition, 100, 27, 95743, 97887, 551.77, 600.00, 65, 2400, 12481, P0, 0
2026/08/17 13:30:18.612, 2, NVIDIA RTX PRO 6000 Blackwell Server Edition, 98, 63, 94401, 97887, 430.82, 600.00, 59, 2392, 12481, P0, 0
2026/08/17 13:30:18.613, 3, NVIDIA RTX PRO 6000 Blackwell Server Edition, 0, 0, 95829, 97887, 88.61, 600.00, 36, 2302, 12481, P0, 0
2026/08/17 13:30:18.613, 4, NVIDIA RTX PRO 6000 Blackwell Server Edition, 98, 65, 96827, 97887, 419.00, 600.00, 56, 2392, 12481, P0, 0
2026/08/17 13:30:18.613, 5, NVIDIA RTX PRO 6000 Blackwell Server Edition, 97, 57, 96745, 97887, 387.91, 600.00, 55, 2385, 12481, P0, 0
2026/08/17 13:30:18.614, 6, NVIDIA RTX PRO 6000 Blackwell Server Edition, 97, 61, 95813, 97887, 404.63, 600.00, 56, 2392, 12481, P0, 0
2026/08/17 13:30:18.615, 7, NVIDIA RTX PRO 6000 Blackwell Server Edition, 100, 38, 96857, 97887, 588.29, 600.00, 68, 2400, 12481, P0, 0
2026/08/17 13:30:23.617, 0, NVIDIA RTX PRO 6000 Blackwell Server Edition, 0, 0, 96745, 97887, 86.42, 600.00, 46, 2422, 12481, P0, 0
2026/08/17 13:30:23.617, 1, NVIDIA RTX PRO 6000 Blackwell Server Edition, 98, 48, 95743, 97887, 436.73, 600.00, 59, 2407, 12481, P0, 0
2026/08/17 13:30:23.618, 2, NVIDIA RTX PRO 6000 Blackwell Server Edition, 100, 37, 94401, 97887, 574.38, 600.00, 64, 2385, 12481, P0, 0
2026/08/17 13:30:23.618, 3, NVIDIA RTX PRO 6000 Blackwell Server Edition, 97, 56, 95829, 97887, 415.31, 600.00, 45, 2317, 12481, P0, 0
2026/08/17 13:30:23.621, 4, NVIDIA RTX PRO 6000 Blackwell Server Edition, 98, 64, 96827, 97887, 416.41, 600.00, 56, 2392, 12481, P0, 0
2026/08/17 13:30:23.622, 5, NVIDIA RTX PRO 6000 Blackwell Server Edition, 97, 57, 96745, 97887, 388.41, 600.00, 55, 2385, 12481, P0, 0
2026/08/17 13:30:23.622, 6, NVIDIA RTX PRO 6000 Blackwell Server Edition, 97, 61, 95813, 97887, 405.60, 600.00, 55, 2392, 12481, P0, 0
2026/08/17 13:30:23.623, 7, NVIDIA RTX PRO 6000 Blackwell Server Edition, 100, 30, 96857, 97887, 568.28, 600.00, 67, 2400, 12481, P0, 0
2026/08/17 13:30:28.623, 0, NVIDIA RTX PRO 6000 Blackwell Server Edition, 0, 0, 96745, 97887, 90.99, 600.00, 43, 2347, 12481, P0, 0
2026/08/17 13:30:28.624, 1, NVIDIA RTX PRO 6000 Blackwell Server Edition, 97, 61, 95743, 97887, 414.56, 600.00, 56, 2400, 12481, P0, 0
2026/08/17 13:30:28.624, 2, NVIDIA RTX PRO 6000 Blackwell Server Edition, 100, 23, 94401, 97887, 584.02, 600.00, 65, 2392, 12481, P0, 0
2026/08/17 13:30:28.625, 3, NVIDIA RTX PRO 6000 Blackwell Server Edition, 98, 38, 95829, 97887, 301.85, 600.00, 49, 2377, 12481, P0, 0
2026/08/17 13:30:28.625, 4, NVIDIA RTX PRO 6000 Blackwell Server Edition, 98, 65, 96827, 97887, 396.52, 600.00, 53, 2392, 12481, P0, 0
2026/08/17 13:30:28.626, 5, NVIDIA RTX PRO 6000 Blackwell Server Edition, 97, 57, 96745, 97887, 388.41, 600.00, 55, 2385, 12481, P0, 0
2026/08/17 13:30:28.626, 6, NVIDIA RTX PRO 6000 Blackwell Server Edition, 97, 61, 95813, 97887, 404.92, 600.00, 55, 2392, 12481, P0, 0
2026/08/17 13:30:28.627, 7, NVIDIA RTX PRO 6000 Blackwell Server Edition, 100, 35, 96857, 97887, 555.29, 600.00, 66, 2407, 12481, P0, 0
2026/08/17 13:30:33.627, 0, NVIDIA RTX PRO 6000 Blackwell Server Edition, 0, 0, 96745, 97887, 90.13, 600.00, 41, 2347, 12481, P0, 0
2026/08/17 13:30:33.628, 1, NVIDIA RTX PRO 6000 Blackwell Server Edition, 98, 61, 95743, 97887, 414.33, 600.00, 56, 2400, 12481, P0, 0
2026/08/17 13:30:33.628, 2, NVIDIA RTX PRO 6000 Blackwell Server Edition, 100, 29, 94401, 97887, 579.59, 600.00, 66, 2392, 12481, P0, 0
2026/08/17 13:30:33.629, 3, NVIDIA RTX PRO 6000 Blackwell Server Edition, 97, 56, 95829, 97887, 379.60, 600.00, 46, 2385, 12481, P0, 0
2026/08/17 13:30:33.629, 4, NVIDIA RTX PRO 6000 Blackwell Server Edition, 100, 25, 96827, 97887, 551.05, 600.00, 63, 2400, 12481, P0, 0
2026/08/17 13:30:33.630, 5, NVIDIA RTX PRO 6000 Blackwell Server Edition, 100, 36, 96745, 97887, 577.47, 600.00, 63, 2407, 12481, P0, 0
2026/08/17 13:30:33.630, 6, NVIDIA RTX PRO 6000 Blackwell Server Edition, 97, 61, 95813, 97887, 405.59, 600.00, 55, 2392, 12481, P0, 0
2026/08/17 13:30:33.631, 7, NVIDIA RTX PRO 6000 Blackwell Server Edition, 100, 16, 96857, 97887, 553.60, 600.00, 65, 2407, 12481, P0, 0
2026/08/17 13:30:38.632, 0, NVIDIA RTX PRO 6000 Blackwell Server Edition, 0, 0, 96745, 97887, 89.24, 600.00, 39, 2347, 12481, P0, 0
2026/08/17 13:30:38.632, 1, NVIDIA RTX PRO 6000 Blackwell Server Edition, 98, 62, 95743, 97887, 415.48, 600.00, 55, 2400, 12481, P0, 0
2026/08/17 13:30:38.634, 2, NVIDIA RTX PRO 6000 Blackwell Server Edition, 100, 18, 94401, 97887, 576.27, 600.00, 66, 2400, 12481, P0, 0
2026/08/17 13:30:38.635, 3, NVIDIA RTX PRO 6000 Blackwell Server Edition, 97, 56, 95829, 97887, 381.28, 600.00, 47, 2385, 12481, P0, 0
2026/08/17 13:30:38.635, 4, NVIDIA RTX PRO 6000 Blackwell Server Edition, 98, 66, 96827, 97887, 428.96, 600.00, 57, 2392, 12481, P0, 0
2026/08/17 13:30:38.636, 5, NVIDIA RTX PRO 6000 Blackwell Server Edition, 98, 62, 96745, 97887, 410.57, 600.00, 57, 2392, 12481, P0, 0
2026/08/17 13:30:38.636, 6, NVIDIA RTX PRO 6000 Blackwell Server Edition, 98, 62, 95813, 97887, 404.29, 600.00, 55, 2392, 12481, P0, 0
2026/08/17 13:30:38.637, 7, NVIDIA RTX PRO 6000 Blackwell Server Edition, 99, 54, 96857, 97887, 469.65, 600.00, 63, 2407, 12481, P0, 0
2026/08/17 13:30:43.638, 0, NVIDIA RTX PRO 6000 Blackwell Server Edition, 0, 0, 96745, 97887, 88.51, 600.00, 37, 2347, 12481, P0, 0
2026/08/17 13:30:43.638, 1, NVIDIA RTX PRO 6000 Blackwell Server Edition, 97, 62, 95743, 97887, 412.53, 600.00, 55, 2400, 12481, P0, 0
2026/08/17 13:30:43.639, 2, NVIDIA RTX PRO 6000 Blackwell Server Edition, 100, 24, 94401, 97887, 560.78, 600.00, 67, 2400, 12481, P0, 0
2026/08/17 13:30:43.639, 3, NVIDIA RTX PRO 6000 Blackwell Server Edition, 97, 56, 95829, 97887, 382.68, 600.00, 48, 2385, 12481, P0, 0
2026/08/17 13:30:43.640, 4, NVIDIA RTX PRO 6000 Blackwell Server Edition, 98, 66, 96827, 97887, 423.89, 600.00, 57, 2392, 12481, P0, 0
2026/08/17 13:30:43.640, 5, NVIDIA RTX PRO 6000 Blackwell Server Edition, 97, 62, 96745, 97887, 410.46, 600.00, 56, 2392, 12481, P0, 0
2026/08/17 13:30:43.641, 6, NVIDIA RTX PRO 6000 Blackwell Server Edition, 100, 30, 95813, 97887, 574.93, 600.00, 63, 2407, 12481, P0, 0
2026/08/17 13:30:43.641, 7, NVIDIA RTX PRO 6000 Blackwell Server Edition, 99, 53, 96857, 97887, 449.62, 600.00, 62, 2407, 12481, P0, 0
2026/08/17 13:30:48.642, 0, NVIDIA RTX PRO 6000 Blackwell Server Edition, 100, 34, 96745, 97887, 527.37, 600.00, 52, 2415, 12481, P0, 0
2026/08/17 13:30:48.644, 1, NVIDIA RTX PRO 6000 Blackwell Server Edition, 97, 62, 95743, 97887, 413.63, 600.00, 55, 2400, 12481, P0, 0
2026/08/17 13:30:48.646, 2, NVIDIA RTX PRO 6000 Blackwell Server Edition, 100, 17, 94401, 97887, 558.47, 600.00, 67, 2407, 12481, P0, 0
2026/08/17 13:30:48.647, 3, NVIDIA RTX PRO 6000 Blackwell Server Edition, 97, 56, 95829, 97887, 382.70, 600.00, 49, 2385, 12481, P0, 0
2026/08/17 13:30:48.650, 4, NVIDIA RTX PRO 6000 Blackwell Server Edition, 98, 66, 96827, 97887, 423.03, 600.00, 57, 2392, 12481, P0, 0
2026/08/17 13:30:48.651, 5, NVIDIA RTX PRO 6000 Blackwell Server Edition, 97, 57, 96745, 97887, 386.86, 600.00, 55, 2385, 12481, P0, 0
2026/08/17 13:30:48.651, 6, NVIDIA RTX PRO 6000 Blackwell Server Edition, 100, 24, 95813, 97887, 552.29, 600.00, 64, 2407, 12481, P0, 0
2026/08/17 13:30:48.651, 7, NVIDIA RTX PRO 6000 Blackwell Server Edition, 99, 53, 96857, 97887, 492.33, 600.00, 61, 2392, 12481, P0, 0
2026/08/17 13:30:53.652, 0, NVIDIA RTX PRO 6000 Blackwell Server Edition, 100, 25, 96745, 97887, 562.93, 600.00, 56, 2407, 12481, P0, 0
2026/08/17 13:30:53.653, 1, NVIDIA RTX PRO 6000 Blackwell Server Edition, 97, 57, 95743, 97887, 402.94, 600.00, 54, 2392, 12481, P0, 0
2026/08/17 13:30:53.653, 2, NVIDIA RTX PRO 6000 Blackwell Server Edition, 98, 10, 94401, 97887, 560.49, 600.00, 67, 2407, 12481, P0, 0
2026/08/17 13:30:53.655, 3, NVIDIA RTX PRO 6000 Blackwell Server Edition, 97, 56, 95829, 97887, 384.68, 600.00, 50, 2385, 12481, P0, 0
2026/08/17 13:30:53.656, 4, NVIDIA RTX PRO 6000 Blackwell Server Edition, 98, 66, 96827, 97887, 429.74, 600.00, 56, 2392, 12481, P0, 0
2026/08/17 13:30:53.656, 5, NVIDIA RTX PRO 6000 Blackwell Server Edition, 97, 57, 96745, 97887, 387.56, 600.00, 55, 2385, 12481, P0, 0
2026/08/17 13:30:53.657, 6, NVIDIA RTX PRO 6000 Blackwell Server Edition, 100, 27, 95813, 97887, 551.69, 600.00, 65, 2407, 12481, P0, 0
2026/08/17 13:30:53.657, 7, NVIDIA RTX PRO 6000 Blackwell Server Edition, 98, 67, 96857, 97887, 428.18, 600.00, 59, 2400, 12481, P0, 0
2026/08/17 13:30:58.658, 0, NVIDIA RTX PRO 6000 Blackwell Server Edition, 97, 59, 96745, 97887, 452.77, 600.00, 52, 2385, 12481, P0, 0
2026/08/17 13:30:58.659, 1, NVIDIA RTX PRO 6000 Blackwell Server Edition, 97, 61, 95743, 97887, 412.50, 600.00, 55, 2400, 12481, P0, 0
2026/08/17 13:30:58.659, 2, NVIDIA RTX PRO 6000 Blackwell Server Edition, 100, 5, 94401, 97887, 564.93, 600.00, 66, 2400, 12481, P0, 0
2026/08/17 13:30:58.659, 3, NVIDIA RTX PRO 6000 Blackwell Server Edition, 97, 56, 95829, 97887, 384.55, 600.00, 50, 2385, 12481, P0, 0
2026/08/17 13:30:58.660, 4, NVIDIA RTX PRO 6000 Blackwell Server Edition, 100, 38, 96827, 97887, 548.32, 600.00, 62, 2400, 12481, P0, 0
2026/08/17 13:30:58.661, 5, NVIDIA RTX PRO 6000 Blackwell Server Edition, 97, 57, 96745, 97887, 387.91, 600.00, 55, 2385, 12481, P0, 0
2026/08/17 13:30:58.661, 6, NVIDIA RTX PRO 6000 Blackwell Server Edition, 100, 32, 95813, 97887, 543.32, 600.00, 63, 2415, 12481, P0, 0
2026/08/17 13:30:58.662, 7, NVIDIA RTX PRO 6000 Blackwell Server Edition, 98, 67, 96857, 97887, 427.62, 600.00, 58, 2400, 12481, P0, 0
2026/08/17 13:31:03.663, 0, NVIDIA RTX PRO 6000 Blackwell Server Edition, 97, 59, 96745, 97887, 385.65, 600.00, 51, 2385, 12481, P0, 0
2026/08/17 13:31:03.664, 1, NVIDIA RTX PRO 6000 Blackwell Server Edition, 97, 61, 95743, 97887, 412.75, 600.00, 55, 2400, 12481, P0, 0
2026/08/17 13:31:03.664, 2, NVIDIA RTX PRO 6000 Blackwell Server Edition, 100, 12, 94401, 97887, 557.22, 600.00, 67, 2400, 12481, P0, 0
2026/08/17 13:31:03.665, 3, NVIDIA RTX PRO 6000 Blackwell Server Edition, 97, 56, 95829, 97887, 385.35, 600.00, 51, 2385, 12481, P0, 0
2026/08/17 13:31:03.666, 4, NVIDIA RTX PRO 6000 Blackwell Server Edition, 100, 37, 96827, 97887, 573.28, 600.00, 63, 2400, 12481, P0, 0
2026/08/17 13:31:03.666, 5, NVIDIA RTX PRO 6000 Blackwell Server Edition, 97, 57, 96745, 97887, 385.81, 600.00, 54, 2385, 12481, P0, 0
2026/08/17 13:31:03.667, 6, NVIDIA RTX PRO 6000 Blackwell Server Edition, 98, 65, 95813, 97887, 481.02, 600.00, 60, 2400, 12481, P0, 0
2026/08/17 13:31:03.667, 7, NVIDIA RTX PRO 6000 Blackwell Server Edition, 98, 66, 96857, 97887, 429.65, 600.00, 58, 2400, 12481, P0, 0
2026/08/17 13:31:08.668, 0, NVIDIA RTX PRO 6000 Blackwell Server Edition, 97, 59, 96745, 97887, 388.81, 600.00, 52, 2385, 12481, P0, 0
2026/08/17 13:31:08.669, 1, NVIDIA RTX PRO 6000 Blackwell Server Edition, 97, 61, 95743, 97887, 414.19, 600.00, 54, 2392, 12481, P0, 0
2026/08/17 13:31:08.669, 2, NVIDIA RTX PRO 6000 Blackwell Server Edition, 100, 7, 94401, 97887, 558.03, 600.00, 67, 2407, 12481, P0, 0
2026/08/17 13:31:08.670, 3, NVIDIA RTX PRO 6000 Blackwell Server Edition, 97, 56, 95829, 97887, 382.35, 600.00, 51, 2385, 12481, P0, 0
2026/08/17 13:31:08.670, 4, NVIDIA RTX PRO 6000 Blackwell Server Edition, 100, 27, 96827, 97887, 574.14, 600.00, 65, 2407, 12481, P0, 0
2026/08/17 13:31:08.671, 5, NVIDIA RTX PRO 6000 Blackwell Server Edition, 96, 57, 96745, 97887, 384.29, 600.00, 54, 2385, 12481, P0, 0
2026/08/17 13:31:08.671, 6, NVIDIA RTX PRO 6000 Blackwell Server Edition, 98, 65, 95813, 97887, 419.02, 600.00, 59, 2392, 12481, P0, 0
2026/08/17 13:31:08.672, 7, NVIDIA RTX PRO 6000 Blackwell Server Edition, 97, 65, 96857, 97887, 427.08, 600.00, 57, 2400, 12481, P0, 0
