Registered custom model 'hosted_vllm/qwen38' with info: {'max_input_tokens': 524288, 'max_output_tokens': 8192, 'input_cost_per_token': 0.0, 'output_cost_per_token': 0.0, 'cache_creation_input_token_cost': 0, 'cache_read_input_token_cost': 0}
Registered custom model 'hosted_vllm/qwen38' with info: {'max_input_tokens': 524288, 'max_output_tokens': 8192, 'input_cost_per_token': 0.0, 'output_cost_per_token': 0.0, 'cache_creation_input_token_cost': 0, 'cache_read_input_token_cost': 0}
Registered custom model 'hosted_vllm/qwen38' with info: {'max_input_tokens': 524288, 'max_output_tokens': 8192, 'input_cost_per_token': 0.0, 'output_cost_per_token': 0.0, 'cache_creation_input_token_cost': 0, 'cache_read_input_token_cost': 0}
Registered custom model 'hosted_vllm/qwen38' with info: {'max_input_tokens': 524288, 'max_output_tokens': 8192, 'input_cost_per_token': 0.0, 'output_cost_per_token': 0.0, 'cache_creation_input_token_cost': 0, 'cache_read_input_token_cost': 0}
Installing: tmux, asciinema
Installing: tmux, asciinema
Detected system: {'os': 'debian-based', 'package_manager': 'apt-get', 'update_command': None}
Installing tools using apt-get: DEBIAN_FRONTEND=noninteractive apt-get update && DEBIAN_FRONTEND=noninteractive apt-get install -y tmux asciinema
Installing: tmux, asciinema
Installing: tmux, asciinema
Detected system: {'os': 'debian-based', 'package_manager': 'apt-get', 'update_command': None}
Installing tools using apt-get: DEBIAN_FRONTEND=noninteractive apt-get update && DEBIAN_FRONTEND=noninteractive apt-get install -y tmux asciinema
Detected system: {'os': 'debian-based', 'package_manager': 'apt-get', 'update_command': None}
Installing tools using apt-get: DEBIAN_FRONTEND=noninteractive apt-get update && DEBIAN_FRONTEND=noninteractive apt-get install -y tmux asciinema
Detected system: {'os': 'debian-based', 'package_manager': 'apt-get', 'update_command': None}
Installing tools using apt-get: DEBIAN_FRONTEND=noninteractive apt-get update && DEBIAN_FRONTEND=noninteractive apt-get install -y tmux asciinema
Starting recording.
Sending keys: ['asciinema rec --stdin /logs/agent/recording.cast', 'Enter'] min_timeout_sec: 1.0 max_timeout_sec: 180.0
Sending keys: ['clear', 'Enter'] min_timeout_sec: 0.0 max_timeout_sec: 180.0
Starting recording.
Sending keys: ['asciinema rec --stdin /logs/agent/recording.cast', 'Enter'] min_timeout_sec: 1.0 max_timeout_sec: 180.0
Starting recording.
Sending keys: ['asciinema rec --stdin /logs/agent/recording.cast', 'Enter'] min_timeout_sec: 1.0 max_timeout_sec: 180.0
Sending keys: ['clear', 'Enter'] min_timeout_sec: 0.0 max_timeout_sec: 180.0
Sending keys: ['ls -la /app\n'] min_timeout_sec: 0.1 max_timeout_sec: 180.0
Sending keys: ['cat /app/sim.c\n'] min_timeout_sec: 0.1 max_timeout_sec: 180.0
Sending keys: ['clear', 'Enter'] min_timeout_sec: 0.0 max_timeout_sec: 180.0
Trajectory dumped to /home/ubuntu/tb21/jobs/tb21c-8x512k-hyd-p1-s7/circuit-fibsqrt__QQ3GBo8/agent/trajectory.json
Starting recording.
Sending keys: ['asciinema rec --stdin /logs/agent/recording.cast', 'Enter'] min_timeout_sec: 1.0 max_timeout_sec: 180.0
Sending keys: ['clear', 'Enter'] min_timeout_sec: 0.0 max_timeout_sec: 180.0
Sending keys: ['ls -la /app/\n'] min_timeout_sec: 0.1 max_timeout_sec: 180.0
Sending keys: ['wc -l /app/text.gcode\n'] min_timeout_sec: 0.1 max_timeout_sec: 180.0
Sending keys: ['ls -la /app/\n'] min_timeout_sec: 0.5 max_timeout_sec: 180.0
Sending keys: ['head -100 /app/text.gcode\n'] min_timeout_sec: 0.1 max_timeout_sec: 180.0
Trajectory dumped to /home/ubuntu/tb21/jobs/tb21c-8x512k-hyd-p1-s7/gcode-to-text__Y4xii2N/agent/trajectory.json
Sending keys: ['cat /app/my-sql-query.sql\n'] min_timeout_sec: 0.5 max_timeout_sec: 180.0
Sending keys: ['file /app/trunc.db\n'] min_timeout_sec: 0.5 max_timeout_sec: 180.0
Sending keys: ['sqlite3 /app/oewn.sqlite ".tables"\n'] min_timeout_sec: 0.5 max_timeout_sec: 180.0
Sending keys: ['xxd /app/trunc.db | head -50\n'] min_timeout_sec: 0.5 max_timeout_sec: 180.0
Sending keys: ['sqlite3 /app/oewn.sqlite ".schema"\n'] min_timeout_sec: 0.5 max_timeout_sec: 180.0
Trajectory dumped to /home/ubuntu/tb21/jobs/tb21c-8x512k-hyd-p1-s7/sqlite-db-truncate__B9LTyMS/agent/trajectory.json
Trajectory dumped to /home/ubuntu/tb21/jobs/tb21c-8x512k-hyd-p1-s7/query-optimize__jsK6FYN/agent/trajectory.json
Sending keys: ['which python3 sqlite3 od hexdump\n'] min_timeout_sec: 0.5 max_timeout_sec: 180.0
Sending keys: ['od -A x -t x1z /app/trunc.db | head -40\n'] min_timeout_sec: 0.5 max_timeout_sec: 180.0
Trajectory dumped to /home/ubuntu/tb21/jobs/tb21c-8x512k-hyd-p1-s7/sqlite-db-truncate__B9LTyMS/agent/trajectory.json
Sending keys: ["grep -n 'M486' /app/text.gcode\n"] min_timeout_sec: 0.1 max_timeout_sec: 180.0
Sending keys: ["grep -n 'M487' /app/text.gcode | head -20\n"] min_timeout_sec: 0.1 max_timeout_sec: 180.0
Sending keys: ["grep -c 'G1' /app/text.gcode\n"] min_timeout_sec: 0.1 max_timeout_sec: 180.0
Sending keys: ["grep -c 'G0' /app/text.gcode\n"] min_timeout_sec: 0.1 max_timeout_sec: 180.0
Sending keys: ['tail -100 /app/text.gcode\n'] min_timeout_sec: 0.1 max_timeout_sec: 180.0
Sending keys: ['python3 -c "import PIL; print(\'PIL available\')" 2>&1\n'] min_timeout_sec: 0.5 max_timeout_sec: 180.0
Sending keys: ['python3 -c "import matplotlib; print(\'matplotlib available\')" 2>&1\n'] min_timeout_sec: 0.5 max_timeout_sec: 180.0
Trajectory dumped to /home/ubuntu/tb21/jobs/tb21c-8x512k-hyd-p1-s7/gcode-to-text__Y4xii2N/agent/trajectory.json
Sending keys: ['pip install Pillow 2>&1 | tail -5\n'] min_timeout_sec: 15.0 max_timeout_sec: 180.0
Sending keys: ["sed -n '110,160p' /app/text.gcode\n"] min_timeout_sec: 0.1 max_timeout_sec: 180.0
Sending keys: ["sed -n '1400,1420p' /app/text.gcode\n"] min_timeout_sec: 0.1 max_timeout_sec: 180.0
Trajectory dumped to /home/ubuntu/tb21/jobs/tb21c-8x512k-hyd-p1-s7/gcode-to-text__Y4xii2N/agent/trajectory.json
Sending keys: ['sqlite3 --version\n'] min_timeout_sec: 0.5 max_timeout_sec: 180.0
Sending keys: ['sqlite3 /app/oewn.sqlite "SELECT name, sql FROM sqlite_master WHERE type=\'index\' AND sql IS NOT NULL;"\n'] min_timeout_sec: 0.5 max_timeout_sec: 180.0
Sending keys: ['sqlite3 /app/oewn.sqlite "SELECT name, sql FROM sqlite_master WHERE type=\'index\';" | head -40\n'] min_timeout_sec: 0.5 max_timeout_sec: 180.0
Sending keys: ["cat > /app/parse.py << 'PYEOF'\nimport re\nfrom PIL import Image, ImageDraw\n\n# Parse gcode\nx = y = z = e = 0.0\ncur_obj = None\nsegs_all = []          # (x0,y0,x1,y1)\nobj_segments = {}      # obj -> list of segs\nobj_names = {}\ncur_obj_id = None\n\nscale = 6.0\n# canvas bounds estimate\nminx=miny=1e9\nmaxx=maxy=-1e9\n\nwith open('/app/text.gcode') as f:\n    for line in f:\n        line = line.strip()\n        if not line:\n            continue\n        if line.startswith('M486 A'):\n            name = line.split(' ',1)[1]\n            obj_names[cur_obj_id] = name\n            continue\n        if line.startswith('M486 S0'):\n            cur_obj_id = 0\n            continue\n        if line.startswith('M486 S1'):\n            cur_obj_id = ('obj', )\n            # treat each begin as new; use counter\n            if not hasattr(parse, 'cnt'):\n                pass\n            continue\n        if line.startswith('M486 S-1'):\n            cur_obj_id = None\n            continue\n        if line.startswith('G0') or line.startswith('G1'):\n            def get(code):\n                m = re.search(code+r'(-?\\d+\\.?\\d*)', line)\n                return float(m.group(1)) if m else None\n            nx = get('X'); ny = get('Y'); nz = get('Z'); ne = get('E')\n            ox, oy = x, y\n            if nx is not None: x = nx\n            if ny is not None: y = ny\n            if nz is not None: z = nz\n            moving_xy = (nx is not None) or (ny is not None)\n            if moving_xy and ne is not None and ne > 0 and (nx is not None or ny is not None):\n                segs_all.append((ox,oy,x,y))\n                if minx>ox: minx=ox\n                if miny>oy: miny=oy\n                if maxx<x: maxx=x\n                if maxy<y: maxy=y\n\nprint('num segments', len(segs_all))\nprint('bounds', minx, miny, maxx, maxy)\nPYEOF\npython3 /app/parse.py\n"] min_timeout_sec: 2.0 max_timeout_sec: 180.0
Trajectory dumped to /home/ubuntu/tb21/jobs/tb21c-8x512k-hyd-p1-s7/query-optimize__jsK6FYN/agent/trajectory.json
Trajectory dumped to /home/ubuntu/tb21/jobs/tb21c-8x512k-hyd-p1-s7/gcode-to-text__Y4xii2N/agent/trajectory.json
Sending keys: ["cat > /app/parse2.py << 'PYEOF'\nimport re\nfrom PIL import Image, ImageDraw\n\nx = y = z = 0.0\ncur_obj = None\nobj_segments = {}   # objname -> list of (x0,y0,x1,y1)\nobj_name_stack = []\ncounter = 0\n\ndef get(code, line):\n    m = re.search(code+r'(-?\\d+\\.?\\d*)', line)\n    return float(m.group(1)) if m else None\n\nwith open('/app/text.gcode') as f:\n    for line in f:\n        line = line.strip()\n        if not line:\n            continue\n        if line.startswith('M486 A'):\n            name = line.split(' ',1)[1]\n            cur_obj = name\n            if cur_obj not in obj_segments:\n                obj_segments[cur_obj] = []\n        elif line.startswith('M486 S-1'):\n            cur_obj = None\n        elif line.startswith('M486 S0') or line.startswith('M486 S1'):\n            pass\n        elif line.startswith('G0') or line.startswith('G1'):\n            nx = get('X', line); ny = get('Y', line); nz = get('Z', line); ne = get('E', line)\n            ox, oy = x, y\n            if nx is not None: x = nx\n            if ny is not None: y = ny\n            if nz is not None: z = nz\n            if ne is not None and ne > 0 and (nx is not None or ny is not None):\n                if cur_obj is not None:\n                    obj_segments[cur_obj].append((ox,oy,x,y))\n\nfor name, segs in obj_segments.items():\n    if segs:\n        xs = [s[0] for s in segs]+[s[2] for s in segs]\n        ys = [s[1] for s in segs]+[s[3] for s in segs]\n        print(f'{name}: {len(segs)} segs  X[{min(xs):.1f},{max(xs):.1f}] Y[{min(ys):.1f},{max(ys):.1f}]')\nPYEOF\npython3 /app/parse2.py\n"] min_timeout_sec: 2.0 max_timeout_sec: 180.0
Trajectory dumped to /home/ubuntu/tb21/jobs/tb21c-8x512k-hyd-p1-s7/gcode-to-text__Y4xii2N/agent/trajectory.json
Sending keys: ['sqlite3 /app/oewn.sqlite < /app/my-sql-query.sql > /tmp/orig.out 2>/tmp/orig.err; echo "exit: $?"; wc -l /tmp/orig.out; head -5 /tmp/orig.out; cat /tmp/orig.err\n'] min_timeout_sec: 30.0 max_timeout_sec: 180.0
Trajectory dumped to /home/ubuntu/tb21/jobs/tb21c-8x512k-hyd-p1-s7/query-optimize__jsK6FYN/agent/trajectory.json
Sending keys: [''] min_timeout_sec: 20.0 max_timeout_sec: 180.0
Trajectory dumped to /home/ubuntu/tb21/jobs/tb21c-8x512k-hyd-p1-s7/query-optimize__jsK6FYN/agent/trajectory.json
Sending keys: [''] min_timeout_sec: 30.0 max_timeout_sec: 180.0
Trajectory dumped to /home/ubuntu/tb21/jobs/tb21c-8x512k-hyd-p1-s7/query-optimize__jsK6FYN/agent/trajectory.json
Sending keys: [''] min_timeout_sec: 60.0 max_timeout_sec: 180.0
Parser warnings: - Extra text detected before JSON object
Sending keys: ["cat > /app/parse3.py << 'PYEOF'\nimport re\n\ndef get(code, line):\n    m = re.search(code+r'(-?\\d+\\.?\\d*)', line)\n    return float(m.group(1)) if m else None\n\nx=y=z=0.0\nmode=None\nsegs0=[]  # text\nsegs1=[]  # box\n\nwith open('/app/text.gcode') as f:\n    for line in f:\n        line=line.strip()\n        if not line: continue\n        if line.startswith('M486 S0'): mode=0\n        elif line.startswith('M486 S1'): mode=1\n        elif line.startswith('M486 S-1'): mode=None\n        elif line.startswith('G0') or line.startswith('G1'):\n            nx=get('X',line); ny=get('Y',line); nz=get('Z',line); ne=get('E',line)\n            ox,oy=x,y\n            if nx is not None: x=nx\n            if ny is not None: y=ny\n            if nz is not None: z=nz\n            if ne is not None and ne>0 and (nx is not None or ny is not None):\n                if mode==0: segs0.append((ox,oy,x,y))\n                elif mode==1: segs1.append((ox,oy,x,y))\n\ndef bounds(segs):\n    xs=[s[0] for s in segs]+[s[2] for s in segs]\n    ys=[s[1] for s in segs]+[s[3] for s in segs]\n    return min(xs),min(ys),max(xs),max(ys)\n\nprint('text segs', len(segs0), 'box segs', len(segs1))\nprint('text bounds', [round(v,1) for v in bounds(segs0)])\nprint('box bounds', [round(v,1) for v in bounds(segs1)])\n\n# Render text (mode 0) as ASCII top-down view\nminx,miny,maxx,maxy=bounds(segs0)\ndx=maxx-minx; dy=maxy-miny\nW=150\nH=int(round(W*(dy/dx)*0.5))\ngrid=[[' ']*W for _ in range(H)]\ndef plot(px,py):\n    cx=int((px-minx)/dx*(W-1))\n    cy=int((py-miny)/dy*(H-1))\n    cy=H-1-cy\n    if 0<=cx<W and 0<=cy<H: grid[cy][cx]='#'\nimport math\nfor (x0,y0,x1,y1) in segs0:\n    L=math.hypot(x1-x0,y1-y0)\n    n=max(1,int(L/0.15))\n    for i in range(n+1):\n        t=i/n\n        plot(x0+(x1-x0)*t, y0+(y1-y0)*t)\nprint('=== TEXT TOP VIEW ===')\nfor row in grid:\n    print(''.join(row))\nPYEOF\npython3 /app/parse3.py\n"] min_timeout_sec: 3.0 max_timeout_sec: 180.0
Trajectory dumped to /home/ubuntu/tb21/jobs/tb21c-8x512k-hyd-p1-s7/gcode-to-text__Y4xii2N/agent/trajectory.json
Parser warnings: - Extra text detected before JSON object
Sending keys: ["cat > /app/parse3.py << 'PYEOF'\nimport re, math\n\nCO = r'(-?\\d*\\.?\\d+)'\ndef get(code, line):\n    m = re.search(code+CO, line)\n    return float(m.group(1)) if m else None\n\nx=y=z=0.0\nmode=None\nsegs0=[]\nsegs1=[]\n\nwith open('/app/text.gcode') as f:\n    for line in f:\n        line=line.strip()\n        if not line: continue\n        if line.startswith('M486 S0'): mode=0\n        elif line.startswith('M486 S1'): mode=1\n        elif line.startswith('M486 S-1'): mode=None\n        elif line.startswith('G0') or line.startswith('G1'):\n            nx=get('X',line); ny=get('Y',line); nz=get('Z',line); ne=get('E',line)\n            ox,oy=x,y\n            if nx is not None: x=nx\n            if ny is not None: y=ny\n            if nz is not None: z=nz\n            if ne is not None and ne>0 and (nx is not None or ny is not None):\n                if mode==0: segs0.append((ox,oy,x,y))\n                elif mode==1: segs1.append((ox,oy,x,y))\n\ndef bounds(segs):\n    xs=[s[0] for s in segs]+[s[2] for s in segs]\n    ys=[s[1] for s in segs]+[s[3] for s in segs]\n    return min(xs),min(ys),max(xs),max(ys)\n\nprint('text segs', len(segs0), 'box segs', len(segs1))\nif segs0:\n    print('text bounds', [round(v,1) for v in bounds(segs0)])\nprint('box bounds', [round(v,1) for v in bounds(segs1)])\n\nminx,miny,maxx,maxy=bounds(segs0)\ndx=maxx-minx; dy=maxy-miny\nW=180\nH=int(round(W*(dy/dx)*0.55))\ngrid=[[' ']*W for _ in range(H)]\ndef plot(px,py):\n    cx=int((px-minx)/dx*(W-1))\n    cy=int((py-miny)/dy*(H-1))\n    cy=H-1-cy\n    if 0<=cx<W and 0<=cy<H: grid[cy][cx]='#'\nfor (x0,y0,x1,y1) in segs0:\n    L=math.hypot(x1-x0,y1-y0)\n    n=max(1,int(L/0.1))\n    for i in range(n+1):\n        t=i/n\n        plot(x0+(x1-x0)*t, y0+(y1-y0)*t)\nprint('=== TEXT TOP VIEW ===')\nfor row in grid:\n    print(''.join(row))\nPYEOF\npython3 /app/parse3.py\n"] min_timeout_sec: 3.0 max_timeout_sec: 180.0
Trajectory dumped to /home/ubuntu/tb21/jobs/tb21c-8x512k-hyd-p1-s7/gcode-to-text__Y4xii2N/agent/trajectory.json
Sending keys: ['cat << \'PYEOF\' > /app/recover.py\nimport struct, json\n\ndef read_varint(data, offset):\n    result = 0\n    for i in range(9):\n        if offset + i >= len(data):\n            return result, offset + i\n        byte = data[offset + i]\n        if i == 8:\n            result = (result << 8) | byte\n            return result, offset + 9\n        result = (result << 7) | (byte & 0x7f)\n        if not (byte & 0x80):\n            return result, offset + i + 1\n    return result, offset + 9\n\ndef value_size(st):\n    if st in (0, 8, 9): return 0\n    if st == 1: return 1\n    if st == 2: return 2\n    if st == 3: return 3\n    if st == 4: return 4\n    if st == 5: return 6\n    if st in (6, 7): return 8\n    if st >= 12:\n        return (st - 12) // 2\n    return 0\n\ndef read_value(data, offset, st):\n    if st == 0: return None\n    if st == 1: return struct.unpack_from(\'b\', data, offset)[0]\n    if st == 2: return struct.unpack_from(\'>h\', data, offset)[0]\n    if st == 3:\n        v = int.from_bytes(data[offset:offset+3], \'big\')\n        return v - 0x1000000 if v & 0x800000 else v\n    if st == 4: return struct.unpack_from(\'>i\', data, offset)[0]\n    if st == 5:\n        v = int.from_bytes(data[offset:offset+6], \'big\')\n        return v - 0x10000000000 if v & 0x8000000000 else v\n    if st == 6: return struct.unpack_from(\'>q\', data, offset)[0]\n    if st == 7: return struct.unpack_from(\'>d\', data, offset)[0]\n    if st == 8: return 0\n    if st == 9: return 1\n    if st >= 12:\n        sz = value_size(st)\n        if st % 2 == 0:\n            return data[offset:offset+sz]\n        else:\n            return data[offset:offset+sz].decode(\'utf-8\')\n    return None\n\ndef parse_cell(data, cell_off):\n    offset = cell_off\n    payload_len, offset = read_varint(data, offset)\n    rowid, offset = read_varint(data, offset)\n    record_start = offset\n    header_len, offset = read_varint(data, offset)\n    header_end = record_start + header_len\n    serial_types = []\n    while offset < header_end:\n        st, offset = read_varint(data, offset)\n        serial_types.append(st)\n    values = []\n    for st in serial_types:\n        v = read_value(data, offset, st)\n        offset += value_size(st)\n        values.append(v)\n    return rowid, values\n\ndata = open(\'/app/trunc.db\', \'rb\').read()\nprint(f"File size: {len(data)}")\nprint(f"First bytes: {data[:8].hex()}")\n\nrows = []\n# Try cell pointers at offset 8, with varying cell counts\nbest_rows = []\nfor num_cells in range(1, 20):\n    rows = []\n    valid = True\n    for i in range(num_cells):\n        ptr_off = 8 + i * 2\n        if ptr_off + 2 > len(data):\n            valid = False; break\n        cell_off = struct.unpack_from(\'>H\', data, ptr_off)[0]\n        if cell_off <= 8 or cell_off >= len(data):\n            valid = False; break\n        try:\n            rowid, values = parse_cell(data, cell_off)\n            rows.append((rowid, values))\n        except Exception as e:\n            valid = False; break\n    if valid and len(rows) > len(best_rows):\n        best_rows = rows\n\nprint(f"Parsed {len(best_rows)} rows")\nresults = []\nfor rowid, values in sorted(best_rows):\n    word = None\n    val = None\n    for v in values:\n        if isinstance(v, str):\n            word = v\n        elif v is not None and not isinstance(v, bytes):\n            val = v\n    if word is not None:\n        results.append({"word": word, "value": val})\n    print(f"  rowid={rowid}: {values}")\n\nprint(json.dumps(results, indent=2))\nwith open(\'/app/recover.json\', \'w\') as f:\n    json.dump(results, f)\nprint("Written to /app/recover.json")\nPYEOF\n'] min_timeout_sec: 0.5 max_timeout_sec: 180.0
Sending keys: ['python3 /app/recover.py\n'] min_timeout_sec: 2.0 max_timeout_sec: 180.0
Trajectory dumped to /home/ubuntu/tb21/jobs/tb21c-8x512k-hyd-p1-s7/sqlite-db-truncate__B9LTyMS/agent/trajectory.json
Sending keys: ['cat /app/recover.json\n'] min_timeout_sec: 0.5 max_timeout_sec: 180.0
Trajectory dumped to /home/ubuntu/tb21/jobs/tb21c-8x512k-hyd-p1-s7/sqlite-db-truncate__B9LTyMS/agent/trajectory.json
Trajectory dumped to /home/ubuntu/tb21/jobs/tb21c-8x512k-hyd-p1-s7/sqlite-db-truncate__B9LTyMS/agent/trajectory.json
Trajectory dumped to /home/ubuntu/tb21/jobs/tb21c-8x512k-hyd-p1-s7/sqlite-db-truncate__B9LTyMS/agent/trajectory.json
Trajectory dumped to /home/ubuntu/tb21/jobs/tb21c-8x512k-hyd-p1-s7/sqlite-db-truncate__B9LTyMS/agent/trajectory.json
Collecting main service artifacts
Trajectory dumped to /home/ubuntu/tb21/jobs/tb21c-8x512k-hyd-p1-s7/query-optimize__jsK6FYN/agent/trajectory.json
Sending keys: ['jobs\n'] min_timeout_sec: 0.5 max_timeout_sec: 180.0
Sending keys: [''] min_timeout_sec: 30.0 max_timeout_sec: 180.0
Parser warnings: - Extra text detected before JSON object
Sending keys: ['python3 -c "import numpy; print(\'numpy\', numpy.__version__)" 2>&1\n'] min_timeout_sec: 0.5 max_timeout_sec: 180.0
Sending keys: ["cat > /app/parse4.py << 'PYEOF'\nimport re, math\n\nCO = r'(-?\\d*\\.?\\d+)'\ndef get(code, line):\n    m = re.search(code+CO, line)\n    return float(m.group(1)) if m else None\n\nx=y=z=0.0; mode=None\nsegs0=[]\nwith open('/app/text.gcode') as f:\n    for line in f:\n        line=line.strip()\n        if not line: continue\n        if line.startswith('M486 S0'): mode=0\n        elif line.startswith('M486 S1'): mode=1\n        elif line.startswith('M486 S-1'): mode=None\n        elif line.startswith('G0') or line.startswith('G1'):\n            nx=get('X',line); ny=get('Y',line); nz=get('Z',line); ne=get('E',line)\n            ox,oy=x,y\n            if nx is not None: x=nx\n            if ny is not None: y=ny\n            if nz is not None: z=nz\n            if ne is not None and ne>0 and (nx is not None or ny is not None):\n                if mode==0: segs0.append((ox,oy,x,y))\n\n# dense sample\npts=[]\nfor (x0,y0,x1,y1) in segs0:\n    L=math.hypot(x1-x0,y1-y0)\n    n=max(1,int(L/0.05))\n    for i in range(n+1):\n        t=i/n\n        pts.append((x0+(x1-x0)*t, y0+(y1-y0)*t))\n\n# PCA\nn=len(pts)\nmx=sum(p[0] for p in pts)/n\nmy=sum(p[1] for p in pts)/n\nsxx=sum((p[0]-mx)**2 for p in pts)\nsyy=sum((p[1]-my)**2 for p in pts)\nsxy=sum((p[0]-mx)*(p[1]-my) for p in pts)\n# eigen of [[sxx,sxy],[sxy,syy]]\ntr=sxx+syy; det=sxx*syy-sxy*sxy\nbig_e=((tr+math.sqrt(tr*tr-4*det))/2)\n# principal eigenvector\nif sxy!=0:\n    lam=big_e-syy\n    if abs(lam)>1e-9:\n        vx=1; vy=lam/sxy\n    else:\n        vx=0; vy=1\nelse:\n    vx=1; vy=0\nnorm=math.hypot(vx,vy); vx/=norm; vy/=norm\nangle=math.degrees(math.atan2(vy,vx))\nprint('principal angle deg:', round(angle,2))\nprint('extents after rotation:')\nr=-angle*math.pi/180\ncosr=math.cos(r); sinr=math.sin(r)\nrpts=[]\nfor (px,py) in pts:\n    dx=px-mx; dy=py-my\n    rx=dx*cosr-dy*sinr\n    ry=dx*sinr+dy*cosr\n    rpts.append((rx,ry))\nxs=[p[0] for p in rpts]; ys=[p[1] for p in rpts]\nprint('  X', round(min(xs),1), round(max(xs),1))\nprint('  Y', round(min(ys),1), round(max(ys),1))\nPYEOF\npython3 /app/parse4.py\n"] min_timeout_sec: 3.0 max_timeout_sec: 180.0
Trajectory dumped to /home/ubuntu/tb21/jobs/tb21c-8x512k-hyd-p1-s7/gcode-to-text__Y4xii2N/agent/trajectory.json
Registered custom model 'hosted_vllm/qwen38' with info: {'max_input_tokens': 524288, 'max_output_tokens': 8192, 'input_cost_per_token': 0.0, 'output_cost_per_token': 0.0, 'cache_creation_input_token_cost': 0, 'cache_read_input_token_cost': 0}
Both tmux and asciinema are already installed
Starting recording.
Sending keys: ['asciinema rec --stdin /logs/agent/recording.cast', 'Enter'] min_timeout_sec: 1.0 max_timeout_sec: 180.0
Sending keys: ['clear', 'Enter'] min_timeout_sec: 0.0 max_timeout_sec: 180.0
Trajectory dumped to /home/ubuntu/tb21/jobs/tb21c-8x512k-hyd-p1-s7/query-optimize__jsK6FYN/agent/trajectory.json
Parser warnings: - Extra text detected before JSON object
Sending keys: ["cat > /app/parse5.py << 'PYEOF'\nimport re, math\n\nCO = r'(-?\\d*\\.?\\d+)'\ndef get(code, line):\n    m = re.search(code+CO, line)\n    return float(m.group(1)) if m else None\n\nx=y=z=0.0; mode=None\nsegs0=[]\nwith open('/app/text.gcode') as f:\n    for line in f:\n        line=line.strip()\n        if not line: continue\n        if line.startswith('M486 S0'): mode=0\n        elif line.startswith('M486 S1'): mode=1\n        elif line.startswith('M486 S-1'): mode=None\n        elif line.startswith('G0') or line.startswith('G1'):\n            nx=get('X',line); ny=get('Y',line); nz=get('Z',line); ne=get('E',line)\n            ox,oy=x,y\n            if nx is not None: x=nx\n            if ny is not None: y=ny\n            if nz is not None: z=nz\n            if ne is not None and ne>0 and (nx is not None or ny is not None):\n                if mode==0: segs0.append((ox,oy,x,y))\n\npts=[]\nfor (x0,y0,x1,y1) in segs0:\n    L=math.hypot(x1-x0,y1-y0)\n    n=max(1,int(L/0.05))\n    for i in range(n+1):\n        t=i/n\n        pts.append((x0+(x1-x0)*t, y0+(y1-y0)*t))\n\nn=len(pts)\nmx=sum(p[0] for p in pts)/n; my=sum(p[1] for p in pts)/n\nsxx=sum((p[0]-mx)**2 for p in pts); syy=sum((p[1]-my)**2 for p in pts)\nsxy=sum((p[0]-mx)*(p[1]-my) for p in pts)\ntr=sxx+syy; det=sxx*syy-sxy*sxy\nbig_e=(tr+math.sqrt(tr*tr-4*det))/2\nif sxy!=0:\n    lam=big_e-syy\n    vx,vy=(1,lam/sxy) if abs(lam)>1e-9 else (0,1)\nelse:\n    vx,vy=1,0\nvn=math.hypot(vx,vy); vx/=vn; vy/=vn\nangle=math.degrees(math.atan2(vy,vx))\n\ndef render(theta_deg, label, W=200):\n    r=-theta_deg*math.pi/180; cr=math.cos(r); sr=math.sin(r)\n    rp=[]\n    for (px,py) in pts:\n        dx=px-mx; dy=py-my\n        rp.append((dx*cr-dy*sr, dx*sr+dy*cr))\n    xs=[p[0] for p in rp]; ys=[p[1] for p in rp]\n    minx,maxx=min(xs),max(xs); miny,maxy=min(ys),max(ys)\n    dxr=maxx-minx; dyr=maxy-miny\n    H=int(round(W*(dyr/dxr)*0.5))\n    grid=[[' ']*W for _ in range(H)]\n    def plot(px,py):\n        cx=int((px-minx)/dxr*(W-1)); cy=int((py-miny)/dyr*(H-1)); cy=H-1-cy\n        if 0<=cx<W and 0<=cy<H: grid[cy][cx]='#'\n    for (px,py) in rp: plot(px,py)\n    print('=== '+label+' (theta='+str(theta_deg)+' WxH='+str(W)+'x'+str(H)+') ===')\n    for row in grid: print(''.join(row))\n\nrender(angle)\nPYEOF\npython3 /app/parse5.py\n"] min_timeout_sec: 3.0 max_timeout_sec: 180.0
Trajectory dumped to /home/ubuntu/tb21/jobs/tb21c-8x512k-hyd-p1-s7/gcode-to-text__Y4xii2N/agent/trajectory.json
Sending keys: ['sed -i \'s/^render(angle)$/render(angle, "rotated")/\' /app/parse5.py\npython3 /app/parse5.py\n'] min_timeout_sec: 3.0 max_timeout_sec: 180.0
Trajectory dumped to /home/ubuntu/tb21/jobs/tb21c-8x512k-hyd-p1-s7/gcode-to-text__Y4xii2N/agent/trajectory.json
Sending keys: ['ls -la /app\n'] min_timeout_sec: 0.1 max_timeout_sec: 180.0
Sending keys: ['which curl wget jq python3 git\n'] min_timeout_sec: 0.1 max_timeout_sec: 180.0
Sending keys: ['curl -sI --max-time 10 https://huggingface.co | head -n 20\n'] min_timeout_sec: 5.0 max_timeout_sec: 180.0
Trajectory dumped to /home/ubuntu/tb21/jobs/tb21c-8x512k-hyd-p1-s7/mteb-leaderboard__CPR5U78/agent/trajectory.json
Sending keys: ["cat > /app/sol.sql << 'EOF'\nWITH word_stats AS (\n  SELECT\n    w.wordid,\n    w.word,\n    COUNT(DISTINCT s.synsetid) AS total_synsets,\n    COUNT(*) AS total_senses,\n    COUNT(DISTINCT syn.domainid) AS distinct_domains,\n    COUNT(DISTINCT syn.posid) AS distinct_posids\n  FROM words w\n  JOIN senses s ON w.wordid = s.wordid\n  JOIN synsets syn ON s.synsetid = syn.synsetid\n  GROUP BY w.wordid, w.word\n  HAVING total_synsets >= 2\n    AND distinct_domains >= 2\n    AND total_senses >= 2\n),\nranked_synsets AS (\n  SELECT\n    s.wordid,\n    s.synsetid,\n    COUNT(*) AS cnt,\n    ROW_NUMBER() OVER (\n      PARTITION BY s.wordid\n      ORDER BY COUNT(*) DESC, s.synsetid ASC\n    ) AS rn\n  FROM senses s\n  GROUP BY s.wordid, s.synsetid\n)\nSELECT\n  ws.wordid AS word_id,\n  ws.word,\n  ws.total_synsets,\n  ws.total_senses,\n  ws.distinct_domains,\n  ws.distinct_posids,\n  rs.synsetid AS top_synsetid,\n  rs.cnt AS top_synset_sense_count\nFROM word_stats ws\nJOIN ranked_synsets rs ON ws.wordid = rs.wordid AND rs.rn = 1\nORDER BY\n  ws.total_senses DESC,\n  ws.total_synsets DESC,\n  ws.distinct_domains DESC,\n  ws.wordid ASC\nLIMIT 500;\nEOF\n"] min_timeout_sec: 0.5 max_timeout_sec: 180.0
Sending keys: ['time sqlite3 /app/oewn.sqlite < /app/sol.sql > /tmp/opt.out 2>/tmp/opt.err\n'] min_timeout_sec: 60.0 max_timeout_sec: 180.0
Sending keys: ['wget -qO- --timeout=10 https://huggingface.co | head -n 40\n'] min_timeout_sec: 10.0 max_timeout_sec: 180.0
Sending keys: ['wget -qO- --timeout=10 https://huggingface.co/spaces/mteb/leaderboard | head -n 100\n'] min_timeout_sec: 10.0 max_timeout_sec: 180.0
Parser warnings: - Extra text detected before JSON object
Sending keys: ["cat > /app/sweep.py << 'PYEOF'\nimport re, math\n\nCO = r'(-?\\d*\\.?\\d+)'\ndef get(code, line):\n    m = re.search(code+CO, line)\n    return float(m.group(1)) if m else None\n\nx=y=z=0.0; mode=None\nsegs0=[]\nwith open('/app/text.gcode') as f:\n    for line in f:\n        line=line.strip()\n        if not line: continue\n        if line.startswith('M486 S0'): mode=0\n        elif line.startswith('M486 S1'): mode=1\n        elif line.startswith('M486 S-1'): mode=None\n        elif line.startswith('G0') or line.startswith('G1'):\n            nx=get('X',line); ny=get('Y',line); nz=get('Z',line); ne=get('E',line)\n            ox,oy=x,y\n            if nx is not None: x=nx\n            if ny is not None: y=ny\n            if nz is not None: z=nz\n            if ne is not None and ne>0 and (nx is not None or ny is not None):\n                if mode==0: segs0.append((ox,oy,x,y))\n\npts=[]\nfor (x0,y0,x1,y1) in segs0:\n    L=math.hypot(x1-x0,y1-y0)\n    n=max(1,int(L/0.05))\n    for i in range(n+1):\n        t=i/n\n        pts.append((x0+(x1-x0)*t, y0+(y1-y0)*t))\n\nn=len(pts)\nmx=sum(p[0] for p in pts)/n; my=sum(p[1] for p in pts)/n\ncand=[]\nfor deg10 in range(0,1800,5):\n    th=deg10/10.0\n    r=-th*math.pi/180; cr=math.cos(r); sr=math.sin(r)\n    minx=miny=1e9; maxx=maxy=-1e9\n    for (px,py) in pts:\n        dx=px-mx; dy=py-my\n        rx=dx*cr-dy*sr; ry=dx*sr+dy*cr\n        if rx<minx: minx=rx\n        if rx>maxx: maxx=rx\n        if ry<miny: miny=ry\n        if ry>maxy: maxy=ry\n    W=maxx-minx; H=maxy-miny\n    if H>1e-6:\n        cand.append((W/H, th, W, H))\ncand.sort(reverse=True)\nfor a in cand[:12]:\n    print(f'theta={a[1]:6.1f}  aspect={a[0]:7.2f}  W={a[2]:6.1f} H={a[3]:6.1f}')\nPYEOF\npython3 /app/sweep.py\n"] min_timeout_sec: 3.0 max_timeout_sec: 180.0
Trajectory dumped to /home/ubuntu/tb21/jobs/tb21c-8x512k-hyd-p1-s7/gcode-to-text__Y4xii2N/agent/trajectory.json
Sending keys: [''] min_timeout_sec: 8.0 max_timeout_sec: 180.0
Trajectory dumped to /home/ubuntu/tb21/jobs/tb21c-8x512k-hyd-p1-s7/mteb-leaderboard__CPR5U78/agent/trajectory.json
Sending keys: ["wget -qO- --timeout=15 'https://huggingface.co/api/datasets?author=mteb&limit=100' | python3 -m json.tool | head -n 200\n"] min_timeout_sec: 10.0 max_timeout_sec: 180.0
Trajectory dumped to /home/ubuntu/tb21/jobs/tb21c-8x512k-hyd-p1-s7/gcode-to-text__Y4xii2N/agent/trajectory.json
Sending keys: [''] min_timeout_sec: 15.0 max_timeout_sec: 180.0
Sending keys: ["wget -qO- --timeout=15 'https://huggingface.co/api/spaces/mteb/leaderboard/tree/main' | python3 -m json.tool | head -n 200\n"] min_timeout_sec: 10.0 max_timeout_sec: 180.0
Trajectory dumped to /home/ubuntu/tb21/jobs/tb21c-8x512k-hyd-p1-s7/gcode-to-text__Y4xii2N/agent/trajectory.json
Sending keys: ["wget -qO- --timeout=15 'https://huggingface.co/api/datasets/mteb/leaderboard' | python3 -m json.tool | head -n 200\n"] min_timeout_sec: 10.0 max_timeout_sec: 180.0
Parser warnings: - Command 1 should end with newline when followed by another command. Otherwise the two commands will be concatenated together on the same line.
Sending keys: ['C-c'] min_timeout_sec: 0.5 max_timeout_sec: 180.0
Sending keys: ["cat > /app/sweep2.py << 'PYEOF'\nimport re, math\n\nCO = r'(-?\\d*\\.?\\d+)'\ndef get(code, line):\n    m = re.search(code+CO, line)\n    return float(m.group(1)) if m else None\n\nx=y=z=0.0; mode=None\nsegs0=[]\nwith open('/app/text.gcode') as f:\n    for line in f:\n        line=line.strip()\n        if not line: continue\n        if line.startswith('M486 S0'): mode=0\n        elif line.startswith('M486 S1'): mode=1\n        elif line.startswith('M486 S-1'): mode=None\n        elif line.startswith('G0') or line.startswith('G1'):\n            nx=get('X',line); ny=get('Y',line); nz=get('Z',line); ne=get('E',line)\n            ox,oy=x,y\n            if nx is not None: x=nx\n            if ny is not None: y=ny\n            if nz is not None: z=nz\n            if ne is not None and ne>0 and (nx is not None or ny is not None):\n                if mode==0: segs0.append((ox,oy,x,y))\n\n# Use sparse points (every 20th sample) for sweep\npts=[]\nfor (x0,y0,x1,y1) in segs0:\n    L=math.hypot(x1-x0,y1-y0)\n    n=max(1,int(L/0.5))\n    for i in range(n+1):\n        t=i/n\n        pts.append((x0+(x1-x0)*t, y0+(y1-y0)*t))\nprint('sparse pts:', len(pts))\nn=len(pts)\nmx=sum(p[0] for p in pts)/n; my=sum(p[1] for p in pts)/n\n# center\npts=[(p[0]-mx, p[1]-my) for p in pts]\n\ncand=[]\nfor deg in range(0,180,1):\n    r=-deg*math.pi/180; cr=math.cos(r); sr=math.sin(r)\n    minx=miny=1e9; maxx=maxy=-1e9\n    for (px,py) in pts:\n        rx=px*cr-py*sr; ry=px*sr+py*cr\n        if rx<minx: minx=rx\n        if rx>maxx: maxx=rx\n        if ry<miny: miny=ry\n        if ry>maxy: maxy=ry\n    W=maxx-minx; H=maxy-miny\n    if H>1e-6:\n        cand.append((W/H, deg, W, H))\ncand.sort(reverse=True)\nprint('Top 20 by aspect:')\nfor a in cand[:20]:\n    print(f'  theta={a[1]:4d}  aspect={a[0]:6.2f}  W={a[2]:6.1f} H={a[3]:6.1f}')\nPYEOF\npython3 /app/sweep2.py\n"] min_timeout_sec: 10.0 max_timeout_sec: 180.0
Trajectory dumped to /home/ubuntu/tb21/jobs/tb21c-8x512k-hyd-p1-s7/mteb-leaderboard__CPR5U78/agent/trajectory.json
Trajectory dumped to /home/ubuntu/tb21/jobs/tb21c-8x512k-hyd-p1-s7/query-optimize__jsK6FYN/agent/trajectory.json
Sending keys: ['wc -l /tmp/orig.out /tmp/opt.out\n'] min_timeout_sec: 0.1 max_timeout_sec: 180.0
Sending keys: ['cat /tmp/opt.err\n'] min_timeout_sec: 0.1 max_timeout_sec: 180.0
Sending keys: ['diff /tmp/orig.out /tmp/opt.out && echo "OUTPUTS IDENTICAL" || echo "OUTPUTS DIFFER"\n'] min_timeout_sec: 0.5 max_timeout_sec: 180.0
Trajectory dumped to /home/ubuntu/tb21/jobs/tb21c-8x512k-hyd-p1-s7/query-optimize__jsK6FYN/agent/trajectory.json
Sending keys: ["wget -qO- --timeout=20 'https://huggingface.co/spaces/mteb/leaderboard/raw/main/models.py' -O /app/models.py\n"] min_timeout_sec: 10.0 max_timeout_sec: 180.0
Trajectory dumped to /home/ubuntu/tb21/jobs/tb21c-8x512k-hyd-p1-s7/gcode-to-text__Y4xii2N/agent/trajectory.json
Sending keys: ['cat /app/sol.sql\n'] min_timeout_sec: 0.1 max_timeout_sec: 180.0
Sending keys: ["grep -c '--' /app/sol.sql\n"] min_timeout_sec: 0.1 max_timeout_sec: 180.0
Trajectory dumped to /home/ubuntu/tb21/jobs/tb21c-8x512k-hyd-p1-s7/query-optimize__jsK6FYN/agent/trajectory.json
Sending keys: ['wc -l /app/models.py\n'] min_timeout_sec: 0.1 max_timeout_sec: 180.0
Sending keys: ['head -n 100 /app/models.py\n'] min_timeout_sec: 0.1 max_timeout_sec: 180.0
Trajectory dumped to /home/ubuntu/tb21/jobs/tb21c-8x512k-hyd-p1-s7/mteb-leaderboard__CPR5U78/agent/trajectory.json
Trajectory dumped to /home/ubuntu/tb21/jobs/tb21c-8x512k-hyd-p1-s7/query-optimize__jsK6FYN/agent/trajectory.json
Trajectory dumped to /home/ubuntu/tb21/jobs/tb21c-8x512k-hyd-p1-s7/query-optimize__jsK6FYN/agent/trajectory.json
Collecting main service artifacts
Sending keys: ["wget -qO- --timeout=15 'https://huggingface.co/spaces/mteb/leaderboard' -O /tmp/leaderboard.html\n"] min_timeout_sec: 10.0 max_timeout_sec: 180.0
Parser warnings: - Extra text detected before JSON object
Sending keys: ["cat > /app/render.py << 'PYEOF'\nimport re, math\n\nCO = r'(-?\\d*\\.?\\d+)'\ndef get(code, line):\n    m = re.search(code+CO, line)\n    return float(m.group(1)) if m else None\n\nx=y=z=0.0; mode=None\nsegs0=[]\nwith open('/app/text.gcode') as f:\n    for line in f:\n        line=line.strip()\n        if not line: continue\n        if line.startswith('M486 S0'): mode=0\n        elif line.startswith('M486 S1'): mode=1\n        elif line.startswith('M486 S-1'): mode=None\n        elif line.startswith('G0') or line.startswith('G1'):\n            nx=get('X',line); ny=get('Y',line); nz=get('Z',line); ne=get('E',line)\n            ox,oy=x,y\n            if nx is not None: x=nx\n            if ny is not None: y=ny\n            if nz is not None: z=nz\n            if ne is not None and ne>0 and (nx is not None or ny is not None):\n                if mode==0: segs0.append((ox,oy,x,y))\n\npts=[]\nfor (x0,y0,x1,y1) in segs0:\n    L=math.hypot(x1-x0,y1-y0)\n    n=max(1,int(L/0.05))\n    for i in range(n+1):\n        t=i/n\n        pts.append((x0+(x1-x0)*t, y0+(y1-y0)*t))\n\nn=len(pts)\nmx=sum(p[0] for p in pts)/n; my=sum(p[1] for p in pts)/n\n\nfor theta in [22, 202]:\n    r=-theta*math.pi/180; cr=math.cos(r); sr=math.sin(r)\n    rp=[]\n    for (px,py) in pts:\n        dx=px-mx; dy=py-my\n        rp.append((dx*cr-dy*sr, dx*sr+dy*cr))\n    xs=[p[0] for p in rp]; ys=[p[1] for p in rp]\n    minx,maxx=min(xs),max(xs); miny,maxy=min(ys),max(ys)\n    dxr=maxx-minx; dyr=maxy-miny\n    W=220\n    H=int(round(W*(dyr/dxr)*0.5))\n    grid=[[' ']*W for _ in range(H)]\n    def plot(px,py):\n        cx=int((px-minx)/dxr*(W-1)); cy=int((py-miny)/dyr*(H-1)); cy=H-1-cy\n        if 0<=cx<W and 0<=cy<H: grid[cy][cx]='#'\n    for (px,py) in rp: plot(px,py)\n    print(f'=== theta={theta} (W={W} H={H}) ===')\n    for row in grid: print(''.join(row))\n    print()\nPYEOF\npython3 /app/render.py\n"] min_timeout_sec: 5.0 max_timeout_sec: 180.0
Trajectory dumped to /home/ubuntu/tb21/jobs/tb21c-8x512k-hyd-p1-s7/gcode-to-text__Y4xii2N/agent/trajectory.json
Sending keys: ['grep -o \'config[^"\\\' ]*\' /tmp/leaderboard.html | head -20\n'] min_timeout_sec: 0.1 max_timeout_sec: 180.0
Sending keys: ['grep -o \'/gradio[^"\\\' ]*\' /tmp/leaderboard.html | head -20\n'] min_timeout_sec: 0.1 max_timeout_sec: 180.0
Sending keys: ['grep -o \'https://[^"\\\' ]*\\(csv\\|json\\|parquet\\|db\\|sqlite\\|leaderboard\\)[^"\\\' ]*\' /tmp/leaderboard.html | head -30\n'] min_timeout_sec: 0.1 max_timeout_sec: 180.0
Trajectory dumped to /home/ubuntu/tb21/jobs/tb21c-8x512k-hyd-p1-s7/mteb-leaderboard__CPR5U78/agent/trajectory.json
Sending keys: ["grep -i 'gradio\\|config\\|api\\|data\\|csv\\|json' /tmp/leaderboard.html | head -40\n"] min_timeout_sec: 0.1 max_timeout_sec: 180.0
Sending keys: ['wc -c /tmp/leaderboard.html\n'] min_timeout_sec: 0.1 max_timeout_sec: 180.0
Sending keys: ['tail -n 80 /tmp/leaderboard.html\n'] min_timeout_sec: 0.1 max_timeout_sec: 180.0
Sending keys: ["wget -qO- --timeout=15 'https://mteb-leaderboard.hf.space/config' | python3 -m json.tool | head -n 100\n"] min_timeout_sec: 10.0 max_timeout_sec: 180.0
Trajectory dumped to /home/ubuntu/tb21/jobs/tb21c-8x512k-hyd-p1-s7/mteb-leaderboard__CPR5U78/agent/trajectory.json
Parser warnings: - Extra text detected before JSON object
Sending keys: ["cat > /app/render_chars.py << 'PYEOF'\nimport re, math\n\nCO = r'(-?\\d*\\.?\\d+)'\ndef get(code, line):\n    m = re.search(code+CO, line)\n    return float(m.group(1)) if m else None\n\nx=y=z=0.0; mode=None\nsegs0=[]\nwith open('/app/text.gcode') as f:\n    for line in f:\n        line=line.strip()\n        if not line: continue\n        if line.startswith('M486 S0'): mode=0\n        elif line.startswith('M486 S1'): mode=1\n        elif line.startswith('M486 S-1'): mode=None\n        elif line.startswith('G0') or line.startswith('G1'):\n            nx=get('X',line); ny=get('Y',line); nz=get('Z',line); ne=get('E',line)\n            ox,oy=x,y\n            if nx is not None: x=nx\n            if ny is not None: y=ny\n            if nz is not None: z=nz\n            if ne is not None and ne>0 and (nx is not None or ny is not None):\n                if mode==0: segs0.append((ox,oy,x,y))\n\npts=[]\nfor (x0,y0,x1,y1) in segs0:\n    L=math.hypot(x1-x0,y1-y0)\n    n=max(1,int(L/0.03))\n    for i in range(n+1):\n        t=i/n\n        pts.append((x0+(x1-x0)*t, y0+(y1-y0)*t))\nn=len(pts)\nmx=sum(p[0] for p in pts)/n; my=sum(p[1] for p in pts)/n\n\ndef rotate(theta):\n    r=-theta*math.pi/180; cr=math.cos(r); sr=math.sin(r)\n    return [( (px-mx)*cr-(py-my)*sr, (px-mx)*sr+(py-my)*cr ) for (px,py) in pts]\n\nGAPH=0.3  # mm\nfor theta in [22, 202]:\n    rp=rotate(theta)\n    xs=[p[0] for p in rp]; ys=[p[1] for p in rp]\n    minx,maxx=min(xs),max(xs); miny,maxy=min(ys),max(ys)\n    # histogram along x with GAPH bins\n    nb=int((maxx-minx)/GAPH)+1\n    hist=[0]*nb\n    for (px,py) in rp:\n        b=int((px-minx)/GAPH)\n        if b>=nb: b=nb-1\n        hist[b]+=1\n    # find bands\n    bands=[]\n    start=None\n    for b in range(nb):\n        if hist[b]>0 and start is None:\n            start=b\n        elif hist[b]==0 and start is not None:\n            if b-start>=2:  # min 2 bins wide\n                bands.append((start,b))\n            start=None\n    if start is not None:\n        bands.append((start,nb))\n    print(f'===== theta={theta}: {len(bands)} character bands =====')\n    for idx,(b0,b1) in enumerate(bands):\n        x0=minx+b0*GAPH; x1=minx+b1*GAPH\n        sel=[p for p in rp if x0-0.1<=p[0]<=x1+0.1]\n        if not sel: continue\n        sxs=[p[0] for p in sel]; sys=[p[1] for p in sel]\n        a0,a1=min(sxs),max(sxs); c0,c1=min(sys),max(sys)\n        GW=max(8,int((a1-a0)/((c1-c0)+0.001)*40))\n        GH=26\n        grid=[[' ']*GW for _ in range(GH)]\n        for (px,py) in sel:\n            cx=int((px-a0)/(a1-a0+0.001)*(GW-1)); cy=int((py-c0)/(c1-c0+0.001)*(GH-1)); cy=GH-1-cy\n            if 0<=cx<GW and 0<=cy<GH: grid[cy][cx]='#'\n        print(f'--- char {idx} ---')\n        for row in grid: print(''.join(row))\n    print()\nPYEOF\npython3 /app/render_chars.py\n"] min_timeout_sec: 6.0 max_timeout_sec: 180.0
Parser warnings: - Command 1 should end with newline when followed by another command. Otherwise the two commands will be concatenated together on the same line.
Sending keys: ['C-c'] min_timeout_sec: 0.5 max_timeout_sec: 180.0
Sending keys: ['\n'] min_timeout_sec: 0.5 max_timeout_sec: 180.0
Sending keys: ['wc -c /tmp/leaderboard.html\n'] min_timeout_sec: 0.1 max_timeout_sec: 180.0
Sending keys: ['grep -i gradio /tmp/leaderboard.html | head -20\n'] min_timeout_sec: 0.1 max_timeout_sec: 180.0
Sending keys: ['grep -i hf.space /tmp/leaderboard.html | head -20\n'] min_timeout_sec: 0.1 max_timeout_sec: 180.0
Trajectory dumped to /home/ubuntu/tb21/jobs/tb21c-8x512k-hyd-p1-s7/mteb-leaderboard__CPR5U78/agent/trajectory.json
Trajectory dumped to /home/ubuntu/tb21/jobs/tb21c-8x512k-hyd-p1-s7/gcode-to-text__Y4xii2N/agent/trajectory.json
Sending keys: ["wget -qO- --timeout=20 'https://mteb-leaderboard.hf.space/config' -O /tmp/config.json; echo EXIT:$?\n"] min_timeout_sec: 25.0 max_timeout_sec: 180.0
Parser warnings: - Extra text detected before JSON object
Sending keys: ['which tesseract; tesseract --version 2>&1 | head -3\n'] min_timeout_sec: 1.0 max_timeout_sec: 180.0
Sending keys: ['apt-get install -y tesseract-ocr 2>&1 | tail -5\n'] min_timeout_sec: 30.0 max_timeout_sec: 180.0
Sending keys: ['ls -la /tmp/config.json; head -c 300 /tmp/config.json\n'] min_timeout_sec: 0.1 max_timeout_sec: 180.0
Trajectory dumped to /home/ubuntu/tb21/jobs/tb21c-8x512k-hyd-p1-s7/mteb-leaderboard__CPR5U78/agent/trajectory.json
Trajectory dumped to /home/ubuntu/tb21/jobs/tb21c-8x512k-hyd-p1-s7/gcode-to-text__Y4xii2N/agent/trajectory.json
Sending keys: ['cat /tmp/config.json | grep -io \'http[s]*://[^"<> ]*\' | sort -u | head -40\n'] min_timeout_sec: 0.1 max_timeout_sec: 180.0
Sending keys: ['grep -io \'href="[^"]*"\\|src="[^"]*"\' /tmp/config.json | sort -u | head -40\n'] min_timeout_sec: 0.1 max_timeout_sec: 180.0
Sending keys: ["wget -qO- --timeout=20 'https://huggingface.co/spaces/mteb/leaderboard/raw/main/Dockerfile'; echo '---README---'; wget -qO- --timeout=20 'https://huggingface.co/spaces/mteb/leaderboard/raw/main/README.md'\n"] min_timeout_sec: 10.0 max_timeout_sec: 180.0
Sending keys: ["python3 -c 'import mteb; print(mteb.__version__)' 2>&1 | head\n"] min_timeout_sec: 1.0 max_timeout_sec: 180.0
Trajectory dumped to /home/ubuntu/tb21/jobs/tb21c-8x512k-hyd-p1-s7/mteb-leaderboard__CPR5U78/agent/trajectory.json
Sending keys: ["cat > /app/toimg.py << 'PYEOF'\nimport re, math\nfrom PIL import Image, ImageDraw\n\nCO = r'(-?\\d*\\.?\\d+)'\ndef get(code, line):\n    m = re.search(code+CO, line)\n    return float(m.group(1)) if m else None\n\nx=y=z=0.0; mode=None\nsegs0=[]\nwith open('/app/text.gcode') as f:\n    for line in f:\n        line=line.strip()\n        if not line: continue\n        if line.startswith('M486 S0'): mode=0\n        elif line.startswith('M486 S1'): mode=1\n        elif line.startswith('M486 S-1'): mode=None\n        elif line.startswith('G0') or line.startswith('G1'):\n            nx=get('X',line); ny=get('Y',line); nz=get('Z',line); ne=get('E',line)\n            ox,oy=x,y\n            if nx is not None: x=nx\n            if ny is not None: y=ny\n            if nz is not None: z=nz\n            if ne is not None and ne>0 and (nx is not None or ny is not None):\n                if mode==0: segs0.append((ox,oy,x,y))\n\nn=len(pts) if False else None\n# compute center from segments\ntotal=len(segs0)\nxs0=[s[0] for s in segs0]+[s[2] for s in segs0]\nys0=[s[1] for s in segs0]+[s[3] for s in segs0]\nmx=sum(xs0)/len(xs0); my=sum(ys0)/len(ys0)\n\nSC=40  # pixels per mm\nPAD=60\nTHICK=14\n\ndef render(theta, fname):\n    r=-theta*math.pi/180; cr=math.cos(r); sr=math.sin(r)\n    def rot(px,py):\n        dx=px-mx; dy=py-my\n        return (dx*cr-dy*sr, dx*sr+dy*cr)\n    rsegs=[(rot(a,b),rot(c,d)) for (a,b,c,d) in segs0]\n    xs=[p[0] for s in rsegs for p in s]; ys=[p[1] for s in rsegs for p in s]\n    minx,maxx=min(xs),max(xs); miny,maxy=min(ys),max(ys)\n    W=int((maxx-minx)*SC)+2*PAD\n    H=int((maxy-miny)*SC)+2*PAD\n    img=Image.new('L',(W,H),255)\n    dr=ImageDraw.Draw(img)\n    def topx(px,py):\n        return (PAD+(px-minx)*SC, H-PAD-(py-miny)*SC)\n    for (p0,p1) in rsegs:\n        a=topx(*p0); b=topx(*p1)\n        dr.line([a,b],fill=0,width=THICK)\n    img.save(fname)\n    print('saved',fname,W,'x',H)\n\nrender(22,  '/app/text22.png')\nrender(202, '/app/text202.png')\nPYEOF\npython3 /app/toimg.py\n"] min_timeout_sec: 8.0 max_timeout_sec: 180.0
Sending keys: ['echo "=== theta=22 ==="; tesseract /app/text22.png - --psm 7 2>/dev/null\necho "=== theta=202 ==="; tesseract /app/text202.png - --psm 7 2>/dev/null\n'] min_timeout_sec: 8.0 max_timeout_sec: 180.0
Sending keys: ['cd /tmp && for f in B6-U50m9 B9Ruuejt B9rMJHTP C94Pxrjd CGwFU-_G Cv948GTs DB5n5Lnj DWgXc0Hk pM6Uj6IN xihTtKlq; do wget -qO- --timeout=20 "https://mteb-leaderboard.hf.space/_app/immutable/chunks/$f.js" -O "chunk_$f.js"; done; echo done; ls -la chunk_*.js\n'] min_timeout_sec: 20.0 max_timeout_sec: 180.0
Trajectory dumped to /home/ubuntu/tb21/jobs/tb21c-8x512k-hyd-p1-s7/gcode-to-text__Y4xii2N/agent/trajectory.json
Sending keys: ["cd /tmp && grep -rhoE 'https?://[a-zA-Z0-9./_%?=&:-]*' chunk_*.js | sort -u | head -60\n"] min_timeout_sec: 1.0 max_timeout_sec: 180.0
Sending keys: ['cd /tmp && grep -rhoiE \'(scandinavian|benchmark|api/[a-z0-9/_-]+|/api[^" ]*)\' chunk_*.js | sort -u | head -60\n'] min_timeout_sec: 1.0 max_timeout_sec: 180.0
Trajectory dumped to /home/ubuntu/tb21/jobs/tb21c-8x512k-hyd-p1-s7/mteb-leaderboard__CPR5U78/agent/trajectory.json
Parser warnings: - AUTO-CORRECTED: Extracted JSON from mixed content - please fix this in future responses
Sending keys: ["sed -i 's/SC=40/SC=60/; s/THICK=14/THICK=20/' /app/toimg.py\npython3 /app/toimg.py\n"] min_timeout_sec: 10.0 max_timeout_sec: 180.0
Sending keys: ["cd /tmp && grep -rhoiE '(fetch|axios|http|leaderboard-backend|/api/[a-z0-9/_${}.-]+|get_\\w+|\\bGET\\b)' chunk_*.js | sort | uniq -c | sort -rn | head -40\n"] min_timeout_sec: 1.0 max_timeout_sec: 180.0
Sending keys: ['cd /tmp && for f in entry/app.C51QkyIq entry/start.B_7mkCqZ nodes/0.BxT2MiXF; do name=$(echo $f | tr \'/\' \'_\'); wget -qO- --timeout=20 "https://mteb-leaderboard.hf.space/_app/immutable/$f.js" -O "chunk_$name.js"; done; ls -la chunk_entry* chunk_nodes*\n'] min_timeout_sec: 15.0 max_timeout_sec: 180.0
Sending keys: ['echo "psm7:"; tesseract /app/text22.png - --psm 7 2>/dev/null\necho "psm8:"; tesseract /app/text22.png - --psm 8 2>/dev/null\necho "psm13:"; tesseract /app/text22.png - --psm 13 2>/dev/null\n'] min_timeout_sec: 10.0 max_timeout_sec: 180.0
Trajectory dumped to /home/ubuntu/tb21/jobs/tb21c-8x512k-hyd-p1-s7/gcode-to-text__Y4xii2N/agent/trajectory.json
Sending keys: ["wget -qO- --timeout=20 'https://mteb-leaderboard-backend.hf.space/' -O /tmp/backend_root.txt; echo EXIT:$?; wc -c /tmp/backend_root.txt; head -c 500 /tmp/backend_root.txt\n"] min_timeout_sec: 10.0 max_timeout_sec: 180.0
Trajectory dumped to /home/ubuntu/tb21/jobs/tb21c-8x512k-hyd-p1-s7/mteb-leaderboard__CPR5U78/agent/trajectory.json
Sending keys: ["cd /tmp && grep -rhoiE '.{80}leaderboard-backend.{120}' chunk_*.js\n"] min_timeout_sec: 1.0 max_timeout_sec: 180.0
Sending keys: ["cd /tmp && grep -rhoiE '.{60}fetch\\(.{120}' chunk_*.js | head -30\n"] min_timeout_sec: 1.0 max_timeout_sec: 180.0
Trajectory dumped to /home/ubuntu/tb21/jobs/tb21c-8x512k-hyd-p1-s7/mteb-leaderboard__CPR5U78/agent/trajectory.json
Parser warnings: - Extra text detected before JSON object
- Extra text detected after JSON object
Sending keys: ["cd /tmp && grep -rhoiE '\\/v1/[a-z0-9/_${}.-]+' chunk_*.js | sort -u\n"] min_timeout_sec: 1.0 max_timeout_sec: 180.0
Sending keys: ["cd /tmp && grep -rhoiE '.{40}O\\+.{60}' chunk_*.js | head -20\n"] min_timeout_sec: 1.0 max_timeout_sec: 180.0
Sending keys: ['cd /tmp && grep -rhoiE \'(benchmark|language|task|model|date|scand|subset|type|limit|offset|sort|order|q=)["\'`]*[=:]["\'`][a-z0-9_ -]*\' chunk_*.js | sort | uniq -c | head -40\n'] min_timeout_sec: 1.0 max_timeout_sec: 180.0
Trajectory dumped to /home/ubuntu/tb21/jobs/tb21c-8x512k-hyd-p1-s7/mteb-leaderboard__CPR5U78/agent/trajectory.json
Sending keys: ["cat > /app/ascii_full.py << 'PYEOF'\nimport re, math\nCO = r'(-?\\d*\\.?\\d+)'\ndef get(code, line):\n    m = re.search(code+CO, line)\n    return float(m.group(1)) if m else None\nx=y=z=0.0; mode=None\nsegs0=[]\nwith open('/app/text.gcode') as f:\n    for line in f:\n        line=line.strip()\n        if not line: continue\n        if line.startswith('M486 S0'): mode=0\n        elif line.startswith('M486 S1'): mode=1\n        elif line.startswith('M486 S-1'): mode=None\n        elif line.startswith('G0') or line.startswith('G1'):\n            nx=get('X',line); ny=get('Y',line); nz=get('Z',line); ne=get('E',line)\n            ox,oy=x,y\n            if nx is not None: x=nx\n            if ny is not None: y=ny\n            if nz is not None: z=nz\n            if ne is not None and ne>0 and (nx is not None or ny is not None):\n                if mode==0: segs0.append((ox,oy,x,y))\nxs=[s[0] for s in segs0]+[s[2] for s in segs0]; ys=[s[1] for s in segs0]+[s[3] for s in segs0]\nmx=sum(xs)/len(xs); my=sum(ys)/len(ys)\ntheta=22\nr=-theta*math.pi/180; cr=math.cos(r); sr=math.sin(r)\ndef rot(px,py):\n    dx=px-mx; dy=py-my\n    return (dx*cr-dy*sr, dx*sr+dy*cr)\nrsegs=[(rot(a,b),rot(c,d)) for (a,b,c,d) in segs0]\nxs=[p[0] for s in rsegs for p in s]; ys=[p[1] for s in rsegs for p in s]\nminx,maxx=min(xs),max(xs); miny,maxy=min(ys),max(ys)\ndx=maxx-minx; dy=maxy-miny\nW=300; H=44\ngrid=[[' ']*W for _ in range(H)]\nfor (p0,p1) in rsegs:\n    (x0,y0),(x1,y1)=p0,p1\n    L=math.hypot(x1-x0,y1-y0); n=max(1,int(L/0.02))\n    for i in range(n+1):\n        t=i/n; px=x0+(x1-x0)*t; py=y0+(y1-y0)*t\n        cx=int((px-minx)/dx*(W-1)); cy=int((py-miny)/dy*(H-1)); cy=H-1-cy\n        if 0<=cx<W and 0<=cy<H: grid[cy][cx]='#'\nfor row in grid: print(''.join(row))\nPYEOF\npython3 /app/ascii_full.py\n"] min_timeout_sec: 5.0 max_timeout_sec: 180.0
Trajectory dumped to /home/ubuntu/tb21/jobs/tb21c-8x512k-hyd-p1-s7/gcode-to-text__Y4xii2N/agent/trajectory.json
Sending keys: ['cat /app/gates.txt\n'] min_timeout_sec: 0.1 max_timeout_sec: 180.0
Sending keys: ['cd /app && gcc -O2 sim.c -o sim 2>&1 | head -20\n'] min_timeout_sec: 1.0 max_timeout_sec: 180.0
Sending keys: ['./sim 10; ./sim 100; ./sim 7; ./sim 1\n'] min_timeout_sec: 0.5 max_timeout_sec: 180.0
Parser warnings: - Command 1 should end with newline when followed by another command. Otherwise the two commands will be concatenated together on the same line.
Sending keys: ['C-c'] min_timeout_sec: 0.5 max_timeout_sec: 180.0
Trajectory dumped to /home/ubuntu/tb21/jobs/tb21c-8x512k-hyd-p1-s7/circuit-fibsqrt__QQ3GBo8/agent/trajectory.json
Sending keys: ['\n'] min_timeout_sec: 0.5 max_timeout_sec: 180.0
Sending keys: ["cd /tmp && grep -rhoiE 'O\\+`?/?[a-z0-9/_-]+' chunk_*.js | sort -u | head -40\n"] min_timeout_sec: 1.0 max_timeout_sec: 180.0
Sending keys: ['cd /tmp && grep -rhoiE \'(leaderboard|benchmarks|benchmark|results|models|tasks|scores|mean|rank|aggregate)["\'\\x60]?\\b\' chunk_*.js | sort | uniq -c | sort -rn | head -40\n'] min_timeout_sec: 1.0 max_timeout_sec: 180.0
Trajectory dumped to /home/ubuntu/tb21/jobs/tb21c-8x512k-hyd-p1-s7/mteb-leaderboard__CPR5U78/agent/trajectory.json
Sending keys: ['C-c\n'] min_timeout_sec: 0.5 max_timeout_sec: 180.0
Sending keys: ['cd /tmp && for ep in benchmarks benchmark leaderboard results models tasks; do echo "=== /v1/$ep ==="; wget -qO- --timeout=15 "https://mteb-leaderboard-backend.hf.space/v1/$ep" | head -c 400; echo; done\n'] min_timeout_sec: 20.0 max_timeout_sec: 180.0
Parser warnings: - Extra text detected before JSON object
Sending keys: ["cat > /app/bottom.py << 'PYEOF'\nimport re, math\nCO = r'(-?\\d*\\.?\\d+)'\ndef get(code, line):\n    m = re.search(code+CO, line)\n    return float(m.group(1)) if m else None\nx=y=z=0.0; mode=None\nsegs0=[]\nwith open('/app/text.gcode') as f:\n    for line in f:\n        line=line.strip()\n        if not line: continue\n        if line.startswith('M486 S0'): mode=0\n        elif line.startswith('M486 S1'): mode=1\n        elif line.startswith('M486 S-1'): mode=None\n        elif line.startswith('G0') or line.startswith('G1'):\n            nx=get('X',line); ny=get('Y',line); nz=get('Z',line); ne=get('E',line)\n            ox,oy=x,y\n            if nx is not None: x=nx\n            if ny is not None: y=ny\n            if nz is not None: z=nz\n            if ne is not None and ne>0 and (nx is not None or ny is not None):\n                if mode==0: segs0.append((ox,oy,x,y))\nxs=[s[0] for s in segs0]+[s[2] for s in segs0]; ys=[s[1] for s in segs0]+[s[3] for s in segs0]\nmx=sum(xs)/len(xs); my=sum(ys)/len(ys)\nr=-22*math.pi/180; cr=math.cos(r); sr=math.sin(r)\ndef rot(px,py):\n    dx=px-mx; dy=py-my\n    return (dx*cr-dy*sr, dx*sr+dy*cr)\nrsegs=[(rot(a,b),rot(c,d)) for (a,b,c,d) in segs0]\nxs=[p[0] for s in rsegs for p in s]; ys=[p[1] for s in rsegs for p in s]\nminx,maxx=min(xs),max(xs); miny,maxy=min(ys),max(ys)\ndx=maxx-minx; dy=maxy-miny\n# keep only bottom 35% (underscores live at baseline)\ncut=miny+0.35*dy\nW=240; H=12\ngrid=[[' ']*W for _ in range(H)]\nfor (p0,p1) in rsegs:\n    (x0,y0),(x1,y1)=p0,p1\n    L=math.hypot(x1-x0,y1-y0); n=max(1,int(L/0.02))\n    for i in range(n+1):\n        t=i/n; px=x0+(x1-x0)*t; py=y0+(y1-y0)*t\n        if py<cut: continue\n        cx=int((px-minx)/dx*(W-1)); cy=int((py-cut)/(miny+0.35*dy-cut+1e-9)*(H-1)); cy=H-1-cy\n        if 0<=cx<W and 0<=cy<H: grid[cy][cx]='#'\nfor row in grid: print(''.join(row))\nPYEOF\npython3 /app/bottom.py\n"] min_timeout_sec: 5.0 max_timeout_sec: 180.0
Trajectory dumped to /home/ubuntu/tb21/jobs/tb21c-8x512k-hyd-p1-s7/gcode-to-text__Y4xii2N/agent/trajectory.json
Trajectory dumped to /home/ubuntu/tb21/jobs/tb21c-8x512k-hyd-p1-s7/mteb-leaderboard__CPR5U78/agent/trajectory.json
Parser warnings: - Command 1 should end with newline when followed by another command. Otherwise the two commands will be concatenated together on the same line.
- Command 2 should end with newline when followed by another command. Otherwise the two commands will be concatenated together on the same line.
Sending keys: ['C-c'] min_timeout_sec: 0.5 max_timeout_sec: 180.0
Sending keys: ['C-c'] min_timeout_sec: 0.5 max_timeout_sec: 180.0
Sending keys: ['echo READY\n'] min_timeout_sec: 0.5 max_timeout_sec: 180.0
Trajectory dumped to /home/ubuntu/tb21/jobs/tb21c-8x512k-hyd-p1-s7/mteb-leaderboard__CPR5U78/agent/trajectory.json
Sending keys: ['cd /tmp && for ep in "" "health" "info" "benchmarks" "benchmark" "leaderboard" "results" "models" "tasks" "mean" "overview" "summary"; do code=$(wget -q -S -O /tmp/probe.out --timeout=15 "https://mteb-leaderboard-backend.hf.space/v1/$ep" 2>&1 | grep -i \'HTTP/\' | tail -1); sz=$(wc -c < /tmp/probe.out); echo "/v1/$ep -> $code (size $sz)"; done\n'] min_timeout_sec: 30.0 max_timeout_sec: 180.0
Parser warnings: - Extra text detected before JSON object
Sending keys: ["cat > /app/vhist.py << 'PYEOF'\nimport re, math\nCO = r'(-?\\d*\\.?\\d+)'\ndef get(code, line):\n    m = re.search(code+CO, line)\n    return float(m.group(1)) if m else None\nx=y=z=0.0; mode=None\nsegs0=[]\nwith open('/app/text.gcode') as f:\n    for line in f:\n        line=line.strip()\n        if not line: continue\n        if line.startswith('M486 S0'): mode=0\n        elif line.startswith('M486 S1'): mode=1\n        elif line.startswith('M486 S-1'): mode=None\n        elif line.startswith('G0') or line.startswith('G1'):\n            nx=get('X',line); ny=get('Y',line); nz=get('Z',line); ne=get('E',line)\n            ox,oy=x,y\n            if nx is not None: x=nx\n            if ny is not None: y=ny\n            if nz is not None: z=nz\n            if ne is not None and ne>0 and (nx is not None or ny is not None):\n                if mode==0: segs0.append((ox,oy,x,y))\nxs=[s[0] for s in segs0]+[s[2] for s in segs0]; ys=[s[1] for s in segs0]+[s[3] for s in segs0]\nmx=sum(xs)/len(xs); my=sum(ys)/len(ys)\nr=-22*math.pi/180; cr=math.cos(r); sr=math.sin(r)\npts=[]\nfor (a,b,c,d) in segs0:\n    (x0,y0)=rot=None\n    x0=mx+(a-mx)*cr-(b-my)*sr; y0=mx*0+(a-mx)*sr+(b-my)*cr\n    x1=mx+(c-mx)*cr-(d-my)*sr; y1=(c-mx)*sr+(d-my)*cr\n    L=math.hypot(x1-x0,y1-y0); n=max(1,int(L/0.02))\n    for i in range(n+1):\n        t=i/n; pts.append((x0+(x1-x0)*t, y0+(y1-y0)*t))\nys=[p[1] for p in pts]\nminy,maxy=min(ys),max(ys); dy=maxy-miny\nprint('miny',round(miny,2),'maxy',round(maxy,2),'dy',round(dy,2))\nN=24\nhist=[0]*N\nfor (px,py) in pts:\n    b=int((py-miny)/dy*N)\n    if b>=N: b=N-1\n    hist[b]+=1\nfor i in range(N-1,-1,-1):  # top band first\n    frac=(i+1)/N\n    bar='#'*int(hist[i]/max(hist)*50)\n    print(f'y={miny+frac*dy:7.2f} {hist[i]:6d} |{bar}|')\n# x-extent of ink in bottom band\nbot=[p for p in pts if p[1]<miny+0.30*dy]\nprint('points in bottom 30%:', len(bot), 'of', len(pts))\nif bot:\n    bxs=[p[0] for p in bot]\n    print('  bottom-band x range:', round(min(bxs),1), round(max(bxs),1))\nPYEOF\npython3 /app/vhist.py\n"] min_timeout_sec: 6.0 max_timeout_sec: 180.0
Trajectory dumped to /home/ubuntu/tb21/jobs/tb21c-8x512k-hyd-p1-s7/gcode-to-text__Y4xii2N/agent/trajectory.json
Parser warnings: - Extra text detected before JSON object
Sending keys: ["sed -i '/(x0,y0)=rot=None/d' /app/vhist.py\npython3 /app/vhist.py\n"] min_timeout_sec: 6.0 max_timeout_sec: 180.0
Trajectory dumped to /home/ubuntu/tb21/jobs/tb21c-8x512k-hyd-p1-s7/gcode-to-text__Y4xii2N/agent/trajectory.json
Trajectory dumped to /home/ubuntu/tb21/jobs/tb21c-8x512k-hyd-p1-s7/mteb-leaderboard__CPR5U78/agent/trajectory.json
Sending keys: ["cd /tmp && wget -qO- --timeout=20 'https://mteb-leaderboard-backend.hf.space/v1/benchmarks' -O benchmarks.json; echo EXIT:$?; wc -c benchmarks.json\n"] min_timeout_sec: 15.0 max_timeout_sec: 180.0
Sending keys: ['cd /tmp && python3 -c "import json; d=json.load(open(\'benchmarks.json\')); print(type(d)); print(json.dumps(d, indent=1)[:3000]) if not isinstance(d,list) else print(\'LIST len\',len(d)); print(json.dumps(d,indent=1)[:3000])"\n'] min_timeout_sec: 1.0 max_timeout_sec: 180.0
Trajectory dumped to /home/ubuntu/tb21/jobs/tb21c-8x512k-hyd-p1-s7/mteb-leaderboard__CPR5U78/agent/trajectory.json
Sending keys: ['cd /tmp && python3 -c "import json; d=json.load(open(\'benchmarks.json\')); [print(i, b[\'name\'], \'|\', b.get(\'languages\'), \'| tasks:\', len(b[\'tasks\']), \'| models:\', b[\'numModels\']) for i,b in enumerate(d)]"\n'] min_timeout_sec: 1.0 max_timeout_sec: 180.0
Trajectory dumped to /home/ubuntu/tb21/jobs/tb21c-8x512k-hyd-p1-s7/mteb-leaderboard__CPR5U78/agent/trajectory.json
Parser warnings: - Extra text detected before JSON object
Sending keys: ["cat > /app/gaps.py << 'PYEOF'\nimport re, math\nCO = r'(-?\\d*\\.?\\d+)'\ndef get(code, line):\n    m = re.search(code+CO, line)\n    return float(m.group(1)) if m else None\nx=y=z=0.0; mode=None\nsegs0=[]\nwith open('/app/text.gcode') as f:\n    for line in f:\n        line=line.strip()\n        if not line: continue\n        if line.startswith('M486 S0'): mode=0\n        elif line.startswith('M486 S1'): mode=1\n        elif line.startswith('M486 S-1'): mode=None\n        elif line.startswith('G0') or line.startswith('G1'):\n            nx=get('X',line); ny=get('Y',line); nz=get('Z',line); ne=get('E',line)\n            ox,oy=x,y\n            if nx is not None: x=nx\n            if ny is not None: y=ny\n            if nz is not None: z=nz\n            if ne is not None and ne>0 and (nx is not None or ny is not None):\n                if mode==0: segs0.append((ox,oy,x,y))\nxs=[s[0] for s in segs0]+[s[2] for s in segs0]; ys=[s[1] for s in segs0]+[s[3] for s in segs0]\nmx=sum(xs)/len(xs); my=sum(ys)/len(ys)\nr=-22*math.pi/180; cr=math.cos(r); sr=math.sin(r)\npts=[]\nfor (a,b,c,d) in segs0:\n    x0=(a-mx)*cr-(b-my)*sr; y0=(a-mx)*sr+(b-my)*cr\n    x1=(c-mx)*cr-(d-my)*sr; y1=(c-mx)*sr+(d-my)*cr\n    L=math.hypot(x1-x0,y1-y0); n=max(1,int(L/0.02))\n    for i in range(n+1):\n        t=i/n; pts.append((x0+(x1-x0)*t, y0+(y1-y0)*t))\nxs=[p[0] for p in pts]; ys=[p[1] for p in pts]\nminx,maxx=min(xs),max(xs)\ndx=maxx-minx\n# x histogram\nGAP=0.25\nnb=int(dx/GAP)+1\nhist=[0]*nb\nfor (px,py) in pts:\n    b=int((px-minx)/GAP)\n    if b>=nb: b=nb-1\n    hist[b]+=1\n# find empty gaps (bins with 0)\ngaps=[]; s=None\nfor b in range(nb):\n    if hist[b]==0 and s is None: s=b\n    elif hist[b]>0 and s is not None:\n        if b-s>=1: gaps.append((minx+s*GAP, minx+b*GAP))\n        s=None\nif s is not None: gaps.append((minx+s*GAP, maxx))\nprint('Empty x-gaps (mm):')\nfor (a,b) in gaps:\n    print(f'  {a:7.2f} .. {b:7.2f}   width={b-a:.2f}')\n\n# render baseline zone y in [-4.2,-2.0] full width\nylo,yhi=-4.6,-2.0\nW=240; H=14\ngrid=[[' ']*W for _ in range(H)]\nfor (px,py) in pts:\n    if py<ylo or py>yhi: continue\n    cx=int((px-minx)/dx*(W-1)); cy=int((py-ylo)/(yhi-ylo)*(H-1)); cy=H-1-cy\n    if 0<=cx<W and 0<=cy<H: grid[cy][cx]='#'\nprint('Baseline zone (underscores would be horizontal strokes here):')\nfor row in grid: print(''.join(row))\nPYEOF\npython3 /app/gaps.py\n"] min_timeout_sec: 6.0 max_timeout_sec: 180.0
Trajectory dumped to /home/ubuntu/tb21/jobs/tb21c-8x512k-hyd-p1-s7/gcode-to-text__Y4xii2N/agent/trajectory.json
Sending keys: ['cd /tmp && for ep in "scores" "aggregations" "mean_task" "rankings" "leaderboard" "MTEB(Scandinavian, v1)"; do code=$(wget -q -S -O /tmp/p.out --timeout=15 "https://mteb-leaderboard-backend.hf.space/v1/$ep" 2>&1 | grep -i \'HTTP/\' | tail -1); sz=$(wc -c < /tmp/p.out); echo "/v1/$ep -> $code (size $sz)"; done\n'] min_timeout_sec: 30.0 max_timeout_sec: 180.0
Sending keys: ["cd /tmp && grep -rhoiE '.{50}(scores|aggregat|mean_task|benchmark).{80}' chunk_pM6Uj6IN.js chunk_CGwFU-_G.js chunk_DB5n5Lnj.js 2>/dev/null | grep -i 'url\\|fetch\\|\\$\\|path\\|get(' | head -30\n"] min_timeout_sec: 1.0 max_timeout_sec: 180.0
Trajectory dumped to /home/ubuntu/tb21/jobs/tb21c-8x512k-hyd-p1-s7/mteb-leaderboard__CPR5U78/agent/trajectory.json
Sending keys: ["cd /tmp && grep -rhoiE '.{120}rows.{40}' chunk_pM6Uj6IN.js | head -20\n"] min_timeout_sec: 1.0 max_timeout_sec: 180.0
Sending keys: ["cd /tmp && grep -rhoiE '.{60}(meanTask|mean_task|scoresByTaskType).{120}' chunk_*.js | head -20\n"] min_timeout_sec: 1.0 max_timeout_sec: 180.0
Sending keys: ["cd /tmp && grep -rhoiE 'O\\+[^;]{0,80}' chunk_pM6Uj6IN.js | head -40\n"] min_timeout_sec: 1.0 max_timeout_sec: 180.0
Trajectory dumped to /home/ubuntu/tb21/jobs/tb21c-8x512k-hyd-p1-s7/mteb-leaderboard__CPR5U78/agent/trajectory.json
Parser warnings: - Extra text detected before JSON object
Sending keys: ['cat > /app/profile.py << \'PYEOF\'\nimport re, math\nCO = r\'(-?\\d*\\.?\\d+)\'\ndef get(code, line):\n    m = re.search(code+CO, line)\n    return float(m.group(1)) if m else None\nx=y=z=0.0; mode=None\nsegs0=[]\nwith open(\'/app/text.gcode\') as f:\n    for line in f:\n        line=line.strip()\n        if not line: continue\n        if line.startswith(\'M486 S0\'): mode=0\n        elif line.startswith(\'M486 S1\'): mode=1\n        elif line.startswith(\'M486 S-1\'): mode=None\n        elif line.startswith(\'G0\') or line.startswith(\'G1\'):\n            nx=get(\'X\',line); ny=get(\'Y\',line); nz=get(\'Z\',line); ne=get(\'E\',line)\n            ox,oy=x,y\n            if nx is not None: x=nx\n            if ny is not None: y=ny\n            if nz is not None: z=nz\n            if ne is not None and ne>0 and (nx is not None or ny is not None):\n                if mode==0: segs0.append((ox,oy,x,y))\nxs=[s[0] for s in segs0]+[s[2] for s in segs0]; ys=[s[1] for s in segs0]+[s[3] for s in segs0]\nmx=sum(xs)/len(xs); my=sum(ys)/len(ys)\nr=-22*math.pi/180; cr=math.cos(r); sr=math.sin(r)\npts=[]\nfor (a,b,c,d) in segs0:\n    x0=(a-mx)*cr-(b-my)*sr; y0=(a-mx)*sr+(b-my)*cr\n    x1=(c-mx)*cr-(d-my)*sr; y1=(c-mx)*sr+(d-my)*cr\n    L=math.hypot(x1-x0,y1-y0); n=max(1,int(L/0.02))\n    for i in range(n+1):\n        t=i/n; pts.append((x0+(x1-x0)*t, y0+(y1-y0)*t))\nxs=[p[0] for p in pts]\nminx,maxx=min(xs),max(xs); dx=maxx-minx\nN=300\nmid=[0]*N; low=[0]*N\nfor (px,py) in pts:\n    b=int((px-minx)/dx*N)\n    if b>=N: b=N-1\n    if 0.3<=py<=3.6: mid[b]+=1\n    if -4.2<=py<=-2.0: low[b]+=1\n# smooth\nimport statistics\nmsm=[sum(mid[max(0,i-2):i+3])/min(5,N) for i in range(N)]\nls_m=[sum(low[max(0,i-2):i+3])/min(5,N) for i in range(N)]\n# normalize to 0/1 threshold by local pattern: show mid as upper, low as lower\nscale=1.0\nprint(\'   0   1   2   3   4   5   6   7   8   9   A   B   C   D   E   F\')\nline_mid=\'\'; line_low=\'\'\nfor i in range(N):\n    mm=\'M\' if msm[i]>msm_max if False else \'\'\nprint()\n# Print aligned two-line: mid then low using thresholding relative to max\nmidmax=max(mid); lowmax=max(low)\nmth=midmax*0.05; lth=lowmax*0.05\nprint(\'MID \')\nrow=\'\'.join(\'#\' if mid[i]>mth else (\'.\' if low[i]>lth else \' \') for i in range(N))\nprint(row)\nprint(\'LOW\')\nrow=\'\'.join(\'#\' if low[i]>lth else \'.\' for i in range(N))\nprint(row)\n# Find mid-gaps and check low ink there\nprint()\nprint(\'Word-gap analysis (columns where MID is empty):\')\ngaps=[]; s=None\nfor i in range(N):\n    if mid[i]<=mth and s is None: s=i\n    elif mid[i]>mth and s is not None:\n        if i-s>=2: gaps.append((s,i))\n        s=None\nfor (a,b) in gaps:\n    lo_ink=sum(low[a:b])\n    x0=minx+a/N*dx; x1=minx+b/N*dx\n    print(f\'  x={x0:6.1f}..{x1:6.1f}  low_ink={lo_ink:6d}  -> {"UNDERSCORE" if lo_ink>lth*(b-a)*0.4 else "space"}\')\nPYEOF\npython3 /app/profile.py\n'] min_timeout_sec: 6.0 max_timeout_sec: 180.0
Sending keys: ['cd /tmp && grep -rhoiE \'benchmarks/?[^"\\` ]{0,40}\' chunk_*.js | sort -u | head -40\n'] min_timeout_sec: 1.0 max_timeout_sec: 180.0
Trajectory dumped to /home/ubuntu/tb21/jobs/tb21c-8x512k-hyd-p1-s7/gcode-to-text__Y4xii2N/agent/trajectory.json
Sending keys: ["cd /tmp && grep -rhoiE 'encodeURIComponent\\([^)]*\\)' chunk_*.js | sort -u | head -40\n"] min_timeout_sec: 1.0 max_timeout_sec: 180.0
Sending keys: ["cd /tmp && grep -rhoiE '.{30}encodeURIComponent.{120}' chunk_*.js | head -30\n"] min_timeout_sec: 1.0 max_timeout_sec: 180.0
Trajectory dumped to /home/ubuntu/tb21/jobs/tb21c-8x512k-hyd-p1-s7/mteb-leaderboard__CPR5U78/agent/trajectory.json
Sending keys: ["cd /tmp && wget -qO- --timeout=30 'https://mteb-leaderboard-backend.hf.space/v1/benchmarks/MTEB%28Scandinavian%2C%20v1%29/scores' -O scand_scores.json; echo EXIT:$?; wc -c scand_scores.json\n"] min_timeout_sec: 25.0 max_timeout_sec: 180.0
Parser warnings: - Extra text detected before JSON object
Sending keys: ["cat > /app/profile.py << 'PYEOF'\nimport re, math\nCO = r'(-?\\d*\\.?\\d+)'\ndef get(code, line):\n    m = re.search(code+CO, line)\n    return float(m.group(1)) if m else None\nx=y=z=0.0; mode=None\nsegs0=[]\nwith open('/app/text.gcode') as f:\n    for line in f:\n        line=line.strip()\n        if not line: continue\n        if line.startswith('M486 S0'): mode=0\n        elif line.startswith('M486 S1'): mode=1\n        elif line.startswith('M486 S-1'): mode=None\n        elif line.startswith('G0') or line.startswith('G1'):\n            nx=get('X',line); ny=get('Y',line); nz=get('Z',line); ne=get('E',line)\n            ox,oy=x,y\n            if nx is not None: x=nx\n            if ny is not None: y=ny\n            if nz is not None: z=nz\n            if ne is not None and ne>0 and (nx is not None or ny is not None):\n                if mode==0: segs0.append((ox,oy,x,y))\nxs=[s[0] for s in segs0]+[s[2] for s in segs0]; ys=[s[1] for s in segs0]+[s[3] for s in segs0]\nmx=sum(xs)/len(xs); my=sum(ys)/len(ys)\nr=-22*math.pi/180; cr=math.cos(r); sr=math.sin(r)\npts=[]\nfor (a,b,c,d) in segs0:\n    x0=(a-mx)*cr-(b-my)*sr; y0=(a-mx)*sr+(b-my)*cr\n    x1=(c-mx)*cr-(d-my)*sr; y1=(c-mx)*sr+(d-my)*cr\n    L=math.hypot(x1-x0,y1-y0); n=max(1,int(L/0.02))\n    for i in range(n+1):\n        t=i/n; pts.append((x0+(x1-x0)*t, y0+(y1-y0)*t))\nxs=[p[0] for p in pts]\nminx,maxx=min(xs),max(xs); dx=maxx-minx\nN=300\nmid=[0]*N; low=[0]*N\nfor (px,py) in pts:\n    b=int((px-minx)/dx*N)\n    if b>=N: b=N-1\n    if 0.3<=py<=3.6: mid[b]+=1\n    if -4.2<=py<=-2.0: low[b]+=1\nmidmax=max(mid); lowmax=max(low)\nmth=midmax*0.05; lth=lowmax*0.05\nprint('MID ' + ''.join('#' if mid[i]>mth else '.' for i in range(N)))\nprint('LOW ' + ''.join('#' if low[i]>lth else '.' for i in range(N)))\nprint()\nprint('Word-gap analysis (columns where MID is empty):')\ngaps=[]; s=None\nfor i in range(N):\n    if mid[i]<=mth and s is None: s=i\n    elif mid[i]>mth and s is not None:\n        if i-s>=2: gaps.append((s,i))\n        s=None\nfor (a,b) in gaps:\n    lo_ink=sum(low[a:b])\n    x0=minx+a/N*dx; x1=minx+b/N*dx\n    tag='UNDERSCORE' if lo_ink>lth*(b-a)*0.4 else 'space'\n    print(f'  x={x0:6.1f}..{x1:6.1f}  low_ink={lo_ink:6d}  -> {tag}')\nPYEOF\npython3 /app/profile.py\n"] min_timeout_sec: 6.0 max_timeout_sec: 180.0
Trajectory dumped to /home/ubuntu/tb21/jobs/tb21c-8x512k-hyd-p1-s7/gcode-to-text__Y4xii2N/agent/trajectory.json
Sending keys: ['cd /tmp && python3 -c "import json; d=json.load(open(\'scand_scores.json\')); print(\'TYPE\',type(d)); print(\'KEYS\' , d.keys() if isinstance(d,dict) else \'list len \'+str(len(d)))"\n'] min_timeout_sec: 1.0 max_timeout_sec: 180.0
Trajectory dumped to /home/ubuntu/tb21/jobs/tb21c-8x512k-hyd-p1-s7/mteb-leaderboard__CPR5U78/agent/trajectory.json
Sending keys: ['cd /tmp && python3 -c "\nimport json\nd=json.load(open(\'scand_scores.json\'))\nprint(\'benchmarkName\',d[\'benchmarkName\'])\nprint(\'num tasks\',len(d[\'tasks\']))\nprint(\'tasks\',d[\'tasks\'])\nprint(\'aggregations\',d[\'aggregations\'])\nprint(\'showZeroShot\',d[\'showZeroShot\'])\nrows=d[\'rows\']\nprint(\'num rows\',len(rows))\nr0=rows[0]\nprint(\'ROW0 KEYS\',list(r0.keys()))\nprint(json.dumps(r0,indent=1)[:1500])\n"\n'] min_timeout_sec: 1.0 max_timeout_sec: 180.0
Trajectory dumped to /home/ubuntu/tb21/jobs/tb21c-8x512k-hyd-p1-s7/mteb-leaderboard__CPR5U78/agent/trajectory.json
Sending keys: ['cd /tmp && python3 -c "\nimport json\nd=json.load(open(\'scand_scores.json\'))\nr0=d[\'rows\'][0]\nprint(\'scoresByTaskType sample:\'); print(json.dumps(r0[\'scoresByTaskType\'],indent=1)[:600])\nprint(\'---\')\nsbt=r0[\'scoresByTask\']\nprint(\'scoresByTask type\',type(sbt))\nif isinstance(sbt,dict):\n    k=list(sbt.keys())[0]; print(\'first task\',k); print(json.dumps(sbt[k],indent=1)[:800])\nelse:\n    print(json.dumps(sbt[:2],indent=1)[:800])\nprint(\'---trainedOnTasks\', r0[\'trainedOnTasks\'])\n"\n'] min_timeout_sec: 1.0 max_timeout_sec: 180.0
Trajectory dumped to /home/ubuntu/tb21/jobs/tb21c-8x512k-hyd-p1-s7/mteb-leaderboard__CPR5U78/agent/trajectory.json
Parser warnings: - Extra text detected before JSON object
- Extra text detected after JSON object
Sending keys: ['cd /tmp && cat > analyze.py << \'PYEOF\'\nimport json\nd=json.load(open(\'scand_scores.json\'))\nrows=d[\'rows\']\ntasks=d[\'tasks\']\nntask=len(tasks)\nCUT=\'2025-08-31\'\ndef complete(r):\n    sbt=r.get(\'scoresByTask\') or {}\n    return sum(1 for t in tasks if sbt.get(t) is not None)\ncomp=[r for r in rows if complete(r)==ntask]\nprint(\'total rows\',len(rows),\'| complete(all %d tasks)\'%ntask, len(comp))\nprint(\'=== TOP 15 by meanTask among COMPLETE (all time) ===\')\nfor r in sorted(comp,key=lambda x:-(x.get(\'meanTask\') or -1))[:15]:\n    m=r[\'model\']\n    print(f"{r[\'rank\']:>3} {r[\'meanTask\']:.5f}  rel={m.get(\'releaseDate\')}  {m[\'name\']}")\nprint(\'=== TOP 15 by meanTask among COMPLETE released <= %s ===\'%CUT)\ncomp_cut=[r for r in comp if (r[\'model\'].get(\'releaseDate\') or \'0000\')<=CUT]\nfor i,r in enumerate(sorted(comp_cut,key=lambda x:-(x.get(\'meanTask\') or -1))[:15],1):\n    m=r[\'model\']\n    print(f"{i:>3} {r[\'meanTask\']:.5f}  rel={m.get(\'releaseDate\')}  {m[\'name\']}")\nPYEOF\npython3 analyze.py\n'] min_timeout_sec: 2.0 max_timeout_sec: 180.0
Trajectory dumped to /home/ubuntu/tb21/jobs/tb21c-8x512k-hyd-p1-s7/mteb-leaderboard__CPR5U78/agent/trajectory.json
Sending keys: ['cd /tmp && python3 -c "\nimport json\nd=json.load(open(\'scand_scores.json\'))\nrows=d[\'rows\']; tasks=d[\'tasks\']; ntask=len(tasks)\ndef comp(r): \n    sbt=r.get(\'scoresByTask\') or {}\n    return sum(1 for t in tasks if sbt.get(t) is not None)\nfor r in rows:\n    if r[\'model\'][\'name\']==\'Salesforce/SFR-Embedding-2_R\':\n        print(\'FOUND\',r[\'model\'][\'name\'])\n        print(\'  complete tasks:\',comp(r),\'/\',ntask)\n        print(\'  meanTask:\',r[\'meanTask\'])\n        print(\'  releaseDate:\',r[\'model\'].get(\'releaseDate\'))\n        print(\'  leaderboard rank:\',r[\'rank\'])\ncomp=[r for r in rows if comp(r)==ntask]\npre=[r for r in comp if (r[\'model\'].get(\'releaseDate\') or \'0000\')<=\'2025-08-31\']\ntop=sorted(pre,key=lambda x:-(x.get(\'meanTask\') or -1))[0]\nprint(\'TOP pre-2025-08-31 complete:\',top[\'model\'][\'name\'], top[\'meanTask\'])\n"\n'] min_timeout_sec: 1.0 max_timeout_sec: 180.0
Sending keys: ["printf 'Salesforce/SFR-Embedding-2_R\\n' > /app/result.txt\n"] min_timeout_sec: 0.1 max_timeout_sec: 180.0
Sending keys: ['cat /app/result.txt\n'] min_timeout_sec: 0.1 max_timeout_sec: 180.0
Trajectory dumped to /home/ubuntu/tb21/jobs/tb21c-8x512k-hyd-p1-s7/mteb-leaderboard__CPR5U78/agent/trajectory.json
Sending keys: ["cat > /app/words.py << 'PYEOF'\nimport re, math\nfrom PIL import Image, ImageDraw\nCO = r'(-?\\d*\\.?\\d+)'\ndef get(code, line):\n    m = re.search(code+CO, line)\n    return float(m.group(1)) if m else None\nx=y=z=0.0; mode=None\nsegs0=[]\nwith open('/app/text.gcode') as f:\n    for line in f:\n        line=line.strip()\n        if not line: continue\n        if line.startswith('M486 S0'): mode=0\n        elif line.startswith('M486 S1'): mode=1\n        elif line.startswith('M486 S-1'): mode=None\n        elif line.startswith('G0') or line.startswith('G1'):\n            nx=get('X',line); ny=get('Y',line); nz=get('Z',line); ne=get('E',line)\n            ox,oy=x,y\n            if nx is not None: x=nx\n            if ny is not None: y=ny\n            if nz is not None: z=nz\n            if ne is not None and ne>0 and (nx is not None or ny is not None):\n                if mode==0: segs0.append((ox,oy,x,y))\nxs=[s[0] for s in segs0]+[s[2] for s in segs0]; ys=[s[1] for s in segs0]+[s[3] for s in segs0]\nmx=sum(xs)/len(xs); my=sum(ys)/len(ys)\nr=-22*math.pi/180; cr=math.cos(r); sr=math.sin(r)\ndef rot(px,py):\n    dx=px-mx; dy=py-my\n    return (dx*cr-dy*sr, dx*sr+dy*cr)\nrsegs=[(rot(a,b),rot(c,d)) for (a,b,c,d) in segs0]\nSC=70; PAD=40; TH=22\nwords=[('w1', None,-16.3),('w2',-9.4,-0.3),('w3',6.1,None)]\nfor name,xa,xb in words:\n    sel=[s for s in rsegs if (xa is None or min(s[0][0],s[1][0])>=xa-0.2) and (xb is None or max(s[0][0],s[1][0])<=xb+0.2)]\n    wxs=[p[0] for s in sel for p in s]; wys=[p[1] for s in sel for p in s]\n    a0,a1=min(wxs),max(wxs); c0,c1=min(wys),max(wys)\n    W=int((a1-a0)*SC)+2*PAD; H=int((c1-c0)*SC)+2*PAD\n    img=Image.new('L',(W,H),255); dr=ImageDraw.Draw(img)\n    def top(px,py): return (PAD+(px-a0)*SC, H-PAD-(py-c0)*SC)\n    for (p0,p1) in sel:\n        dr.line([top(*p0),top(*p1)],fill=0,width=TH)\n    img.save('/app/'+name+'.png')\n    print('saved',name)\nPYEOF\npython3 /app/words.py\n"] min_timeout_sec: 8.0 max_timeout_sec: 180.0
Sending keys: ['for w in w1 w2 w3; do echo "-- $w --"; tesseract /app/$w.png - --psm 8 2>/dev/null; done\n'] min_timeout_sec: 10.0 max_timeout_sec: 180.0
Sending keys: ['cd /tmp && python3 -c "\nimport json\nd=json.load(open(\'scand_scores.json\'))\nrows=d[\'rows\']; tasks=d[\'tasks\']; ntask=len(tasks)\ndef comp(r):\n    sbt=r.get(\'scoresByTask\') or {}\n    return sum(1 for t in tasks if sbt.get(t) is not None)\ncomp=[r for r in rows if comp(r)==ntask]\nnone_rel=[r for r in comp if r[\'model\'].get(\'releaseDate\') is None]\nprint(\'complete models with NULL releaseDate:\', [(r[\'model\'][\'name\'], round(r[\'meanTask\'],5)) for r in none_rel])\npre=[r for r in comp if r[\'model\'].get(\'releaseDate\') and r[\'model\'][\'releaseDate\']<=\'2025-08-31\']\npre.sort(key=lambda x:-x[\'meanTask\'])\nprint(\'--- TOP 5 with real releaseDate <= 2025-08-31 ---\')\nfor r in pre[:5]:\n    print(round(r[\'meanTask\'],5), r[\'model\'][\'releaseDate\'], r[\'model\'][\'name\'])\n"\n'] min_timeout_sec: 1.0 max_timeout_sec: 180.0
Sending keys: ["echo '--- /app/result.txt ---'; cat /app/result.txt\n"] min_timeout_sec: 0.1 max_timeout_sec: 180.0
Trajectory dumped to /home/ubuntu/tb21/jobs/tb21c-8x512k-hyd-p1-s7/mteb-leaderboard__CPR5U78/agent/trajectory.json
Trajectory dumped to /home/ubuntu/tb21/jobs/tb21c-8x512k-hyd-p1-s7/mteb-leaderboard__CPR5U78/agent/trajectory.json
Trajectory dumped to /home/ubuntu/tb21/jobs/tb21c-8x512k-hyd-p1-s7/gcode-to-text__Y4xii2N/agent/trajectory.json
Parser warnings: - Extra text detected before JSON object
- Extra text detected after JSON object
Trajectory dumped to /home/ubuntu/tb21/jobs/tb21c-8x512k-hyd-p1-s7/mteb-leaderboard__CPR5U78/agent/trajectory.json
Trajectory dumped to /home/ubuntu/tb21/jobs/tb21c-8x512k-hyd-p1-s7/mteb-leaderboard__CPR5U78/agent/trajectory.json
Collecting main service artifacts
Parser warnings: - Command 1: Missing duration field, using default 1.0
Sending keys: ['cat /app/out.txt\n'] min_timeout_sec: 1.0 max_timeout_sec: 180.0
Trajectory dumped to /home/ubuntu/tb21/jobs/tb21c-8x512k-hyd-p1-s7/gcode-to-text__Y4xii2N/agent/trajectory.json
Sending keys: ["printf 'flag{gc0d3 iz ch4LLenGiNg}\\n' > /app/out.txt\n"] min_timeout_sec: 0.5 max_timeout_sec: 180.0
Sending keys: ['cat /app/out.txt\n'] min_timeout_sec: 0.5 max_timeout_sec: 180.0
Trajectory dumped to /home/ubuntu/tb21/jobs/tb21c-8x512k-hyd-p1-s7/gcode-to-text__Y4xii2N/agent/trajectory.json
Trajectory dumped to /home/ubuntu/tb21/jobs/tb21c-8x512k-hyd-p1-s7/gcode-to-text__Y4xii2N/agent/trajectory.json
Collecting main service artifacts
Sending keys: ['cd /app && cat > /tmp/algo.py << \'EOF\'\n# Validate isqrt digit-serial algorithm\ndef isqrt_digit(x, n=16):\n    rem = x\n    r = 0\n    for k in range(n-1, -1, -1):\n        # sub = (r << (k+1)) | (1 << (2k))  (no carry overlap)\n        sub = (r << (k+1)) | (1 << (2*k))\n        if rem >= sub:\n            rem -= sub\n            r |= (1 << k)\n    return r\n\n# Validate fast-doubling\ndef fib_fd(m):\n    A, B = 0, 1  # F(0), F(1)\n    for c in range(16-1, -1, -1):\n        b = (m >> c) & 1\n        # feed\n        if c == 15:\n            Af, Bf = 0, 1\n        else:\n            Af, Bf = A, B\n        d = (Af * ((2*Bf - Af) & 0xFFFFFFFF)) & 0xFFFFFFFF\n        e = (Af*Af + Bf*Bf) & 0xFFFFFFFF\n        if b:\n            A, B = e, (d+e)&0xFFFFFFFF\n        else:\n            A, B = d, e\n    return A\n\nimport math\nok=True\nfor x in range(0, 400):\n    if isqrt_digit(x) != int(math.isqrt(x)):\n        ok=False; print("isqrt mismatch", x, isqrt_digit(x), int(math.isqrt(x)))\nprint("isqrt ok (0..399):", ok)\nok=True\nfor m in range(0, 200):\n    if fib_fd(m) != (pow(1, m) if False else fib(m)): pass\n# reference fib\ndef fib(n):\n    a,b=0,1\n    for _ in range(n): a,b=b,a+b\n    return a\nok=True\nfor m in range(0, 200):\n    if fib_fd(m) != fib(m)&0xFFFFFFFF:\n        ok=False; print("fib mismatch", m, fib_fd(m), fib(m)&0xFFFFFFFF)\nprint("fib_fd ok (0..199):", ok)\nprint("fib(141) mod 2^32 =", fib(141)&0xFFFFFFFF)\nprint("check 208:", fib_fd(isqrt_digit(208)), "expect", fib(isqrt_digit(208))&0xFFFFFFFF)\nprint("check 20000:", fib_fd(isqrt_digit(20000)), "expect", fib(isqrt_digit(20000))&0xFFFFFFFF, "isqrt", isqrt_digit(20000))\nEOF\npython3 /tmp/algo.py\n'] min_timeout_sec: 1.0 max_timeout_sec: 180.0
Trajectory dumped to /home/ubuntu/tb21/jobs/tb21c-8x512k-hyd-p1-s7/circuit-fibsqrt__QQ3GBo8/agent/trajectory.json
Sending keys: ['cd /app && cat > /tmp/algo.py << \'EOF\'\ndef isqrt_digit(x, n=16):\n    rem = x\n    r = 0\n    for k in range(n-1, -1, -1):\n        sub = (r << (k+1)) | (1 << (2*k))\n        if rem >= sub:\n            rem -= sub\n            r |= (1 << k)\n    return r\n\ndef fib_fd(m):\n    A, B = 0, 1\n    for c in range(16-1, -1, -1):\n        b = (m >> c) & 1\n        if c == 15:\n            Af, Bf = 0, 1\n        else:\n            Af, Bf = A, B\n        d = (Af * ((2*Bf - Af) & 0xFFFFFFFF)) & 0xFFFFFFFF\n        e = (Af*Af + Bf*Bf) & 0xFFFFFFFF\n        if b:\n            A, B = e, (d+e)&0xFFFFFFFF\n        else:\n            A, B = d, e\n    return A\n\ndef fib(n):\n    a,b=0,1\n    for _ in range(n): a,b=b,a+b\n    return a\n\nimport math\nok=True\nfor x in range(0, 2000):\n    if isqrt_digit(x) != int(math.isqrt(x)):\n        ok=False; print("isqrt mismatch", x, isqrt_digit(x), int(math.isqrt(x)))\nprint("isqrt ok:", ok)\nok=True\nfor m in range(0, 200):\n    if fib_fd(m) != fib(m)&0xFFFFFFFF:\n        ok=False; print("fib mismatch", m, fib_fd(m), fib(m)&0xFFFFFFFF)\nprint("fib_fd ok:", ok)\nprint("fib(141) mod 2^32 =", fib(141)&0xFFFFFFFF)\nprint("check 208:", fib_fd(isqrt_digit(208)), "expect", fib(isqrt_digit(208))&0xFFFFFFFF, "isqrt", isqrt_digit(208))\nprint("check 20000:", fib_fd(isqrt_digit(20000)), "expect", fib(isqrt_digit(20000))&0xFFFFFFFF, "isqrt", isqrt_digit(20000))\nEOF\npython3 /tmp/algo.py\n'] min_timeout_sec: 1.0 max_timeout_sec: 180.0
Trajectory dumped to /home/ubuntu/tb21/jobs/tb21c-8x512k-hyd-p1-s7/circuit-fibsqrt__QQ3GBo8/agent/trajectory.json
Sending keys: ['cd /app && cat > /tmp/model.py << \'PYEOF\'\nimport re, heapq, sys\n\ndef parse(fname):\n    gates={}; deps={}; maxsig=0\n    for line in open(fname):\n        line=line.rstrip(\'\\n\')\n        m=re.match(r\'out(\\d+) = (.*)\', line)\n        if not m: continue\n        out_idx=int(m.group(1)); op=m.group(2)\n        maxsig=max(maxsig,out_idx)\n        if op==\'0\': gates[out_idx]=(\'c0\',None,None)\n        elif op==\'1\': gates[out_idx]=(\'c1\',None,None)\n        elif op.startswith(\'~out\'):\n            src=int(op[4:]); gates[out_idx]=(\'not\',src,None); deps.setdefault(src,[]).append(out_idx)\n        elif op.startswith(\'out\') and \' \' not in op:\n            src=int(op[3:]); gates[out_idx]=(\'copy\',src,None); deps.setdefault(src,[]).append(out_idx)\n        else:\n            m2=re.match(r\'out(\\d+) (.*) out(\\d+)\', op)\n            s1=int(m2.group(1)); oc=m2.group(2); s2=int(m2.group(3))\n            gates[out_idx]=(oc,s1,s2)\n            deps.setdefault(s1,[]).append(out_idx)\n            deps.setdefault(s2,[]).append(out_idx)\n    return gates, deps, maxsig+1\n\ndef simulate(N, gates, deps, num_signals, steps=32000):\n    values=[0]*num_signals\n    for i in range(32):\n        if i<num_signals: values[i]=(N>>i)&1\n    cur=list(range(num_signals)); heapq.heapify(cur)\n    nxt=[]\n    for step in range(steps):\n        if step>0:\n            cur,nxt=nxt,cur\n            heapq.heapify(nxt)\n            nxt=[]\n        did=[0]*num_signals\n        next_in_queue=[0]*num_signals\n        while cur:\n            sig=heapq.heappop(cur)\n            if did[sig]: continue\n            did[sig]=1\n            t,s1,s2=gates.get(sig,(\'c0\',None,None))\n            old=values[sig]\n            if t==\'c0\': nv=0\n            elif t==\'c1\': nv=1\n            elif t==\'copy\': nv=values[s1]\n            elif t==\'not\': nv=1-values[s1]\n            elif t==\'&\': nv=values[s1]&values[s2]\n            elif t==\'|\': nv=values[s1]|values[s2]\n            elif t==\'^\': nv=values[s1]^values[s2]\n            else: nv=old\n            if nv!=old:\n                values[sig]=nv\n                for dep in deps.get(sig,[]):\n                    if (not did[dep]) and dep>sig:\n                        heapq.heappush(cur,dep)\n                    if not next_in_queue[dep]:\n                        next_in_queue[dep]=1\n                        heapq.heappush(nxt,dep)\n    res=0\n    for i in range(32):\n        if values[num_signals-32+i]: res|=(1<<i)\n    return res\n\nif __name__==\'__main__\':\n    gates,deps,ns=parse(\'/app/gates.txt\')\n    print("num_signals=",ns)\n    for N in [10,100,7,1,0,3,255,1000]:\n        print(N, simulate(N,gates,deps,ns))\nPYEOF\npython3 /tmp/model.py\n'] min_timeout_sec: 1.0 max_timeout_sec: 180.0
Trajectory dumped to /home/ubuntu/tb21/jobs/tb21c-8x512k-hyd-p1-s7/circuit-fibsqrt__QQ3GBo8/agent/trajectory.json
Parser warnings: - Extra text detected before JSON object
Sending keys: ['cd /app && cat > /tmp/cb.py << \'PYEOF\'\nimport sys, re, heapq\n\nclass Cb:\n    def __init__(self):\n        self.lines=[]\n        self.n=32  # next free index (0..31 are inputs)\n    def emit(self, op, out=None):\n        if out is None:\n            out=self.n; self.n+=1\n        self.lines.append(f"out{out} = {op}")\n        return out\n    def c0(self):\n        return self.emit("0")\n    def c1(self):\n        return self.emit("1")\n    def copy(self,a):\n        return self.emit(f"out{a}")\n    def notb(self,a):\n        return self.emit(f"~out{a}")\n    def andb(self,a,b):\n        return self.emit(f"out{a} & out{b}")\n    def orb(self,a,b):\n        return self.emit(f"out{a} | out{b}")\n    def xorb(self,a,b):\n        return self.emit(f"out{a} ^ out{b}")\n    def xor3(self,a,b,c):\n        x=self.xorb(a,b)\n        return self.xorb(x,c)\n    def maj(self,a,b,c):\n        m=self.xorb(a,b)\n        return self.orb(self.andb(a,b), self.andb(c,m))\n    # multi-operand sum of same-column 1-bit signals -> (sumbit, carry_bits for next col)\n    def reduce_col(self, sigs):\n        level=list(sigs)\n        carry=[]\n        while len(level)>3:\n            nxt=[]; i=0\n            while i+3<=len(level):\n                a,b,c=level[i],level[i+1],level[i+2]\n                x=self.xorb(a,b)\n                s=self.xorb(x,c)\n                k=self.orb(self.andb(a,b),self.andb(c,x))\n                nxt.append(s); carry.append(k)\n                i+=3\n            while i<len(level):\n                nxt.append(level[i]); i+=1\n            level=nxt\n        if len(level)==0:\n            sumbit=self.c0()\n        elif len(level)==1:\n            sumbit=level[0]\n        elif len(level)==2:\n            a,b=level\n            sumbit=self.xorb(a,b); carry.append(self.andb(a,b))\n        else:\n            a,b,c=level\n            x=self.xorb(a,b); sumbit=self.xorb(x,c)\n            carry.append(self.orb(self.andb(a,b),self.andb(c,x)))\n        return sumbit, carry\n    def mul(self, A, B, W):\n        # A,B: list of W bit signals; returns low W bits of product\n        cols=[[] for _ in range(W)]\n        for i in range(W):\n            for j in range(W):\n                if i+j<W:\n                    cols[i+j].append(self.andb(A[i],B[j]))\n        carry=[]; res=[None]*W\n        for c in range(W):\n            sumbit,carry=self.reduce_col(cols[c]+carry)\n            res[c]=sumbit\n        return res\n\n    def write(self, fname):\n        open(fname,\'w\').write("\\n".join(self.lines)+"\\n")\n\nif __name__==\'__main__\':\n    import model as M\n    # mul16 test: A=in[0:16], B=in[16:32], out = A*B mod 2^32\n    cb=Cb()\n    for i in range(32):\n        cb.emit(f"out{i}")  # latch inputs\n    A=list(range(0,16))\n    B=list(range(16,32))\n    res=cb.mul(A,B,16)  # 16-bit product\n    # pad to 32-bit output: res[0..15] + 0s\n    out32=res+ [cb.c0() for _ in range(16)]\n    # ensure last 32 signals are these outputs -> emit as final copies\n    # num_signals must be such that last 32 = out32. So emit out32 as the LAST lines.\n    # Rebuild: put latch+mul first, then final 32 copies\n    cb.lines = cb.lines  # already ordered; but out32 must be LAST\n    # out32 signals already created (res + c0s). They are NOT necessarily last because c0s created after? \n    # res created first (16 sigs), then 16 c0s. So out32 = the last 32 created. But inputs latches (32) are first.\n    # num_signals = cb.n. last 32 indices = cb.n-32 .. cb.n-1 = the out32 signals? out32 = res(16)+c0(16)=32 sigs, they were created consecutively at the end. Yes.\n    cb.write(\'/app/gates.txt\')\n    gates,deps,ns=M.parse(\'/app/gates.txt\')\n    print("num_signals=",ns,"lines=",len(cb.lines))\n    ok=True\n    for N in [0,1,2,12345,65535, 0x12345678, 0xFFFFFFFF, 0xAAAA5555, 0x00010001, (0xFFFF,0xFFFF) and 0xFFFFFFFF]:\n        a=N&0xFFFF; b=(N>>16)&0xFFFF\n        exp=(a*b)&0xFFFFFFFF\n        got=M.simulate(N,gates,deps,ns,steps=5)\n        if got!=exp:\n            ok=False; print(f"MUL FAIL N={N} a={a} b={b} exp={exp} got={got}")\n    print("mul16 OK:",ok)\nPYEOF\npython3 /tmp/cb.py\n'] min_timeout_sec: 2.0 max_timeout_sec: 180.0
Trajectory dumped to /home/ubuntu/tb21/jobs/tb21c-8x512k-hyd-p1-s7/circuit-fibsqrt__QQ3GBo8/agent/trajectory.json
Parser warnings: - Extra text detected before JSON object
Sending keys: ['cd /app && cat > /tmp/cb.py << \'PYEOF\'\nimport sys\nsys.path.insert(0,\'/tmp\')\nimport model as M\n\nclass Cb:\n    def __init__(self):\n        self.lines=[]\n        self.n=32\n    def emit(self, op, out=None):\n        if out is None:\n            out=self.n; self.n+=1\n        self.lines.append(f"out{out} = {op}")\n        return out\n    def c0(self):\n        return self.emit("0")\n    def c1(self):\n        return self.emit("1")\n    def copy(self,a):\n        return self.emit(f"out{a}")\n    def notb(self,a):\n        return self.emit(f"~out{a}")\n    def andb(self,a,b):\n        return self.emit(f"out{a} & out{b}")\n    def orb(self,a,b):\n        return self.emit(f"out{a} | out{b}")\n    def xorb(self,a,b):\n        return self.emit(f"out{a} ^ out{b}")\n    def reduce_col(self, sigs):\n        level=list(sigs); carry=[]\n        while len(level)>3:\n            nxt=[]; i=0\n            while i+3<=len(level):\n                a,b,c=level[i],level[i+1],level[i+2]\n                x=self.xorb(a,b)\n                s=self.xorb(x,c)\n                k=self.orb(self.andb(a,b),self.andb(c,x))\n                nxt.append(s); carry.append(k); i+=3\n            while i<len(level):\n                nxt.append(level[i]); i+=1\n            level=nxt\n        if len(level)==0: sumbit=self.c0()\n        elif len(level)==1: sumbit=level[0]\n        elif len(level)==2:\n            a,b=level; sumbit=self.xorb(a,b); carry.append(self.andb(a,b))\n        else:\n            a,b,c=level; x=self.xorb(a,b); sumbit=self.xorb(x,c)\n            carry.append(self.orb(self.andb(a,b),self.andb(c,x)))\n        return sumbit, carry\n    def mul(self, A, B, W):\n        cols=[[] for _ in range(W)]\n        for i in range(W):\n            for j in range(W):\n                if i+j<W:\n                    cols[i+j].append(self.andb(A[i],B[j]))\n        carry=[]; res=[None]*W\n        for c in range(W):\n            sumbit,carry=self.reduce_col(cols[c]+carry)\n            res[c]=sumbit\n        return res\n    def out32(self, bits):\n        # bits: list of 32 bit signals to be the final output\n        self.lines.append("#out")  # placeholder to keep ordering marker (ignored by parser? no!)\n        # remove placeholder\n        self.lines.pop()\n        for b in bits:\n            self.copy(b)\n    def write(self, fname):\n        open(fname,\'w\').write("\\n".join(self.lines)+"\\n")\n\nif __name__==\'__main__\':\n    import random\n    random.seed(1)\n    cb=Cb()\n    for i in range(32):\n        cb.emit(f"out{i}")\n    A=list(range(0,16)); B=list(range(16,32))\n    res=cb.mul(A,B,16)\n    zero=[cb.c0() for _ in range(16)]\n    cb.out32(res+zero)\n    cb.write(\'/app/gates.txt\')\n    gates,deps,ns=M.parse(\'/app/gates.txt\')\n    print("num_signals=",ns,"lines=",len(cb.lines))\n    ok=True\n    tests=list(range(0,10))+[0xFFFFFFFF,0x12345678,0xAAAA5555,0x00010001,0xFFFF0001,0x0001FFFF]\n    tests+=[random.getrandbits(32) for _ in range(50)]\n    for N in tests:\n        a=N&0xFFFF; b=(N>>16)&0xFFFF\n        exp=(a*b)&0xFFFFFFFF\n        got=M.simulate(N,gates,deps,ns,steps=10)\n        if got!=exp:\n            ok=False; print(f"MUL FAIL N={N} a={a} b={b} exp={exp} got={got}")\n    print("mul16 OK:",ok)\nPYEOF\npython3 /tmp/cb.py\n'] min_timeout_sec: 2.0 max_timeout_sec: 180.0
Trajectory dumped to /home/ubuntu/tb21/jobs/tb21c-8x512k-hyd-p1-s7/circuit-fibsqrt__QQ3GBo8/agent/trajectory.json
Parser warnings: - Extra text detected before JSON object
Sending keys: ['cd /app && cat > /tmp/tmul.py << \'PYEOF\'\nimport sys; sys.path.insert(0,\'/tmp\')\nimport model as M\nfrom cb import Cb\nimport random\nrandom.seed(2)\ncb=Cb()\nfor i in range(32): cb.emit(f"out{i}")\nA=list(range(0,16)); B=list(range(16,32))\nres=cb.mul(A,B,16)\nzero=[cb.c0() for _ in range(16)]\nfor b in res+zero: cb.copy(b)\ncb.write(\'/app/gates.txt\')\ng,deps,ns=M.parse(\'/app/gates.txt\')\nprint("ns=",ns)\n# find settling: test a case with increasing steps\nN=0x0001AAAA  # a=0xAAAA, b=0x0001 -> product=0xAAAA\nfor st in [10,20,30,40,50,64]:\n    print("steps",st,"got",M.simulate(N,g,deps,ns,steps=st),"exp",(0xAAAA)&0xFFFFFFFF)\nok=True\nfor N in [random.getrandbits(32) for _ in range(30)]:\n    a=N&0xFFFF; b=(N>>16)&0xFFFF\n    exp=(a*b)&0xFFFFFFFF\n    got=M.simulate(N,g,deps,ns,steps=80)\n    if got!=exp: ok=False; print("FAIL",N,exp,got)\nprint("mul16 (steps=80) OK:",ok)\nPYEOF\npython3 /tmp/tmul.py\n'] min_timeout_sec: 2.0 max_timeout_sec: 180.0
Trajectory dumped to /home/ubuntu/tb21/jobs/tb21c-8x512k-hyd-p1-s7/circuit-fibsqrt__QQ3GBo8/agent/trajectory.json
Parser warnings: - Extra text detected before JSON object
Sending keys: ['cd /app && cat > /tmp/tmul.py << \'PYEOF\'\nimport sys; sys.path.insert(0,\'/tmp\')\nimport model as M\nfrom cb import Cb\nimport random\nrandom.seed(2)\ncb=Cb()\nfor i in range(32): cb.emit(f"out{i}", out=i)  # in-place latch\nA=list(range(0,16)); B=list(range(16,32))\nres=cb.mul(A,B,16)\nzero=[cb.c0() for _ in range(16)]\nfor b in res+zero: cb.copy(b)\ncb.write(\'/app/gates.txt\')\ng,deps,ns=M.parse(\'/app/gates.txt\')\nprint("ns=",ns,"maxdep=",max(len(v) for v in deps.values()) if deps else 0)\nok=True\nfor N in [0,1,2,3,0xFFFFFFFF,0x12345678,0x0001AAAA,0xAAAA0001]+[random.getrandbits(32) for _ in range(40)]:\n    a=N&0xFFFF; b=(N>>16)&0xFFFF\n    exp=(a*b)&0xFFFFFFFF\n    got=M.simulate(N,g,deps,ns,steps=3)\n    if got!=exp: ok=False; print("FAIL",N,exp,got)\nprint("mul16 OK (steps=3):",ok)\nPYEOF\npython3 /tmp/tmul.py\n'] min_timeout_sec: 1.0 max_timeout_sec: 180.0
Trajectory dumped to /home/ubuntu/tb21/jobs/tb21c-8x512k-hyd-p1-s7/circuit-fibsqrt__QQ3GBo8/agent/trajectory.json
Parser warnings: - Extra text detected before JSON object
- Extra text detected after JSON object
Sending keys: ['cd /app && cat > /tmp/cb.py << \'PYEOF\'\nimport sys\nsys.path.insert(0,\'/tmp\')\n\nclass Cb:\n    def __init__(self):\n        self.lines=[]\n        self.n=32\n    def emit(self, op, out=None):\n        if out is None:\n            out=self.n; self.n+=1\n        self.lines.append("out"+str(out)+" = "+op)\n        return out\n    def c0(self):\n        return self.emit("0")\n    def c1(self):\n        return self.emit("1")\n    def copy(self,a):\n        return self.emit("out"+str(a))\n    def notb(self,a):\n        return self.emit("~out"+str(a))\n    def andb(self,a,b):\n        return self.emit("out"+str(a)+" & out"+str(b))\n    def orb(self,a,b):\n        return self.emit("out"+str(a)+" | out"+str(b))\n    def xorb(self,a,b):\n        return self.emit("out"+str(a)+" ^ out"+str(b))\n    def reduce_col(self, sigs):\n        level=list(sigs); carry=[]\n        while len(level)>3:\n            nxt=[]; i=0\n            while i+3<=len(level):\n                a,b,c=level[i],level[i+1],level[i+2]\n                x=self.xorb(a,b); s=self.xorb(x,c)\n                k=self.orb(self.andb(a,b),self.andb(c,x))\n                nxt.append(s); carry.append(k); i+=3\n            while i<len(level):\n                nxt.append(level[i]); i+=1\n            level=nxt\n        if len(level)==0: sumbit=self.c0()\n        elif len(level)==1: sumbit=level[0]\n        elif len(level)==2:\n            a,b=level; sumbit=self.xorb(a,b); carry.append(self.andb(a,b))\n        else:\n            a,b,c=level; x=self.xorb(a,b); sumbit=self.xorb(x,c)\n            carry.append(self.orb(self.andb(a,b),self.andb(c,x)))\n        return sumbit, carry\n    def mul(self, A, B, W):\n        cols=[[] for _ in range(W)]\n        for i in range(W):\n            for j in range(W):\n                if i+j<W:\n                    cols[i+j].append(self.andb(A[i],B[j]))\n        carry=[]; res=[None]*W\n        for c in range(W):\n            sumbit,carry=self.reduce_col(cols[c]+carry)\n            res[c]=sumbit\n        return res\n    def add(self, A, B):\n        n=len(A); res=[]; carry=None\n        for i in range(n):\n            if carry is None:\n                res.append(self.xorb(A[i],B[i])); carry=self.andb(A[i],B[i])\n            else:\n                x=self.xorb(A[i],B[i]); s=self.xorb(x,carry)\n                res.append(s); carry=self.orb(self.andb(A[i],B[i]),self.andb(carry,x))\n        return res\n    def add1(self, A):\n        res=[]; carry=None\n        for i in range(len(A)):\n            if carry is None:\n                res.append(self.notb(A[i])); carry=self.copy(A[i])\n            else:\n                s=self.xorb(A[i],carry); res.append(s); carry=self.andb(A[i],carry)\n        return res\n    def mux(self, cond, a, b):\n        out=[]\n        nc=self.notb(cond)\n        for i in range(len(a)):\n            t1=self.andb(cond,a[i]); t2=self.andb(nc,b[i])\n            out.append(self.orb(t1,t2))\n        return out\n    def eq0(self, bits):\n        acc=None\n        for c in bits:\n            acc = c if acc is None else self.orb(acc,c)\n        return self.notb(acc)\n    def write(self, fname):\n        open(fname,\'w\').write("\\n".join(self.lines)+"\\n")\nPYEOF\necho done\n'] min_timeout_sec: 0.5 max_timeout_sec: 180.0
Trajectory dumped to /home/ubuntu/tb21/jobs/tb21c-8x512k-hyd-p1-s7/circuit-fibsqrt__QQ3GBo8/agent/trajectory.json
Parser warnings: - Extra text detected before JSON object
Sending keys: ['cd /app && cat > /tmp/tclock.py << \'PYEOF\'\nimport sys; sys.path.insert(0,\'/tmp\')\nimport model as M\nfrom cb import Cb\ncb=Cb()\nfor i in range(32): cb.emit("out"+str(i), out=i)  # in-place latch inputs\nS=list(range(32,36)); C=list(range(36,39))\nN=cb.add1(S)          # combinational N=S+1\nCadd=cb.add1(C)       # combinational C+1\nc0bit=cb.eq0(C)       # C==0\nMUX=cb.mux(c0bit, N, S)  # C==0? N : S\nfor i in range(4):\n    cb.emit("out"+str(MUX[i]), out=S[i])   # S <- MUX\nfor i in range(3):\n    cb.emit("out"+str(Cadd[i]), out=C[i])  # C <- Cadd\nfor i in range(4): cb.copy(S[i])\nfor i in range(28): cb.c0()\ncb.write(\'/app/gates.txt\')\ng,deps,ns=M.parse(\'/app/gates.txt\')\nprint("ns=",ns)\nfor K in range(0,32):\n    print(K, M.simulate(0,g,deps,ns,steps=K))\nPYEOF\npython3 /tmp/tclock.py\n'] min_timeout_sec: 1.0 max_timeout_sec: 180.0
Trajectory dumped to /home/ubuntu/tb21/jobs/tb21c-8x512k-hyd-p1-s7/circuit-fibsqrt__QQ3GBo8/agent/trajectory.json
Parser warnings: - Extra text detected before JSON object
Sending keys: ['cd /app && cat > /tmp/tclock.py << \'PYEOF\'\nimport sys; sys.path.insert(0,\'/tmp\')\nimport model as M\nfrom cb import Cb\ncb=Cb()\nfor i in range(32): cb.emit("out"+str(i), out=i)  # in-place latch inputs\nS=list(range(32,36)); C=list(range(36,39))\nN=cb.add1(S)\nCadd=cb.add1(C)\nc0bit=cb.eq0(C)\nMUX=cb.mux(c0bit, N, S)\nfor i in range(4):\n    cb.emit("out"+str(MUX[i]), out=S[i])\nfor i in range(3):\n    cb.emit("out"+str(Cadd[i]), out=C[i])\n# output: C in bits 0-2, S in bits 3-6\nfor i in range(3): cb.copy(C[i])\nfor i in range(4): cb.copy(S[i])\nfor i in range(25): cb.c0()\ncb.write(\'/app/gates.txt\')\ng,deps,ns=M.parse(\'/app/gates.txt\')\nprint("ns=",ns)\nfor K in range(0,20):\n    val=M.simulate(0,g,deps,ns,steps=K)\n    Cv=val&7; Sv=(val>>3)&15\n    print(f"K={K:2d} val={val} C={Cv} S={Sv}")\nPYEOF\npython3 /tmp/tclock.py\n'] min_timeout_sec: 1.0 max_timeout_sec: 180.0
Trajectory dumped to /home/ubuntu/tb21/jobs/tb21c-8x512k-hyd-p1-s7/circuit-fibsqrt__QQ3GBo8/agent/trajectory.json
Parser warnings: - Extra text detected before JSON object
Sending keys: ['cd /app && cat > /tmp/tcal.py << \'PYEOF\'\nimport sys; sys.path.insert(0,\'/tmp\')\nimport model as M\nfrom cb import Cb\n\ndef build_mul(W):\n    cb=Cb()\n    for i in range(32): cb.emit("out"+str(i), out=i)\n    # A = input[0:W], B = input[W:2W]  (use lower 2W inputs)\n    A=list(range(0,W)); B=list(range(W,2*W))\n    res=cb.mul(A,B,W)  # W-bit product\n    for i in range(W):\n        if i<len(res): cb.copy(res[i])\n        else: cb.c0()\n    for i in range(W): cb.c0()\n    return cb\n\ndef settle_test(W, N):\n    cb=build_mul(W)\n    cb.write(\'/app/gates.txt\')\n    g,deps,ns=M.parse(\'/app/gates.txt\')\n    a=N&( (1<<W)-1); b=(N>>W)&((1<<W)-1)\n    exp=(a*b)&((1<<W)-1)\n    last=None; settle=None\n    for st in range(1,2500):\n        got=M.simulate(N,g,deps,ns,steps=st)\n        if got==exp and settle is None:\n            # check it stays\n            settle=st\n        if got!=exp and settle is not None:\n            settle=None  # destabilized\n    print(f"W={W} a={a} b={b} exp={exp} firstsettle={settle}")\n\nsettle_test(16, 0xAAAA)\nsettle_test(16, 0xFFFF)\nsettle_test(32, 0x12345678)\nsettle_test(32, 0xFFFFFFFF)\nPYEOF\npython3 /tmp/tcal.py\n'] min_timeout_sec: 20.0 max_timeout_sec: 180.0
Trajectory dumped to /home/ubuntu/tb21/jobs/tb21c-8x512k-hyd-p1-s7/circuit-fibsqrt__QQ3GBo8/agent/trajectory.json
Parser warnings: - Extra text detected before JSON object
Sending keys: ['cd /app && cat > /tmp/tcal.py << \'PYEOF\'\nimport sys; sys.path.insert(0,\'/tmp\')\nimport model as M\nfrom cb import Cb\n\ndef build_mul(W):\n    cb=Cb()\n    for i in range(32): cb.emit("out"+str(i), out=i)\n    A=list(range(0,W)); B=list(range(W,2*W))\n    res=cb.mul(A,B,W)\n    for i in range(W):\n        cb.copy(res[i])\n    for i in range(W): cb.c0()\n    return cb\n\ndef settle_test(W, a, b):\n    cb=build_mul(W); cb.write(\'/app/gates.txt\')\n    g,deps,ns=M.parse(\'/app/gates.txt\')\n    N=a | (b<<W)\n    exp=(a*b)&((1<<W)-1)\n    settle=None\n    for st in range(1,3000):\n        got=M.simulate(N,g,deps,ns,steps=st)\n        if got==exp:\n            settle=st; break\n    # verify stable a bit longer\n    stable=settle\n    for st in range(settle+1, settle+20):\n        if M.simulate(N,g,deps,ns,steps=st)!=exp:\n            stable=None; break\n    print(f"W={W} a={a} b={b} exp={exp} firstsettle={settle} stable={stable}")\n\nsettle_test(16, 0xAAAA, 0x5555)\nsettle_test(16, 0xFFFF, 0xFFFF)\nsettle_test(16, 0x1234, 0xABCD)\nsettle_test(32, 0x12345678, 0x9ABCDEF0)\nsettle_test(32, 0xFFFFFFFF, 0xFFFFFFFF)\nPYEOF\npython3 /tmp/tcal.py\n'] min_timeout_sec: 60.0 max_timeout_sec: 180.0
Trajectory dumped to /home/ubuntu/tb21/jobs/tb21c-8x512k-hyd-p1-s7/circuit-fibsqrt__QQ3GBo8/agent/trajectory.json
Parser warnings: - Extra text detected before JSON object
Sending keys: ['cd /app && cat > /tmp/tmul32.py << \'PYEOF\'\nimport sys; sys.path.insert(0,\'/tmp\')\nimport model as M\nfrom cb import Cb\n\ncb=Cb()\nfor i in range(32): cb.emit("out"+str(i), out=i)  # in-place latch inputs\n# A = input[0:32]\nA=list(range(0,32))\n# B = constant 0x12345678 (32 bits) at 32..63\nbconst=0x12345678\nB=[]\nfor i in range(32):\n    if (bconst>>i)&1: B.append(cb.c1())\n    else: B.append(cb.c0())\nres=cb.mul(A,B,32)\nfor i in range(32): cb.copy(res[i])\nfor i in range(32): cb.c0()\ncb.write(\'/app/gates.txt\')\ng,deps,ns=M.parse(\'/app/gates.txt\')\nprint("ns=",ns,"lines=",len(cb.lines))\nimport random\nok=True\nfor a in [0,1,2,0xFFFFFFFF,0x12345678,0xAAAAAAAA,0x55555555]+[random.getrandbits(32) for _ in range(20)]:\n    exp=(a*bconst)&0xFFFFFFFF\n    for st in [1,2,3,4,5]:\n        got=M.simulate(a,g,deps,ns,steps=st)\n        tag=f"st{st}"\n        if got!=exp:\n            ok=False; print(f"FAIL a={a} {tag} exp={exp} got={got}")\n        else:\n            print(f"ok a={a} st={st} val={got}")\nprint("32x32 const-mul settle: OK" if ok else "FAIL")\nPYEOF\npython3 /tmp/tmul32.py 2>&1 | tail -40\n'] min_timeout_sec: 30.0 max_timeout_sec: 180.0
Trajectory dumped to /home/ubuntu/tb21/jobs/tb21c-8x512k-hyd-p1-s7/circuit-fibsqrt__QQ3GBo8/agent/trajectory.json
Parser warnings: - Extra text detected before JSON object
Sending keys: ['cd /app && cat > /tmp/tmul32.py << \'PYEOF\'\nimport sys; sys.path.insert(0,\'/tmp\')\nimport model as M\nfrom cb import Cb\n\ncb=Cb()\nfor i in range(32): cb.emit("out"+str(i), out=i)  # in-place latch inputs\nA=list(range(0,32))\nbconst=0x12345678\nB=[]\nfor i in range(32):\n    B.append(cb.c1() if (bconst>>i)&1 else cb.c0())\nres=cb.mul(A,B,32)  # 32-bit product\nfor i in range(32): cb.copy(res[i])  # last 32 signals = product\ncb.write(\'/app/gates.txt\')\ng,deps,ns=M.parse(\'/app/gates.txt\')\nprint("ns=",ns,"lines=",len(cb.lines))\nimport random\nrandom.seed(3)\nok=True\nfor a in [0,1,2,0xFFFFFFFF,0x12345678,0xAAAAAAAA]+[random.getrandbits(32) for _ in range(30)]:\n    exp=(a*bconst)&0xFFFFFFFF\n    got=M.simulate(a,g,deps,ns,steps=1)\n    if got!=exp:\n        ok=False; print(f"FAIL a={a} exp={exp} got={got}")\nprint("32x32 const-mul settle(steps=1):", "OK" if ok else "FAIL")\nPYEOF\npython3 /tmp/tmul32.py\n'] min_timeout_sec: 30.0 max_timeout_sec: 180.0
Trajectory dumped to /home/ubuntu/tb21/jobs/tb21c-8x512k-hyd-p1-s7/circuit-fibsqrt__QQ3GBo8/agent/trajectory.json
Parser warnings: - Extra text detected before JSON object
Sending keys: ['cd /app && cat > /tmp/gen_isqrt.py << \'PYEOF\'\nimport sys; sys.path.insert(0,\'/tmp\')\nfrom cb import Cb\n\ncb=Cb()\nfor i in range(32): cb.emit("out"+str(i), out=i)  # latch inputs\n\nrem=[cb.copy(i) for i in range(32)]\nr=[cb.c0() for _ in range(16)]\n\nfor k in range(15,-1,-1):\n    sub=[]\n    for j in range(32):\n        bits=[]\n        if j>=k+1:\n            bits.append(r[j-(k+1)])\n        if j==2*k:\n            bits.append(cb.c1())\n        if not bits: sub.append(cb.c0())\n        elif len(bits)==1: sub.append(bits[0])\n        else: sub.append(cb.orb(bits[0],bits[1]))\n    # eq = AND_j (rem[j]==sub[j])\n    eq=cb.c1()\n    for j in range(32):\n        neq=cb.xorb(rem[j],sub[j])\n        eq=cb.andb(eq,cb.notb(neq))\n    # gt = rem>sub\n    gt=cb.c0(); high_eq=cb.c1()\n    for j in range(31,-1,-1):\n        dh=cb.andb(rem[j],cb.notb(sub[j]))\n        term=cb.andb(dh,high_eq)\n        gt=cb.orb(gt,term)\n        neq=cb.xorb(rem[j],sub[j])\n        high_eq=cb.andb(high_eq,cb.notb(neq))\n    ge=cb.orb(eq,gt)\n    diff=cb.sub(rem,sub)\n    rem=[cb.sel1(ge,diff[j],rem[j]) for j in range(32)]\n    r=[]\n    for j in range(16):\n        if j==k: r.append(cb.orb(r[j],ge))\n        else: r.append(cb.copy(r[j]))\nm=r\n# output m (16 bits) + 16 zeros\nfor j in range(16): cb.copy(m[j])\nfor j in range(16): cb.c0()\ncb.write(\'/app/gates.txt\')\nprint("lines=",len(cb.lines),"ns=",cb.n)\nPYEOF\npython3 /tmp/gen_isqrt.py\n'] min_timeout_sec: 1.0 max_timeout_sec: 180.0
Trajectory dumped to /home/ubuntu/tb21/jobs/tb21c-8x512k-hyd-p1-s7/circuit-fibsqrt__QQ3GBo8/agent/trajectory.json
Parser warnings: - Extra text detected before JSON object
Sending keys: ["cd /app && cat >> /tmp/cb.py << 'PYEOF'\n\n# add sub method\nimport types\ndef _sub(self, A, B):\n    n=len(A); nb=[self.notb(b) for b in B]\n    res=[]; carry=None\n    for i in range(n):\n        if i==0:\n            x=self.xorb(A[i],nb[i]); s=self.xorb(x,self.c1())\n            res.append(s); carry=self.orb(A[i],nb[i])\n        else:\n            x=self.xorb(A[i],nb[i]); s=self.xorb(x,carry)\n            res.append(s); carry=self.orb(self.andb(A[i],nb[i]),self.andb(carry,x))\n    return res\nCb.sub=_sub\nPYEOF\npython3 /tmp/gen_isqrt.py\n"] min_timeout_sec: 1.0 max_timeout_sec: 180.0
Trajectory dumped to /home/ubuntu/tb21/jobs/tb21c-8x512k-hyd-p1-s7/circuit-fibsqrt__QQ3GBo8/agent/trajectory.json
Parser warnings: - Extra text detected before JSON object
Sending keys: ['cd /app && cat > /tmp/cb.py << \'PYEOF\'\nimport sys\nsys.path.insert(0,\'/tmp\')\n\nclass Cb:\n    def __init__(self):\n        self.lines=[]\n        self.n=32\n    def emit(self, op, out=None):\n        if out is None:\n            out=self.n; self.n+=1\n        self.lines.append("out"+str(out)+" = "+op)\n        return out\n    def c0(self):\n        return self.emit("0")\n    def c1(self):\n        return self.emit("1")\n    def copy(self,a):\n        return self.emit("out"+str(a))\n    def notb(self,a):\n        return self.emit("~out"+str(a))\n    def andb(self,a,b):\n        return self.emit("out"+str(a)+" & out"+str(b))\n    def orb(self,a,b):\n        return self.emit("out"+str(a)+" | out"+str(b))\n    def xorb(self,a,b):\n        return self.emit("out"+str(a)+" ^ out"+str(b))\n    def reduce_col(self, sigs):\n        level=list(sigs); carry=[]\n        while len(level)>3:\n            nxt=[]; i=0\n            while i+3<=len(level):\n                a,b,c=level[i],level[i+1],level[i+2]\n                x=self.xorb(a,b); s=self.xorb(x,c)\n                k=self.orb(self.andb(a,b),self.andb(c,x))\n                nxt.append(s); carry.append(k); i+=3\n            while i<len(level):\n                nxt.append(level[i]); i+=1\n            level=nxt\n        if len(level)==0: sumbit=self.c0()\n        elif len(level)==1: sumbit=level[0]\n        elif len(level)==2:\n            a,b=level; sumbit=self.xorb(a,b); carry.append(self.andb(a,b))\n        else:\n            a,b,c=level; x=self.xorb(a,b); sumbit=self.xorb(x,c)\n            carry.append(self.orb(self.andb(a,b),self.andb(c,x)))\n        return sumbit, carry\n    def mul(self, A, B, W):\n        cols=[[] for _ in range(W)]\n        for i in range(W):\n            for j in range(W):\n                if i+j<W:\n                    cols[i+j].append(self.andb(A[i],B[j]))\n        carry=[]; res=[None]*W\n        for c in range(W):\n            sumbit,carry=self.reduce_col(cols[c]+carry)\n            res[c]=sumbit\n        return res\n    def add(self, A, B):\n        n=len(A); res=[]; carry=None\n        for i in range(n):\n            if carry is None:\n                res.append(self.xorb(A[i],B[i])); carry=self.andb(A[i],B[i])\n            else:\n                x=self.xorb(A[i],B[i]); s=self.xorb(x,carry)\n                res.append(s); carry=self.orb(self.andb(A[i],B[i]),self.andb(carry,x))\n        return res\n    def sub(self, A, B):\n        n=len(A); nb=[self.notb(b) for b in B]\n        res=[]; carry=self.c1()\n        for i in range(n):\n            x=self.xorb(A[i],nb[i]); s=self.xorb(x,carry)\n            res.append(s); carry=self.orb(self.andb(A[i],nb[i]),self.andb(carry,x))\n        return res\n    def add1(self, A):\n        res=[]; carry=None\n        for i in range(len(A)):\n            if carry is None:\n                res.append(self.notb(A[i])); carry=self.copy(A[i])\n            else:\n                s=self.xorb(A[i],carry); res.append(s); carry=self.andb(A[i],carry)\n        return res\n    def mux(self, cond, a, b):\n        out=[]; nc=self.notb(cond)\n        for i in range(len(a)):\n            t1=self.andb(cond,a[i]); t2=self.andb(nc,b[i])\n            out.append(self.orb(t1,t2))\n        return out\n    def sel1(self, cond, a, b):\n        nc=self.notb(cond)\n        t1=self.andb(cond,a); t2=self.andb(nc,b)\n        return self.orb(t1,t2)\n    def eq0(self, bits):\n        acc=None\n        for c in bits:\n            acc = c if acc is None else self.orb(acc,c)\n        return self.notb(acc)\n    def write(self, fname):\n        open(fname,\'w\').write("\\n".join(self.lines)+"\\n")\nPYEOF\necho rewrote\ncd /app && python3 /tmp/gen_isqrt.py\n'] min_timeout_sec: 1.0 max_timeout_sec: 180.0
Trajectory dumped to /home/ubuntu/tb21/jobs/tb21c-8x512k-hyd-p1-s7/circuit-fibsqrt__QQ3GBo8/agent/trajectory.json
Trajectory dumped to /home/ubuntu/tb21/jobs/tb21c-8x512k-hyd-p1-s7/circuit-fibsqrt__QQ3GBo8/agent/trajectory.json
Trial circuit-fibsqrt__QQ3GBo8 cancelled
Collecting main service artifacts
